代码,名称,最新价,涨跌额,涨跌幅,买入,卖出,昨收,今开,最高,最低,成交量,成交额,时间戳
920000,安徽凤凰,19.92,-0.17,-0.846,19.92,19.93,20.09,20.15,20.22,19.89,900101.0,17969476.0,13:14:32
920001,纬达光电,19.92,-0.74,-3.582,19.91,19.93,20.66,20.55,20.7,19.92,1410871.0,28445116.0,13:14:32
920002,万达轴承,106.33,-2.52,-2.315,106.33,106.49,108.85,109.56,110.54,106.17,575706.0,62181727.0,13:14:32
920003,中诚咨询,33.75,-0.53,-1.546,33.71,33.75,34.28,34.28,34.28,33.63,645107.0,21827464.0,13:14:32
920005,鼎佳精密,42.47,-0.35,-0.817,42.35,42.47,42.82,42.86,43.12,41.99,390313.0,16515620.0,13:14:32
920006,晟楠科技,27.41,-1.04,-3.656,27.41,27.42,28.45,28.45,28.67,27.41,1732222.0,48132819.0,13:14:32
920007,酉立智能,73.93,-6.52,-8.104,73.93,74.01,80.45,77.13,79.0,73.28,1919750.0,144381632.0,13:14:32
920008,成电光信,31.86,-0.79,-2.42,31.86,31.87,32.65,32.78,32.92,31.83,875711.0,28147119.0,13:14:32
920009,丹娜生物,87.19,7.01,8.743,87.19,87.46,80.18,80.63,87.99,80.51,1325490.0,111627023.0,13:14:32
920010,凯添燃气,12.86,0.01,0.078,12.86,12.87,12.85,12.99,13.23,12.77,9339332.0,121439289.0,13:14:32
920014,特瑞斯,14.16,-0.44,-3.014,14.16,14.2,14.6,14.47,14.96,13.85,9174098.0,130872431.0,13:14:32
920015,锦华新材,55.17,-2.12,-3.7,55.17,55.19,57.29,56.95,57.46,54.89,1575661.0,87898256.0,13:14:32
920016,中草香料,20.36,-0.05,-0.245,20.36,20.39,20.41,20.44,20.44,20.09,631162.0,12779847.0,13:14:32
920017,星昊医药,20.34,0.46,2.314,20.34,20.35,19.88,19.9,20.4,19.71,3954311.0,79491485.0,13:14:32
920018,宏远股份,30.14,-0.35,-1.148,30.14,30.22,30.49,30.5,30.92,30.11,2084881.0,63899349.0,13:14:32
920019,铜冠矿建,25.47,4.02,18.741,25.46,25.47,21.45,21.79,26.86,21.78,17405136.0,424949341.0,13:14:32
920020,泰凯英,17.39,-0.16,-0.912,17.39,17.42,17.55,17.56,17.65,17.35,1307780.0,22865720.0,13:14:32
920021,流金科技,11.7,-0.78,-6.25,11.69,11.7,12.48,12.31,12.9,11.48,44301199.0,531251573.0,13:14:32
920022,世昌股份,31.08,-0.75,-2.356,31.08,31.19,31.83,31.63,31.71,30.96,1158529.0,36301260.0,13:14:32
920023,田野股份,4.65,-0.11,-2.311,4.65,4.66,4.76,4.76,4.76,4.64,9920599.0,46404280.0,13:14:32
920026,卓兆点胶,39.7,-1.5,-3.641,39.69,39.7,41.2,41.16,41.45,39.68,982256.0,39437437.0,13:14:32
920027,交大铁发,23.22,-0.41,-1.735,23.2,23.22,23.63,23.79,23.79,23.13,715260.0,16730750.0,13:14:32
920029,开发科技,90.62,-0.66,-0.723,90.61,90.69,91.28,91.53,91.8,90.33,531492.0,48243086.0,13:14:32
920030,德众汽车,7.07,-0.13,-1.806,7.06,7.07,7.2,7.18,7.25,7.06,2879312.0,20499868.0,13:14:32
920033,康普化学,20.34,0.83,4.254,20.32,20.34,19.51,19.77,20.93,19.35,2942693.0,59692207.0,13:14:32
920035,精创电气,40.89,0.07,0.171,40.89,40.93,40.82,41.2,41.2,40.37,501215.0,20396180.0,13:14:32
920037,广信科技,95.2,-2.59,-2.649,95.11,95.2,97.79,97.02,99.53,95.05,1169218.0,114097573.0,13:14:32
920039,国义招标,12.35,-0.3,-2.372,12.36,12.4,12.65,12.66,12.76,12.35,1398306.0,17504829.0,13:14:32
920045,蘅东光,320.65,4.66,1.475,321.0,321.2,315.99,316.5,325.55,314.01,748327.0,239047009.0,13:14:32
920046,亿能电力,29.03,1.43,5.181,29.01,29.02,27.6,26.45,31.9,26.1,13355802.0,392189386.0,13:14:32
920047,诺思兰德,22.7,0.31,1.385,22.67,22.7,22.39,22.28,22.83,22.03,2376678.0,53609452.0,13:14:32
920050,爱舍伦,39.19,0.13,0.333,39.13,39.17,39.06,39.01,39.45,38.1,2880216.0,111396276.0,13:14:32
920056,能之光,29.32,-1.13,-3.711,29.32,29.59,30.45,29.9,31.94,29.07,5519884.0,165729052.0,13:14:32
920057,百甲科技,7.06,-0.35,-4.723,7.06,7.07,7.41,7.34,7.35,7.06,4857802.0,34745614.0,13:14:32
920058,华洋赛车,34.01,-0.79,-2.27,34.01,34.04,34.8,34.71,34.97,34.0,251891.0,8633162.0,13:14:32
920060,万源通,33.81,-0.79,-2.283,33.77,33.8,34.6,34.25,34.81,33.73,2334320.0,79827168.0,13:14:32
920061,西磁科技,31.23,-0.16,-0.51,31.22,31.32,31.39,31.75,32.0,31.0,793872.0,25057729.0,13:14:32
920062,科润智控,12.33,0.11,0.9,12.33,12.35,12.22,12.56,13.07,12.3,12871206.0,163836361.0,13:14:32
920066,科拜尔,26.28,-0.38,-1.425,26.3,26.36,26.66,26.76,26.76,26.27,316382.0,8368128.0,13:14:32
920068,天工股份,20.29,-0.13,-0.637,20.29,20.3,20.42,20.59,21.43,20.09,8274660.0,172668313.0,13:14:32
920075,柏星龙,28.16,-1.24,-4.218,28.15,28.16,29.4,29.3,29.33,28.11,1109550.0,31803328.0,13:14:32
920076,国亮新材,28.99,-0.61,-2.061,28.88,28.99,29.6,29.23,31.55,28.5,8251560.0,245277194.0,13:14:32
920077,吉林碳谷,18.8,-0.61,-3.143,18.79,18.8,19.41,19.65,20.23,18.78,15283821.0,298883624.0,13:14:32
920080,奥美森,28.61,-0.19,-0.66,28.62,28.65,28.8,28.89,29.09,28.55,787437.0,22634102.0,13:14:32
920082,方正阀门,18.6,0.19,1.032,18.6,18.61,18.41,18.5,18.98,18.2,1453112.0,26953850.0,13:14:32
920086,科马材料,37.5,-0.95,-2.471,37.49,37.5,38.45,38.7,38.97,37.42,2681075.0,101694400.0,13:14:32
920087,秋乐种业,17.5,0.34,1.981,17.47,17.5,17.16,17.05,17.68,16.93,6342665.0,110026293.0,13:14:32
920088,科力股份,42.66,4.0,10.347,42.62,42.66,38.66,39.99,44.4,39.03,8671972.0,360329231.0,13:14:32
920089,禾昌聚合,20.89,-0.41,-1.925,20.91,20.93,21.3,21.48,21.48,20.73,2115734.0,44401838.0,13:14:32
920090,同辉信息,7.22,-0.35,-4.624,7.22,7.23,7.57,7.55,7.58,7.2,8847111.0,65044668.0,13:14:32
920091,大鹏工业,84.91,-6.1,-6.703,84.9,84.91,91.01,90.47,90.99,84.78,2186056.0,190232245.0,13:14:32
920092,汉鑫科技,41.6,-3.08,-6.893,41.6,41.82,44.68,44.0,44.68,41.4,2414613.0,102917246.0,13:14:32
920098,科隆新材,30.54,-1.09,-3.446,30.53,30.54,31.63,31.5,31.83,30.5,1233531.0,38157027.0,13:14:32
920099,瑞华技术,36.95,1.03,2.867,36.95,37.01,35.92,36.0,37.47,36.0,1281918.0,47212432.0,13:14:32
920100,三协电机,68.72,-2.89,-4.036,68.66,68.72,71.61,71.99,72.79,68.32,1663405.0,116564215.0,13:14:32
920101,志高机械,42.2,0.5,1.199,42.2,42.25,41.7,41.83,42.44,41.75,726513.0,30560101.0,13:14:32
920106,林泰新材,79.29,-1.86,-2.292,79.3,79.37,81.15,81.8,81.8,79.29,632623.0,50503493.0,13:14:32
920108,宏海科技,14.4,-0.06,-0.415,14.4,14.41,14.46,14.49,14.59,14.22,1461227.0,21068661.0,13:14:32
920110,雷特科技,38.39,-0.79,-2.016,38.28,38.44,39.18,39.18,39.41,38.19,286280.0,11014229.0,13:14:32
920111,聚星科技,25.08,-0.22,-0.87,25.06,25.08,25.3,25.31,25.42,24.87,1665864.0,41666867.0,13:14:32
920112,巴兰仕,38.76,-0.24,-0.615,38.71,38.77,39.0,39.19,39.19,38.7,250916.0,9742421.0,13:14:32
920116,星图测控,117.17,-12.09,-9.353,117.17,117.18,129.26,126.0,126.04,116.01,6450822.0,775232755.0,13:14:32
920118,太湖远大,24.44,-0.38,-1.531,24.42,24.48,24.82,25.07,25.12,24.44,664454.0,16385617.0,13:14:32
920121,江天科技,44.8,0.02,0.045,44.8,44.88,44.78,44.7,44.99,44.38,478855.0,21329177.0,13:14:32
920122,中纺标,35.77,-0.12,-0.334,35.76,35.77,35.89,35.94,36.26,35.65,575562.0,20685823.0,13:14:32
920123,芭薇股份,15.71,-0.37,-2.301,15.71,15.73,16.08,16.18,16.18,15.63,1177701.0,18585275.0,13:14:32
920124,南特科技,19.24,-0.01,-0.052,19.22,19.24,19.25,19.23,19.35,19.03,2814002.0,53809621.0,13:14:32
920128,胜业电气,29.2,-0.79,-2.634,29.19,29.2,29.99,30.1,30.18,29.08,827478.0,24448056.0,13:14:32
920130,立方控股,25.93,-0.99,-3.678,25.93,26.05,26.92,27.03,27.19,25.8,1723108.0,45500462.0,13:14:32
920132,泰鹏智能,17.42,-0.26,-1.471,17.42,17.43,17.68,17.86,17.88,17.32,2058011.0,36130123.0,13:14:32
920139,华岭股份,23.03,-1.82,-7.324,23.02,23.03,24.85,24.0,24.5,23.0,10852379.0,256512627.0,13:14:32
920145,恒合股份,19.5,-0.5,-2.5,19.43,19.5,20.0,20.14,20.14,19.33,876894.0,17312277.0,13:14:32
920146,华阳变速,8.95,-0.2,-2.186,8.94,8.95,9.15,9.15,9.24,8.93,2066126.0,18615491.0,13:14:32
920149,旭杰科技,12.91,-0.3,-2.271,12.91,12.95,13.21,13.19,13.6,12.91,2263909.0,29970710.0,13:14:32
920152,昆工科技,26.79,-0.11,-0.409,26.73,26.77,26.9,26.99,28.87,26.58,2716080.0,75259527.0,13:14:32
920158,长江能科,17.14,0.26,1.54,17.14,17.15,16.88,16.72,17.6,16.61,3735347.0,63765754.0,13:14:32
920160,北矿检测,28.44,0.75,2.709,28.44,28.47,27.69,27.9,29.78,27.84,4879963.0,141213048.0,13:14:32
920163,方大新材,15.77,-0.25,-1.561,15.71,15.77,16.02,15.9,16.0,15.53,1051990.0,16488612.0,13:14:32
920167,同享科技,19.0,-1.12,-5.567,18.98,19.0,20.12,19.9,20.1,19.0,5394768.0,104867396.0,13:14:32
920169,七丰精工,38.57,-2.53,-6.156,38.55,38.62,41.1,40.36,40.47,38.41,5698090.0,223998007.0,13:14:32
920171,志晟信息,22.98,-0.61,-2.586,22.98,23.0,23.59,23.74,23.74,22.98,1654257.0,38550804.0,13:14:32
920174,五新隧装,48.36,-0.85,-1.727,48.36,48.37,49.21,48.87,49.2,48.36,1099632.0,53472091.0,13:14:32
920175,东方碳素,12.28,-0.23,-1.839,12.28,12.29,12.51,12.57,12.66,12.23,1268084.0,15682775.0,13:14:32
920179,凯德石英,50.91,-2.7,-5.036,50.92,51.19,53.61,53.08,53.56,50.88,2818726.0,146491652.0,13:14:32
920184,国源科技,20.72,0.02,0.097,20.7,20.72,20.7,20.7,21.39,20.05,4631030.0,96253728.0,13:14:32
920185,贝特瑞,32.32,-0.23,-0.707,32.27,32.32,32.55,32.85,33.05,32.11,5957910.0,193914989.0,13:14:32
920190,雷神科技,27.3,-2.06,-7.016,27.28,27.3,29.36,28.6,29.0,27.28,3681053.0,102766005.0,13:14:32
920195,三祥科技,22.53,-0.43,-1.873,22.53,22.54,22.96,23.04,23.07,22.53,1187523.0,26911280.0,13:14:32
920198,微创光电,10.65,-0.3,-2.74,10.65,10.66,10.95,11.01,11.04,10.61,3697288.0,39747802.0,13:14:32
920199,倍益康,43.49,-3.03,-6.513,43.49,43.5,46.52,45.12,46.0,43.0,2593513.0,115176795.0,13:14:32
920204,沪江材料,19.02,-0.26,-1.349,18.89,19.02,19.28,19.28,19.59,18.85,1126347.0,21454564.0,13:14:32
920207,众诚科技,30.69,-2.61,-7.838,30.69,30.7,33.3,33.99,33.99,30.4,6184457.0,195913067.0,13:14:32
920208,青矩技术,26.03,-0.53,-1.995,26.03,26.09,26.56,26.82,26.82,26.0,1068633.0,27931422.0,13:14:32
920212,智新电子,14.42,-0.41,-2.765,14.39,14.41,14.83,14.85,14.87,14.34,855742.0,12432504.0,13:14:32
920221,易实精密,17.37,-0.37,-2.086,17.37,17.39,17.74,17.87,17.87,17.37,807394.0,14155316.0,13:14:32
920223,荣亿精密,21.42,-0.68,-3.077,21.38,21.42,22.1,22.01,22.22,21.33,2960991.0,64049914.0,13:14:32
920225,利通科技,32.55,-1.43,-4.208,32.55,32.56,33.98,34.15,35.77,32.55,2419886.0,82987621.0,13:14:32
920227,美登科技,79.0,-7.83,-9.018,78.97,79.0,86.83,85.47,85.47,78.6,1965916.0,159835089.0,13:14:32
920230,欧康医药,14.35,0.69,5.051,14.28,14.35,13.66,13.7,14.59,13.54,3205625.0,45282253.0,13:14:32
920237,力佳科技,25.87,-0.7,-2.635,25.82,25.86,26.57,26.85,26.86,25.81,1245806.0,32514694.0,13:14:32
920239,长虹能源,33.33,-0.57,-1.681,33.33,33.34,33.9,34.06,34.2,33.25,1854531.0,62354628.0,13:14:32
920242,建邦科技,30.76,-0.62,-1.976,30.76,30.77,31.38,31.42,31.42,30.68,341914.0,10599334.0,13:14:32
920245,威博液压,29.98,-0.27,-0.893,29.98,30.0,30.25,30.28,30.65,29.98,396870.0,12038917.0,13:14:32
920247,华密新材,26.85,-1.57,-5.524,26.85,26.93,28.42,28.35,28.37,26.84,2807763.0,77499666.0,13:14:32
920249,利尔达,14.53,-0.44,-2.939,14.53,14.54,14.97,14.93,15.03,14.51,5820035.0,85984413.0,13:14:32
920252,天宏锂电,32.32,-1.48,-4.379,32.32,32.34,33.8,33.76,33.99,32.24,3745661.0,123688823.0,13:14:32
920260,中寰股份,11.81,-0.1,-0.84,11.81,11.85,11.91,12.04,12.04,11.75,1424028.0,16880282.0,13:14:32
920261,一诺威,16.68,0.38,2.331,16.68,16.69,16.3,16.44,17.2,16.22,7285642.0,122310327.0,13:14:32
920262,太湖雪,25.72,0.32,1.26,25.72,25.77,25.4,26.88,28.0,25.72,2325003.0,61815056.0,13:14:32
920263,中航泰达,13.62,-0.12,-0.873,13.61,13.62,13.74,13.88,13.92,13.6,859704.0,11811778.0,13:14:32
920266,生物谷,9.83,0.31,3.256,9.8,9.82,9.52,9.56,10.0,9.44,3184290.0,31080848.0,13:14:32
920267,鑫汇科,24.65,-0.87,-3.409,24.65,24.68,25.52,25.28,25.5,24.65,766245.0,19105188.0,13:14:32
920270,天铭科技,19.8,-1.3,-6.161,19.8,19.82,21.1,21.55,21.98,19.7,3454977.0,71177630.0,13:14:32
920271,邦德股份,16.85,-0.33,-1.921,16.84,16.85,17.18,17.18,17.19,16.81,530024.0,8968600.0,13:14:32
920273,一致魔芋,33.35,-0.82,-2.4,33.35,33.42,34.17,34.05,34.2,33.35,1220257.0,41224174.0,13:14:32
920274,宏裕包材,27.39,-0.49,-1.758,27.29,27.39,27.88,27.75,27.94,27.21,1092525.0,30041316.0,13:14:32
920275,驱动力,9.72,0.04,0.413,9.69,9.7,9.68,9.84,9.84,9.44,1712284.0,16408430.0,13:14:32
920278,鹿得医疗,10.3,0.27,2.692,10.26,10.3,10.03,10.03,10.34,9.87,6032077.0,61181850.0,13:14:32
920284,灵鸽科技,38.96,-1.22,-3.036,38.96,39.0,40.18,40.22,41.29,38.88,2473022.0,98961001.0,13:14:32
920299,灿能电力,25.99,0.49,1.922,25.92,25.95,25.5,25.12,26.99,24.61,7393530.0,192993621.0,13:14:32
920300,辰光医疗,15.85,-0.3,-1.858,15.84,15.85,16.15,16.2,16.29,15.66,1807102.0,28750432.0,13:14:32
920304,迪尔化工,14.82,-0.18,-1.2,14.81,14.86,15.0,14.9,15.4,14.55,6862277.0,102502991.0,13:14:32
920305,*ST云创,10.16,-0.11,-1.071,10.15,10.16,10.27,10.17,10.27,10.14,1369884.0,13929215.0,13:14:32
920339,恒太照明,9.96,-0.07,-0.698,9.94,9.96,10.03,10.03,10.04,9.86,610762.0,6066810.0,13:14:32
920344,三元基因,27.18,1.35,5.226,27.17,27.18,25.83,26.0,28.0,25.7,3438244.0,92861866.0,13:14:32
920346,威贸电子,25.96,-0.56,-2.112,25.97,26.07,26.52,26.8,26.85,25.95,829492.0,21762759.0,13:14:32
920351,华光源海,22.89,-0.1,-0.435,22.89,22.91,22.99,23.25,23.26,22.6,1280353.0,29256312.0,13:14:32
920357,雅葆轩,24.76,-0.42,-1.668,24.74,24.76,25.18,25.21,25.27,24.72,590437.0,14725575.0,13:14:32
920363,莱赛激光,20.21,-1.2,-5.605,20.15,20.21,21.41,21.2,21.3,20.12,2783957.0,57457737.0,13:14:32
920367,新赣江,27.48,3.16,12.993,27.45,27.48,24.32,26.02,28.11,24.8,7133201.0,188357075.0,13:14:32
920368,连城数控,52.3,5.14,10.899,52.1,52.3,47.16,52.0,55.98,50.0,26915055.0,1417343732.0,13:14:32
920370,新安洁,4.4,-0.09,-2.004,4.4,4.41,4.49,4.54,4.54,4.37,3404249.0,15064331.0,13:14:32
920371,欧福蛋业,10.96,-0.11,-0.994,10.92,10.97,11.07,11.05,11.09,10.87,2967276.0,32455659.0,13:14:32
920374,云里物里,26.12,-0.94,-3.474,26.13,26.19,27.06,26.96,27.22,26.1,907252.0,24233008.0,13:14:32
920375,派诺科技,15.2,0.19,1.266,15.2,15.28,15.01,15.15,15.81,15.1,2687700.0,41066042.0,13:14:32
920378,泰德股份,10.51,-0.16,-1.5,10.51,10.52,10.67,10.64,10.71,10.45,1125697.0,11871161.0,13:14:32
920392,佳合科技,26.56,-0.19,-0.71,26.56,26.58,26.75,26.88,26.96,26.43,589266.0,15703099.0,13:14:32
920394,民士达,61.14,-1.96,-3.106,61.07,61.14,63.1,62.47,63.0,59.0,3472810.0,211478614.0,13:14:32
920395,朗鸿科技,12.2,-0.19,-1.533,12.21,12.22,12.39,12.45,12.45,12.14,1450527.0,17716558.0,13:14:32
920396,常辅股份,35.21,-1.45,-3.955,35.23,35.28,36.66,36.2,36.38,35.21,2116144.0,75899165.0,13:14:32
920402,硅烷科技,11.08,-0.23,-2.034,11.08,11.1,11.31,11.34,11.38,11.0,5154327.0,57407643.0,13:14:32
920403,康农种业,25.79,0.46,1.816,25.7,25.79,25.33,25.23,26.05,24.8,2793560.0,71470924.0,13:14:32
920405,海希通讯,29.5,0.25,0.855,29.36,29.5,29.25,29.24,30.31,28.99,3385886.0,100768237.0,13:14:32
920407,驰诚股份,25.07,-1.12,-4.276,25.05,25.07,26.19,26.31,26.45,25.0,1873198.0,47732758.0,13:14:32
920414,欧普泰,18.2,0.99,5.752,18.2,18.23,17.21,19.2,21.87,18.0,23454215.0,463203551.0,13:14:32
920415,恒拓开源,15.29,-0.55,-3.472,15.27,15.3,15.84,15.76,15.84,15.2,3003274.0,46371935.0,13:14:32
920418,苏轴股份,29.98,-0.5,-1.64,29.95,29.98,30.48,30.48,30.68,29.86,2991947.0,90129499.0,13:14:32
920419,路斯股份,16.77,-0.21,-1.237,16.77,16.8,16.98,16.98,17.12,16.77,790752.0,13358487.0,13:14:32
920422,润普食品,13.9,-0.07,-0.501,13.84,13.89,13.97,13.98,14.04,13.72,1665824.0,23084407.0,13:14:32
920425,乐创技术,22.06,-0.68,-2.99,22.05,22.09,22.74,22.72,22.88,22.02,902364.0,20071846.0,13:14:32
920427,华维设计,16.72,-5.78,-25.689,16.78,16.79,22.5,20.5,21.44,16.7,14388767.0,266428234.0,13:14:32
920429,康比特,16.11,-0.55,-3.301,16.1,16.12,16.66,16.63,16.63,16.1,1442056.0,23430599.0,13:14:32
920433,大唐药业,6.46,0.23,3.692,6.45,6.47,6.23,6.25,6.55,6.24,4519078.0,29017924.0,13:14:32
920436,大地电气,17.85,-0.25,-1.381,17.86,17.88,18.1,18.1,18.1,17.73,718053.0,12822465.0,13:14:32
920438,戈碧迦,41.02,-0.51,-1.228,41.02,41.04,41.53,39.99,43.23,39.58,6465250.0,269394154.0,13:14:32
920445,龙竹科技,11.62,-0.23,-1.941,11.61,11.63,11.85,11.9,11.91,11.61,2255071.0,26431441.0,13:14:32
920454,同心传动,17.04,-0.35,-2.013,17.0,17.06,17.39,17.32,17.41,17.0,714351.0,12227997.0,13:14:32
920455,汇隆活塞,9.38,-0.29,-2.999,9.37,9.39,9.67,9.66,9.66,9.31,3943276.0,37136555.0,13:14:32
920469,富恒新材,12.3,-0.3,-2.381,12.23,12.3,12.6,12.58,12.66,12.21,1946876.0,24195787.0,13:14:32
920471,美邦科技,18.74,0.8,4.459,18.74,18.75,17.94,17.77,20.5,17.13,10159641.0,192632785.0,13:14:32
920475,三友科技,17.76,-0.55,-3.004,17.75,17.76,18.31,18.4,18.4,17.66,744051.0,13348617.0,13:14:32
920476,海能技术,25.77,-1.0,-3.736,25.77,25.82,26.77,27.05,27.05,25.75,2613775.0,68091203.0,13:14:32
920478,峆一药业,20.8,0.65,3.226,20.77,20.8,20.15,20.26,20.86,20.08,2194408.0,44807478.0,13:14:32
920489,佳先股份,18.77,-1.02,-5.154,18.75,18.77,19.79,19.71,19.75,18.75,4609488.0,88591029.0,13:14:32
920491,奥迪威,28.63,-1.25,-4.183,28.63,28.65,29.88,29.84,29.84,28.61,2806697.0,81803473.0,13:14:32
920493,并行科技,163.7,9.46,6.133,163.7,163.87,154.24,161.0,176.0,158.78,4063557.0,678183180.0,13:14:32
920496,许昌智能,11.33,-0.16,-1.393,11.33,11.35,11.49,11.56,11.68,11.32,6155994.0,70995702.0,13:14:32
920504,博迅生物,27.37,0.29,1.071,27.13,27.33,27.08,27.15,27.4,26.52,651167.0,17552054.0,13:14:32
920505,九菱科技,51.62,0.93,1.835,51.62,51.66,50.69,50.91,53.48,50.51,2563190.0,134203881.0,13:14:32
920508,殷图网联,24.7,-0.78,-3.061,24.67,24.7,25.48,25.42,25.45,24.7,618232.0,15454587.0,13:14:32
920509,同惠电子,37.58,-1.3,-3.344,37.57,37.58,38.88,38.78,39.24,37.5,2675408.0,101817179.0,13:14:32
920510,丰光精密,19.28,-0.71,-3.552,19.25,19.28,19.99,20.05,20.14,19.2,2812462.0,54982537.0,13:14:32
920519,万德股份,13.15,-0.18,-1.35,13.15,13.2,13.33,13.39,13.43,13.07,730361.0,9647312.0,13:14:32
920522,纳科诺尔,75.21,-0.53,-0.7,75.2,75.21,75.74,76.0,77.7,73.55,5319388.0,403303166.0,13:14:32
920523,德瑞锂电,27.62,-0.19,-0.683,27.59,27.62,27.81,27.98,28.26,27.58,1962975.0,54790397.0,13:14:32
920526,凯华材料,26.2,-0.94,-3.464,26.2,26.24,27.14,26.95,27.25,26.1,1338455.0,35518519.0,13:14:32
920527,夜光明,18.5,-0.35,-1.857,18.5,18.51,18.85,18.7,18.77,18.5,634486.0,11816194.0,13:14:32
920533,骏创科技,29.07,-1.38,-4.532,29.07,29.09,30.45,30.5,30.62,29.0,1769783.0,52614420.0,13:14:32
920541,铁大科技,14.27,-0.23,-1.586,14.26,14.27,14.5,14.53,14.53,14.2,1307996.0,18722540.0,13:14:32
920547,无锡晶海,25.66,0.38,1.503,25.66,25.67,25.28,25.28,25.78,24.89,1090122.0,27733118.0,13:14:32
920553,凯腾精工,10.79,-0.35,-3.142,10.79,10.8,11.14,11.14,11.16,10.78,1690788.0,18423366.0,13:14:32
920556,雅达股份,11.22,-0.2,-1.751,11.21,11.22,11.42,11.48,11.66,11.2,4916266.0,56038301.0,13:14:32
920564,天润科技,30.0,-2.12,-6.6,30.0,30.01,32.12,33.0,33.05,30.0,3210014.0,99787220.0,13:14:32
920566,梓橦宫,12.18,0.18,1.5,12.16,12.17,12.0,12.02,12.19,11.9,3221308.0,38951357.0,13:14:32
920570,坤博精工,38.2,-2.16,-5.352,38.2,38.3,40.36,39.78,40.36,38.05,1650376.0,64381363.0,13:14:32
920571,国航远洋,10.12,0.26,2.637,10.12,10.13,9.86,9.86,10.21,9.77,20342930.0,203814975.0,13:14:32
920575,康乐卫士,11.98,2.02,20.281,11.98,11.99,9.96,10.0,12.2,10.0,23035321.0,259724793.0,13:14:32
920576,天力复合,100.1,-9.5,-8.668,100.1,100.19,109.6,106.4,109.53,100.0,5087179.0,523200398.0,13:14:32
920578,巨能股份,25.88,-0.89,-3.325,25.85,25.88,26.77,26.68,26.87,25.81,694322.0,18263507.0,13:14:32
920579,机科股份,25.4,-0.97,-3.678,25.39,25.4,26.37,26.19,26.45,25.36,1559229.0,40096365.0,13:14:32
920580,科创新材,15.68,-0.53,-3.27,15.63,15.68,16.21,16.2,16.2,15.61,1872490.0,29764370.0,13:14:32
920592,华信永道,40.87,-0.83,-1.99,40.86,40.87,41.7,41.99,41.99,40.85,1371753.0,56597455.0,13:14:32
920593,鼎智科技,34.78,-0.71,-2.001,34.77,34.78,35.49,35.8,36.16,34.74,2109954.0,74422621.0,13:14:32
920599,同力股份,21.1,-0.25,-1.171,21.09,21.1,21.35,21.35,21.45,20.98,3266281.0,69115040.0,13:14:32
920608,丰安股份,20.1,-0.15,-0.741,20.1,20.18,20.25,20.24,20.41,20.04,339992.0,6857444.0,13:14:32
920627,力王股份,23.82,-0.93,-3.758,23.82,23.84,24.75,24.9,24.91,23.81,1563876.0,37880098.0,13:14:32
920634,新威凌,32.9,4.23,14.754,32.9,33.0,28.67,29.7,35.99,29.51,8336613.0,282408658.0,13:14:32
920639,晨光电缆,8.91,-0.06,-0.669,8.91,8.92,8.97,8.97,9.02,8.85,3661956.0,32613441.0,13:14:32
920640,富士达,45.02,-3.78,-7.746,45.02,45.03,48.8,48.75,48.75,44.66,8269816.0,380658406.0,13:14:32
920641,格利尔,20.8,-1.0,-4.587,20.75,20.8,21.8,21.83,21.89,20.71,2097824.0,44464711.0,13:14:32
920642,通易航天,16.31,-0.88,-5.119,16.3,16.31,17.19,17.1,17.16,16.31,4341067.0,72301588.0,13:14:32
920651,天罡股份,39.35,-0.56,-1.403,39.35,39.42,39.91,40.22,40.22,39.08,255005.0,10030777.0,13:14:32
920656,海昇药业,18.49,0.33,1.817,18.49,18.5,18.16,18.19,18.5,17.94,907021.0,16545445.0,13:14:32
920662,方盛股份,28.14,-0.88,-3.032,28.14,28.18,29.02,29.43,29.45,28.11,718679.0,20552384.0,13:14:32
920663,明阳科技,18.32,-0.36,-1.927,18.32,18.4,18.68,18.8,18.8,18.31,598118.0,11046606.0,13:14:32
920665,科强股份,15.17,-0.95,-5.893,15.13,15.16,16.12,16.19,16.6,15.1,7018641.0,109312886.0,13:14:32
920670,数字人,18.79,-0.95,-4.813,18.79,18.8,19.74,19.85,19.87,18.72,4233800.0,81104803.0,13:14:32
920675,秉扬科技,11.37,0.45,4.121,11.37,11.39,10.92,10.88,11.68,10.81,8651964.0,97555710.0,13:14:32
920679,前进科技,21.48,-0.23,-1.059,21.48,21.54,21.71,21.67,21.9,21.4,311177.0,6718146.0,13:14:32
920682,球冠电缆,10.1,-0.4,-3.81,10.1,10.11,10.5,10.5,10.51,10.1,9729588.0,100015103.0,13:14:32
920685,新芝生物,16.06,0.58,3.747,16.03,16.05,15.48,15.44,16.09,15.3,2022363.0,31599237.0,13:14:32
920689,克莱特,32.83,-0.48,-1.441,32.76,32.84,33.31,33.33,33.8,32.76,845071.0,28053353.0,13:14:32
920690,捷众科技,35.51,-1.09,-2.978,35.51,35.59,36.6,36.88,37.51,35.5,1238679.0,45021587.0,13:14:32
920693,阿为特,42.13,-0.99,-2.296,42.13,42.2,43.12,43.12,43.54,42.08,883378.0,37392821.0,13:14:32
920694,中裕科技,21.29,-0.22,-1.023,21.29,21.3,21.51,21.48,21.58,21.22,477906.0,10210584.0,13:14:32
920699,海达尔,51.71,-1.27,-2.397,51.72,51.89,52.98,52.98,52.98,51.6,255139.0,13277969.0,13:14:32
920701,豪声电子,18.73,-0.4,-2.091,18.73,18.76,19.13,19.1,19.25,18.7,1078436.0,20318103.0,13:14:32
920703,广厦环能,15.81,-0.24,-1.495,15.77,15.81,16.05,16.0,16.14,15.75,1413096.0,22434728.0,13:14:32
920706,铁拓机械,28.19,-1.57,-5.276,28.02,28.19,29.76,29.15,29.79,27.9,5206071.0,148894608.0,13:14:32
920717,瑞星股份,11.75,-0.21,-1.756,11.76,11.8,11.96,12.02,12.02,11.71,1667931.0,19741589.0,13:14:32
920718,合肥高科,16.14,-0.2,-1.224,16.14,16.16,16.34,16.34,16.48,16.11,365069.0,5916843.0,13:14:32
920719,宁新新材,13.93,-0.26,-1.832,13.92,13.93,14.19,14.18,14.33,13.81,3260109.0,45798121.0,13:14:32
920720,吉冈精密,14.44,-0.34,-2.3,14.44,14.46,14.78,14.75,14.8,14.43,2148564.0,31289180.0,13:14:32
920725,惠丰钻石,38.32,1.07,2.872,38.32,38.33,37.25,36.57,39.99,36.27,6442921.0,248045695.0,13:14:32
920726,朱老六,23.59,-0.41,-1.708,23.52,23.59,24.0,23.52,23.98,22.8,3771272.0,88486679.0,13:14:32
920729,永顺生物,11.59,2.32,25.027,11.58,11.59,9.27,9.29,11.92,9.22,13808943.0,144311687.0,13:14:32
920735,德源药业,36.05,0.42,1.179,36.0,36.05,35.63,35.42,36.15,34.99,1929000.0,68634696.0,13:14:32
920748,路桥信息,44.18,-2.56,-5.477,44.17,44.18,46.74,46.0,46.92,43.8,1095882.0,49248241.0,13:14:32
920751,惠同新材,26.86,-0.86,-3.102,26.86,26.92,27.72,28.11,28.11,26.7,2279825.0,62548188.0,13:14:32
920753,天纺标,23.5,-0.21,-0.886,23.5,23.51,23.71,23.71,23.79,23.5,448804.0,10583772.0,13:14:32
920765,美之高,20.25,-0.15,-0.735,20.19,20.25,20.4,20.5,20.56,20.08,696666.0,14075310.0,13:14:32
920768,拾比佰,14.28,-0.39,-2.658,14.28,14.29,14.67,14.6,14.64,14.18,2717106.0,39006200.0,13:14:32
920770,艾能聚,19.64,-1.28,-6.119,19.61,19.66,20.92,20.53,20.99,19.48,13793802.0,276330600.0,13:14:32
920779,武汉蓝电,36.84,-1.22,-3.205,36.85,36.89,38.06,38.28,38.29,36.82,612970.0,22913673.0,13:14:32
920781,瑞奇智造,9.75,-0.24,-2.402,9.75,9.77,9.99,9.99,10.01,9.72,2108853.0,20670927.0,13:14:32
920786,骑士乳业,10.38,-0.17,-1.611,10.36,10.38,10.55,10.5,10.56,10.34,5670625.0,59064111.0,13:14:32
920790,联迪信息,37.07,-1.63,-4.212,37.07,37.1,38.7,38.88,38.92,37.06,1516037.0,57295622.0,13:14:32
920792,东和新材,13.97,0.27,1.971,13.96,13.97,13.7,13.8,14.32,13.63,3952152.0,55300562.0,13:14:32
920799,艾融软件,47.55,0.32,0.678,47.52,47.55,47.23,47.07,48.22,47.07,2300904.0,109408421.0,13:14:32
920802,保丽洁,16.84,-0.18,-1.058,16.82,16.87,17.02,17.02,17.03,16.7,526890.0,8859972.0,13:14:32
920806,云星宇,14.23,-0.48,-3.263,14.23,14.24,14.71,14.7,14.7,14.17,3427300.0,49238654.0,13:14:32
920807,奔朗新材,16.2,0.11,0.684,16.19,16.21,16.09,16.21,16.48,16.02,3864363.0,62920972.0,13:14:32
920808,曙光数创,78.76,-1.89,-2.343,78.76,78.9,80.65,80.71,81.3,78.52,1531216.0,121437044.0,13:14:32
920809,安达科技,7.58,-0.14,-1.813,7.57,7.58,7.72,7.77,7.87,7.57,16820958.0,129411690.0,13:14:32
920810,春光智能,13.53,-0.56,-3.974,13.53,13.57,14.09,14.08,14.08,13.5,1493450.0,20509572.0,13:14:32
920819,颖泰生物,4.04,0.01,0.248,4.03,4.04,4.03,4.03,4.05,3.98,7921488.0,31770833.0,13:14:32
920821,则成电子,26.17,-0.71,-2.641,26.14,26.17,26.88,26.7,26.87,26.1,1350396.0,35608811.0,13:14:32
920826,盖世食品,13.88,-0.35,-2.46,13.86,13.88,14.23,14.06,14.12,13.86,4684326.0,65416957.0,13:14:32
920832,齐鲁华信,8.01,-0.13,-1.597,8.0,8.01,8.14,8.14,8.15,7.99,2191311.0,17622303.0,13:14:32
920833,美心翼申,17.84,-0.4,-2.193,17.84,17.85,18.24,18.24,18.35,17.81,1825159.0,32884684.0,13:14:32
920834,三维装备,15.66,-0.39,-2.43,15.64,15.66,16.05,16.2,16.2,15.62,1270963.0,20084723.0,13:14:32
920837,华原股份,15.25,-0.27,-1.74,15.26,15.28,15.52,15.52,15.67,15.2,1359109.0,20912276.0,13:14:32
920839,万通液压,41.54,-1.18,-2.762,41.54,41.55,42.72,43.0,43.01,41.5,658983.0,27695006.0,13:14:32
920855,浙江大农,19.73,-0.38,-1.89,19.72,19.77,20.11,20.07,20.07,19.62,469238.0,9286048.0,13:14:32
920856,浩淼科技,17.58,-0.56,-3.087,17.57,17.59,18.14,18.1,18.22,17.56,1297643.0,23113929.0,13:14:32
920857,泓禧科技,31.79,-1.99,-5.891,31.8,31.89,33.78,33.58,34.45,31.6,1475772.0,48891195.0,13:14:32
920866,绿亨科技,8.8,0.0,0.0,8.77,8.8,8.8,8.83,8.89,8.69,1291951.0,11314491.0,13:14:32
920870,恒进感应,18.69,-0.35,-1.838,18.65,18.69,19.04,18.9,19.04,18.62,870664.0,16345133.0,13:14:32
920871,派特尔,16.13,-0.53,-3.181,16.15,16.19,16.66,16.7,16.76,16.11,1525532.0,24910133.0,13:14:32
920873,中设咨询,8.38,-0.37,-4.229,8.37,8.38,8.75,8.8,8.8,8.37,3535576.0,30108354.0,13:14:32
920876,慧为智能,26.76,-0.66,-2.407,26.76,26.82,27.42,27.42,27.49,26.76,780424.0,21098236.0,13:14:32
920879,基康技术,22.29,-0.26,-1.153,22.26,22.27,22.55,22.55,22.93,22.27,1019600.0,23052552.0,13:14:32
920885,星辰科技,24.18,-1.54,-5.988,24.18,24.19,25.72,25.75,25.75,24.1,6990014.0,173252167.0,13:14:32
920892,广咨国际,17.79,-0.88,-4.713,17.76,17.79,18.67,18.49,18.5,17.72,2408051.0,43564228.0,13:14:32
920895,花溪科技,21.98,-0.21,-0.946,21.96,21.98,22.19,22.09,22.5,21.88,506448.0,11203189.0,13:14:32
920896,旺成科技,21.91,-0.36,-1.617,21.9,21.91,22.27,22.32,22.65,21.89,1552345.0,34511127.0,13:14:32
920906,舜宇精工,28.74,-1.21,-4.04,28.73,28.74,29.95,29.81,29.9,28.73,1199839.0,35138891.0,13:14:32
920914,远航精密,33.72,-0.24,-0.707,33.71,33.8,33.96,33.53,35.8,33.53,4061604.0,140907730.0,13:14:32
920924,广脉科技,24.17,0.23,0.961,24.09,24.18,23.94,24.4,25.04,24.0,2543012.0,62334174.0,13:14:32
920925,锦好医疗,24.95,0.09,0.362,24.93,24.95,24.86,24.9,25.08,24.38,2034576.0,50071183.0,13:14:32
920926,鸿智科技,17.86,-0.38,-2.083,17.85,17.86,18.24,18.3,18.48,17.86,619599.0,11164461.0,13:14:32
920931,无锡鼎邦,14.77,-0.27,-1.795,14.77,14.85,15.04,15.18,15.18,14.76,888094.0,13197264.0,13:14:32
920932,科达自控,21.93,-0.58,-2.577,21.88,21.93,22.51,22.46,22.65,21.81,1879157.0,41537172.0,13:14:32
920942,恒立钻具,33.36,-0.8,-2.342,33.36,33.45,34.16,34.26,34.26,33.3,1079486.0,36254628.0,13:14:32
920943,优机股份,27.5,-2.62,-8.699,27.42,27.5,30.12,29.3,29.3,27.3,4497816.0,125860568.0,13:14:32
920946,森萱医药,11.68,0.41,3.638,11.68,11.69,11.27,11.27,11.77,11.18,7675087.0,88687791.0,13:14:32
920950,迅安科技,19.27,-0.28,-1.432,19.26,19.3,19.55,19.78,19.78,19.17,445569.0,8615163.0,13:14:32
920953,国子软件,37.81,-1.58,-4.011,37.72,37.81,39.39,39.2,39.41,37.71,2456133.0,94041637.0,13:14:32
920957,汉维科技,14.85,0.32,2.202,14.84,14.85,14.53,14.54,15.57,14.18,3840899.0,56750540.0,13:14:32
920961,创远信科,29.83,-1.13,-3.65,29.82,29.83,30.96,30.96,30.96,29.7,5574744.0,168262888.0,13:14:32
920964,润农节水,7.18,-0.09,-1.238,7.17,7.18,7.27,7.24,7.27,7.15,2043672.0,14694984.0,13:14:32
920970,大禹生物,8.6,0.16,1.896,8.59,8.6,8.44,8.45,8.65,8.28,2116196.0,17919627.0,13:14:32
920971,天马新材,35.62,-1.35,-3.652,35.62,35.7,36.97,36.33,37.98,35.6,5080984.0,186156844.0,13:14:32
920974,凯大催化,9.21,0.23,2.561,9.21,9.22,8.98,8.98,9.39,8.91,8469987.0,77932644.0,13:14:32
920976,视声智能,29.72,-0.25,-0.834,29.62,29.72,29.97,30.1,30.15,29.62,612503.0,18314667.0,13:14:32
920978,开特股份,33.39,-1.5,-4.299,33.39,33.4,34.89,34.8,34.92,33.35,2212670.0,75187201.0,13:14:32
920981,晶赛科技,34.41,-0.58,-1.658,34.41,34.42,34.99,35.17,35.33,34.4,936512.0,32468661.0,13:14:32
920982,锦波生物,231.02,1.57,0.684,231.02,231.18,229.45,227.1,231.9,224.81,670428.0,153267677.0,13:14:32
920985,海泰新能,8.29,-0.4,-4.603,8.29,8.32,8.69,8.69,8.69,8.28,11365237.0,95522227.0,13:14:32
920992,中科美菱,18.75,-0.11,-0.583,18.71,18.76,18.86,18.81,18.95,18.51,771220.0,14407718.0,13:14:32
600000,浦发银行,10.39,-0.12,-1.142,10.39,10.4,10.51,10.49,10.53,10.38,103390151.0,1077952821.0,13:14:35
600004,白云机场,9.57,-0.08,-0.829,9.57,9.58,9.65,9.62,9.67,9.52,13700961.0,131324555.0,13:14:34
600006,东风股份,7.13,-0.11,-1.519,7.12,7.13,7.24,7.23,7.25,7.12,22324873.0,159797421.0,13:14:34
600007,中国国贸,19.88,-0.18,-0.897,19.86,19.88,20.06,20.06,20.09,19.74,1333900.0,26539070.0,13:14:32
600008,首创环保,3.09,0.01,0.325,3.09,3.1,3.08,3.08,3.11,3.07,63924207.0,197560379.0,13:14:33
600009,上海机场,31.18,-0.17,-0.542,31.18,31.19,31.35,31.4,31.56,31.12,17069907.0,534263883.0,13:14:32
600010,包钢股份,2.57,-0.01,-0.388,2.57,2.58,2.58,2.59,2.62,2.55,795374466.0,2053720410.0,13:14:34
600011,华能国际,7.4,0.05,0.68,7.39,7.4,7.35,7.35,7.43,7.32,62799326.0,463246817.0,13:14:33
600012,皖通高速,14.04,-0.01,-0.071,14.02,14.03,14.05,14.04,14.09,13.88,3608226.0,50476107.0,13:14:35
600015,华夏银行,6.39,0.06,0.948,6.38,6.39,6.33,6.34,6.4,6.32,51403804.0,327119648.0,13:14:35
600016,民生银行,3.77,0.01,0.266,3.76,3.77,3.76,3.76,3.79,3.75,218035432.0,820991469.0,13:14:33
600017,日照港,3.12,0.01,0.322,3.12,3.13,3.11,3.11,3.14,3.08,33063700.0,102687380.0,13:14:33
600018,上港集团,5.03,-0.04,-0.789,5.02,5.03,5.07,5.09,5.09,5.0,144283579.0,725254683.0,13:14:33
600019,宝钢股份,7.31,0.07,0.967,7.31,7.32,7.24,7.27,7.38,7.25,121047005.0,886521926.0,13:14:33
600020,中原高速,4.36,-0.01,-0.229,4.36,4.37,4.37,4.38,4.39,4.32,12311421.0,53616241.0,13:14:33
600021,上海电力,24.4,0.6,2.521,24.39,24.4,23.8,24.0,24.85,23.58,110665007.0,2688075855.0,13:14:32
600022,山东钢铁,1.64,0.0,0.0,1.64,1.65,1.64,1.63,1.68,1.62,163218771.0,268745226.0,13:14:34
600023,浙能电力,5.0,0.05,1.01,5.0,5.01,4.95,4.96,5.03,4.95,90720167.0,452984325.0,13:14:33
600025,华能水电,9.12,0.02,0.22,9.11,9.12,9.1,9.09,9.16,9.05,21234487.0,193067104.0,13:14:34
600026,中远海能,15.16,0.88,6.162,15.15,15.16,14.28,14.6,15.25,14.51,59186532.0,885070062.0,13:14:34
600027,华电国际,5.01,0.01,0.2,5.01,5.02,5.0,5.0,5.03,4.98,78764319.0,394703362.0,13:14:32
600028,中国石化,6.4,0.25,4.065,6.39,6.4,6.15,6.18,6.45,6.17,306022604.0,1944943547.0,13:14:33
600029,南方航空,7.63,-0.05,-0.651,7.63,7.64,7.68,7.69,7.98,7.61,82829334.0,641239671.0,13:14:35
600030,中信证券,28.17,0.4,1.44,28.16,28.17,27.77,27.77,28.44,27.71,209835427.0,5906815984.0,13:14:32
600031,三一重工,23.08,0.1,0.435,23.07,23.08,22.98,23.03,23.42,22.8,62707230.0,1447343942.0,13:14:35
600032,浙江新能,8.08,-0.03,-0.37,8.08,8.09,8.11,8.1,8.18,8.01,8117173.0,65665125.0,13:14:32
600033,福建高速,3.79,-0.04,-1.044,3.78,3.79,3.83,3.83,3.84,3.77,30718951.0,116452375.0,13:14:33
600035,楚天高速,4.0,0.01,0.251,4.0,4.01,3.99,4.0,4.01,3.98,9417196.0,37618004.0,13:14:33
600036,招商银行,38.04,0.54,1.44,38.03,38.04,37.5,37.5,38.3,37.31,142600084.0,5399117263.0,13:14:35
600037,歌华有线,7.99,-0.06,-0.745,7.99,8.0,8.05,8.13,8.22,7.96,21524014.0,173636335.0,13:14:34
600038,中直股份,37.81,-0.54,-1.408,37.8,37.81,38.35,38.33,38.45,37.79,8253616.0,314717314.0,13:14:36
600039,四川路桥,9.88,-0.1,-1.002,9.88,9.89,9.98,9.98,10.01,9.81,19878023.0,196693393.0,13:14:35
600048,保利发展,6.7,-0.01,-0.149,6.7,6.71,6.71,6.66,6.76,6.62,172865719.0,1155007750.0,13:14:37
600050,中国联通,5.12,0.0,0.0,5.12,5.13,5.12,5.12,5.16,5.09,210169642.0,1076531186.0,13:14:37
600051,宁波联合,7.97,0.0,0.0,7.97,7.98,7.97,7.98,8.02,7.87,5121196.0,40710486.0,13:14:33
600052,东望时代,4.83,-0.14,-2.817,4.83,4.84,4.97,4.98,4.99,4.83,12635716.0,61964843.0,13:14:37
600053,九鼎投资,22.36,0.16,0.721,22.32,22.36,22.2,22.75,24.2,22.11,16315700.0,378352242.0,13:14:37
600054,黄山旅游,11.88,-0.01,-0.084,11.88,11.89,11.89,11.89,11.99,11.7,6782621.0,80276226.0,13:14:25
600055,万东医疗,16.38,-0.31,-1.857,16.38,16.4,16.69,16.83,16.84,16.26,7237999.0,118791753.0,13:14:37
600056,中国医药,11.15,0.41,3.818,11.15,11.16,10.74,10.81,11.23,10.72,38808038.0,424505724.0,13:14:35
600057,厦门象屿,8.23,-0.17,-2.024,8.22,8.23,8.4,8.41,8.42,8.16,18037144.0,148632744.0,13:14:36
600058,五矿发展,15.11,-0.43,-2.767,15.11,15.15,15.54,15.37,16.17,14.71,56127719.0,856696734.0,13:14:37
600059,古越龙山,9.64,0.29,3.102,9.63,9.64,9.35,9.88,9.88,9.53,34055767.0,330038651.0,13:14:37
600060,海信视像,24.24,-0.51,-2.061,24.23,24.24,24.75,24.75,25.17,24.15,8358501.0,204342471.0,13:14:37
600061,国投资本,7.7,0.07,0.917,7.7,7.71,7.63,7.63,7.78,7.61,42834292.0,329181782.0,13:14:37
600062,华润双鹤,18.93,0.21,1.122,18.93,18.94,18.72,18.73,18.99,18.62,10938072.0,205944901.0,13:14:38
600063,皖维高新,7.28,0.0,0.0,7.28,7.29,7.28,7.4,7.46,7.14,60924727.0,442768045.0,13:14:37
600064,南京高科,8.97,-0.05,-0.554,8.96,8.97,9.02,9.07,9.07,8.88,19837535.0,177718231.0,13:14:36
600066,宇通客车,31.12,0.19,0.614,31.12,31.13,30.93,31.29,31.46,30.7,14838607.0,461888606.0,13:14:38
600067,冠城新材,4.57,-0.11,-2.35,4.56,4.57,4.68,4.7,4.75,4.55,36549594.0,169071247.0,13:14:37
600071,凤凰光学,21.86,-0.53,-2.367,21.87,21.88,22.39,22.36,22.36,21.78,4166627.0,91757245.0,13:14:34
600072,中船科技,11.91,-0.16,-1.326,11.91,11.92,12.07,12.07,12.12,11.91,11684965.0,140202791.0,13:14:38
600073,光明肉业,6.62,0.06,0.915,6.61,6.62,6.56,6.56,6.68,6.49,18184027.0,119338293.0,13:14:36
600075,新疆天业,6.04,-0.06,-0.984,6.04,6.05,6.1,6.11,6.17,5.93,27456713.0,165961782.0,13:14:37
600076,康欣新材,4.09,-0.13,-3.081,4.08,4.09,4.22,4.2,4.23,4.02,77431309.0,316847886.0,13:14:36
600078,澄星股份,13.41,1.22,10.008,13.41,0.0,12.19,12.61,13.41,12.61,55629271.0,730978260.0,13:14:33
600079,ST人福,18.29,0.05,0.274,18.28,18.29,18.24,18.25,18.36,18.15,13980619.0,254527960.0,13:14:37
600080,金花股份,8.05,-0.04,-0.494,8.04,8.05,8.09,8.09,8.1,7.98,5679001.0,45621062.0,13:14:33
600081,东风科技,12.08,-0.26,-2.107,12.08,12.09,12.34,12.3,12.35,12.08,2945380.0,35788370.0,13:14:32
600082,海泰发展,4.22,-0.13,-2.989,4.21,4.22,4.35,4.3,4.33,4.18,19456100.0,82466202.0,13:14:36
600084,中信尼雅,6.17,-0.17,-2.681,6.16,6.17,6.34,6.37,6.38,6.16,5232700.0,32690287.0,13:14:37
600085,同仁堂,30.49,0.09,0.296,30.49,30.5,30.4,30.4,30.57,30.1,12629557.0,383024579.0,13:14:36
600088,中视传媒,17.47,0.1,0.576,17.47,17.48,17.37,17.53,18.43,17.46,8769726.0,155989195.0,13:14:36
600089,特变电工,29.39,0.84,2.942,29.39,29.41,28.55,28.6,30.28,28.6,452680455.0,13411166780.0,13:14:36
600094,大名城,5.26,-0.2,-3.663,5.26,5.27,5.46,5.58,5.63,5.22,49882741.0,268908279.0,13:14:38
600095,湘财股份,11.56,-0.14,-1.197,11.55,11.56,11.7,11.65,11.77,11.54,37367884.0,436202070.0,13:14:37
600096,云天化,38.5,0.84,2.23,38.49,38.5,37.66,37.66,39.42,37.66,47976529.0,1859696211.0,13:14:36
600097,开创国际,12.1,-0.16,-1.305,12.1,12.12,12.26,12.24,12.24,12.1,6432927.0,78159864.0,13:14:36
600098,广州发展,7.01,0.05,0.718,7.01,7.02,6.96,6.96,7.05,6.91,20457578.0,142723689.0,13:14:37
600099,林海股份,10.94,-0.08,-0.726,10.93,10.94,11.02,11.04,11.07,10.85,2430153.0,26596796.0,13:14:32
600100,同方股份,9.14,-0.33,-3.485,9.14,9.15,9.47,9.46,9.55,9.12,59185086.0,548283091.0,13:14:35
600101,明星电力,9.96,-0.14,-1.386,9.96,9.97,10.1,10.1,10.11,9.93,14679981.0,146758319.0,13:14:36
600103,青山纸业,3.89,-0.12,-2.993,3.88,3.89,4.01,4.0,4.0,3.88,75004860.0,293644694.0,13:14:38
600104,上汽集团,14.6,-0.22,-1.484,14.6,14.61,14.82,14.86,14.88,14.56,81399829.0,1193302209.0,13:14:38
600105,永鼎股份,25.95,-1.3,-4.771,25.95,25.96,27.25,27.0,27.0,25.81,93638728.0,2463554454.0,13:14:36
600106,重庆路桥,6.4,-0.17,-2.588,6.4,6.41,6.57,6.56,6.56,6.4,16645288.0,107479896.0,13:14:37
600107,ST尔雅,6.34,-0.33,-4.948,0.0,6.34,6.67,6.58,6.58,6.34,9597800.0,61231638.0,13:14:37
600108,亚盛集团,3.7,0.04,1.093,3.7,3.71,3.66,3.66,3.75,3.62,64450334.0,237784633.0,13:14:37
600109,国金证券,9.44,0.03,0.319,9.43,9.44,9.41,9.41,9.52,9.38,34660480.0,327579771.0,13:14:37
600110,诺德股份,7.06,-0.24,-3.288,7.05,7.06,7.3,7.3,7.35,7.05,54930600.0,393300143.0,13:14:36
600111,北方稀土,51.52,1.06,2.101,51.51,51.52,50.46,50.68,51.98,50.61,137122904.0,7046071656.0,13:14:35
600113,浙江东日,59.38,-1.48,-2.432,59.41,59.5,60.86,60.8,60.86,58.7,3011099.0,179463377.0,13:14:36
600114,东睦股份,34.3,-1.82,-5.039,34.29,34.3,36.12,36.0,36.0,34.1,19516373.0,677931469.0,13:14:35
600115,中国东航,5.83,-0.05,-0.85,5.82,5.83,5.88,5.89,6.06,5.81,189591279.0,1114635739.0,13:14:37
600116,三峡水利,6.83,0.03,0.441,6.82,6.83,6.8,6.82,6.86,6.76,17904478.0,121980839.0,13:14:36
600117,西宁特钢,3.01,-0.04,-1.311,3.0,3.01,3.05,3.05,3.06,2.97,27953710.0,84180892.0,13:14:36
600118,中国卫星,98.03,-10.87,-9.982,98.02,98.03,108.9,107.65,107.65,98.01,113549415.0,11430724056.0,13:14:35
600119,长江投资,7.96,-0.14,-1.728,7.96,7.97,8.1,8.09,8.12,7.91,4764000.0,38049031.0,13:14:36
600120,浙江东方,6.77,-0.14,-2.026,6.77,6.78,6.91,6.93,6.99,6.77,71680681.0,492267500.0,13:14:38
600121,郑州煤电,4.38,-0.19,-4.158,4.37,4.38,4.57,4.38,4.42,4.31,53086139.0,231849855.0,13:14:36
600123,兰花科创,6.18,0.06,0.98,6.17,6.18,6.12,6.12,6.22,6.09,20875002.0,128369798.0,13:14:37
600125,铁龙物流,6.58,0.02,0.305,6.57,6.58,6.56,6.54,6.59,6.45,14427880.0,94084799.0,13:14:38
600126,杭钢股份,8.91,0.01,0.112,8.9,8.91,8.9,9.02,9.27,8.87,68391795.0,619393778.0,13:14:37
600127,金健米业,6.99,0.08,1.158,6.98,6.99,6.91,6.9,7.05,6.87,24104563.0,168067501.0,13:14:36
600128,苏豪弘业,11.57,-0.12,-1.027,11.57,11.58,11.69,11.67,11.77,11.57,3988502.0,46432477.0,13:14:37
600129,太极集团,18.71,0.11,0.591,18.7,18.71,18.6,18.63,18.84,18.43,7134437.0,132686568.0,13:14:38
600130,*ST波导,4.36,-0.05,-1.134,4.35,4.36,4.41,4.4,4.4,4.34,9185201.0,40057970.0,13:14:35
600131,国网信通,18.69,-0.52,-2.707,18.69,18.7,19.21,19.21,19.26,18.67,15827555.0,298703409.0,13:14:35
600132,重庆啤酒,52.95,0.14,0.265,52.95,52.96,52.81,52.81,53.06,52.4,1998802.0,105503592.0,13:14:36
600133,东湖高新,10.66,-0.13,-1.205,10.65,10.66,10.79,10.96,11.1,10.6,47348470.0,511625540.0,13:14:35
600135,乐凯胶片,9.89,-0.71,-6.698,9.88,9.89,10.6,10.53,10.57,9.87,22336700.0,225586101.0,13:14:38
600136,ST明诚,1.72,0.01,0.585,1.72,1.73,1.71,1.71,1.75,1.69,14617402.0,25040728.0,13:14:36
600137,浪莎股份,20.64,0.02,0.097,20.64,20.65,20.62,20.62,20.85,20.29,2144200.0,44077313.0,13:14:38
600138,中青旅,9.99,-0.13,-1.285,9.99,10.0,10.12,10.09,10.12,9.96,13871883.0,138972972.0,13:14:36
600141,兴发集团,42.88,0.63,1.491,42.88,42.9,42.25,42.26,44.1,42.17,16208012.0,702563924.0,13:14:35
600143,金发科技,20.5,-0.74,-3.484,20.5,20.51,21.24,21.24,21.81,20.44,104313940.0,2200447889.0,13:14:38
600148,长春一东,21.15,-0.35,-1.628,21.15,21.16,21.5,21.58,21.68,21.0,1828033.0,38794171.0,13:14:35
600149,廊坊发展,5.46,0.02,0.368,5.45,5.46,5.44,5.44,5.48,5.38,8053010.0,43738277.0,13:14:35
600150,中国船舶,35.21,-0.32,-0.901,35.2,35.21,35.53,35.56,36.1,35.18,68244091.0,2429714706.0,13:14:35
600151,航天机电,15.45,-1.67,-9.755,15.44,15.45,17.12,17.0,17.25,15.41,161475734.0,2601585847.0,13:14:36
600152,维科技术,8.0,0.06,0.756,8.0,8.01,7.94,7.99,8.31,7.95,34566600.0,281496375.0,13:14:26
600153,建发股份,9.34,-0.05,-0.532,9.34,9.35,9.39,9.3,9.38,9.2,19624761.0,182320666.0,13:14:26
600155,华创云信,6.85,-0.05,-0.725,6.85,6.86,6.9,6.9,6.95,6.82,31370800.0,215727642.0,13:14:26
600156,华升股份,8.26,-0.13,-1.549,8.26,8.27,8.39,8.38,8.44,8.25,4750000.0,39534362.0,13:14:21
600157,永泰能源,1.69,0.0,0.0,1.68,1.69,1.69,1.69,1.73,1.68,777392839.0,1322258930.0,13:14:26
600158,中体产业,9.12,-0.74,-7.505,9.11,9.12,9.86,9.39,9.58,9.08,56215162.0,520905167.0,13:14:28
600159,大龙地产,2.91,-0.01,-0.342,2.91,2.92,2.92,2.95,2.97,2.89,15187201.0,44521069.0,13:14:26
600160,巨化股份,39.37,0.23,0.588,39.37,39.38,39.14,39.16,40.1,38.72,32072495.0,1266507355.0,13:14:27
600161,天坛生物,17.21,0.46,2.746,17.2,17.21,16.75,16.78,17.24,16.71,18757178.0,318796743.0,13:14:27
600162,香江控股,1.9,-0.04,-2.062,1.89,1.9,1.94,1.94,1.95,1.88,29480817.0,56069858.0,13:14:26
600163,中闽能源,5.86,-0.11,-1.843,5.86,5.87,5.97,5.96,5.98,5.86,22721100.0,134519791.0,13:14:27
600165,ST宁科,3.85,0.02,0.522,3.84,3.85,3.83,3.83,3.86,3.77,6658400.0,25300321.0,13:14:23
600166,福田汽车,3.19,-0.03,-0.932,3.19,3.2,3.22,3.22,3.24,3.11,142399563.0,452309908.0,13:14:27
600167,联美控股,7.38,-0.14,-1.862,7.38,7.39,7.52,7.6,7.73,7.38,18218400.0,136105054.0,13:14:28
600168,武汉控股,5.31,-0.02,-0.375,5.3,5.31,5.33,5.34,5.35,5.28,6875343.0,36507592.0,13:14:28
600169,ST太重,2.51,0.0,0.0,2.5,2.51,2.51,2.51,2.54,2.5,26047501.0,65546868.0,13:14:27
600170,上海建工,2.98,0.01,0.337,2.98,2.99,2.97,2.98,3.08,2.97,286769301.0,866575940.0,13:14:27
600171,上海贝岭,32.91,-1.09,-3.206,32.91,32.92,34.0,33.93,34.08,32.85,18488245.0,615326198.0,13:14:26
600172,黄河旋风,6.56,0.07,1.079,6.54,6.55,6.49,6.48,6.78,6.4,141172444.0,933568065.0,13:14:27
600173,卧龙新能,8.25,0.33,4.167,8.24,8.25,7.92,7.97,8.3,7.8,41444365.0,335691185.0,13:14:27
600176,中国巨石,20.76,0.0,0.0,20.76,20.77,20.76,20.76,21.37,20.47,51788289.0,1084276707.0,13:14:28
600177,雅戈尔,7.38,-0.06,-0.806,7.38,7.39,7.44,7.44,7.47,7.35,14009831.0,103596390.0,13:14:27
600178,东安动力,12.81,-0.34,-2.586,12.81,12.82,13.15,13.15,13.18,12.8,6605300.0,85511999.0,13:14:25
600179,安通控股,5.09,-0.1,-1.927,5.09,5.1,5.19,5.19,5.19,5.08,46054422.0,235365318.0,13:14:26
600180,瑞茂通,3.72,-0.07,-1.847,3.71,3.72,3.79,3.79,3.8,3.7,13593500.0,50765805.0,13:14:27
600182,S佳通,15.39,-0.12,-0.774,15.39,15.4,15.51,15.58,15.58,15.29,1397111.0,21511390.0,13:14:27
600183,生益科技,71.05,0.31,0.438,71.05,71.06,70.74,70.7,71.73,70.01,26614743.0,1883953304.0,13:14:27
600184,光电股份,18.51,-0.93,-4.784,18.5,18.51,19.44,19.44,19.46,18.48,12970558.0,245025837.0,13:14:27
600185,珠免集团,7.12,0.08,1.136,7.11,7.12,7.04,6.98,7.45,6.98,63772860.0,462508131.0,13:14:27
600186,莲花控股,6.2,-0.15,-2.362,6.2,6.21,6.35,6.32,6.42,6.14,60039900.0,373440622.0,13:14:27
600187,国中水务,2.7,-0.05,-1.818,2.7,2.71,2.75,2.74,2.75,2.7,25985306.0,70564956.0,13:14:27
600188,兖矿能源,14.23,0.38,2.744,14.23,14.24,13.85,13.85,14.39,13.81,52739501.0,745517499.0,13:14:28
600189,泉阳泉,8.46,0.09,1.075,8.46,8.47,8.37,8.44,8.87,8.4,27989539.0,241826350.0,13:14:28
600191,华资实业,13.72,-0.05,-0.363,13.71,13.72,13.77,13.95,14.1,13.47,9412748.0,129605656.0,13:14:26
600192,长城电工,10.86,-0.49,-4.317,10.85,10.86,11.35,10.85,11.09,10.6,39654690.0,430700095.0,13:14:26
600193,*ST创兴,4.7,0.03,0.642,4.69,4.7,4.67,4.7,4.72,4.58,6156250.0,28513391.0,13:14:26
600195,中牧股份,8.92,0.43,5.065,8.91,8.92,8.49,8.56,9.03,8.4,32304911.0,282759410.0,13:14:28
600196,复星医药,28.1,0.53,1.922,28.08,28.1,27.57,27.72,28.22,27.49,22825834.0,634976912.0,13:14:28
600197,伊力特,13.52,-0.17,-1.242,13.51,13.52,13.69,13.64,13.64,13.45,4003700.0,54122918.0,13:14:27
600198,大唐电信,10.0,-0.61,-5.749,10.0,10.01,10.61,10.51,10.55,10.0,50416602.0,514763805.0,13:14:28
600199,金种子酒,9.32,-0.13,-1.376,9.31,9.32,9.45,9.43,9.44,9.28,8064537.0,75199355.0,13:14:26
600201,生物股份,18.02,0.67,3.862,18.02,18.03,17.35,17.69,18.24,17.6,40066051.0,718074342.0,13:14:26
600202,哈空调,6.15,-0.03,-0.485,6.14,6.15,6.18,6.2,6.2,6.1,6671301.0,40992937.0,13:14:28
600203,福日电子,12.83,-0.52,-3.895,12.82,12.83,13.35,13.2,13.3,12.82,24448802.0,317423822.0,13:14:28
600206,有研新材,23.42,0.02,0.085,23.41,23.42,23.4,23.52,24.18,23.4,41732759.0,993252555.0,13:14:28
600207,安彩高科,5.01,-0.19,-3.654,5.0,5.01,5.2,5.21,5.22,4.98,28198908.0,142423503.0,13:14:26
600208,衢州发展,3.99,-0.07,-1.724,3.99,4.0,4.06,4.06,4.09,3.99,71503797.0,288156616.0,13:14:27
600210,紫江企业,7.89,-0.28,-3.427,7.88,7.89,8.17,8.18,8.22,7.88,47199477.0,377235271.0,13:14:26
600211,西藏药业,44.0,0.05,0.114,43.98,44.0,43.95,43.86,44.28,43.11,3052960.0,132954330.0,13:14:26
600212,绿能慧充,8.19,-0.31,-3.647,8.18,8.19,8.5,8.48,8.5,8.18,20750800.0,172195545.0,13:14:27
600215,派斯林,7.76,-0.03,-0.385,7.76,7.77,7.79,7.8,7.92,7.76,10399944.0,81413770.0,13:14:26
600216,浙江医药,14.62,-0.11,-0.747,14.62,14.63,14.73,14.66,14.71,14.39,17638546.0,256136270.0,13:14:28
600217,中再资环,4.35,-0.01,-0.229,4.35,4.36,4.36,4.38,4.4,4.31,20881100.0,90689477.0,13:14:25
600218,全柴动力,11.16,-0.19,-1.674,11.16,11.17,11.35,11.25,11.38,11.15,10681843.0,120070657.0,13:14:23
600219,南山铝业,7.29,0.51,7.522,7.29,7.3,6.78,6.89,7.35,6.89,418790574.0,2983246957.0,13:14:26
600221,海航控股,1.71,-0.03,-1.724,1.71,1.72,1.74,1.74,1.74,1.71,204797391.0,352319817.0,13:14:27
600222,太龙药业,7.16,0.3,4.373,7.16,7.17,6.86,6.9,7.41,6.9,60391809.0,434291145.0,13:14:26
600223,福瑞达,7.61,-0.01,-0.131,7.61,7.62,7.62,7.62,7.64,7.51,9962274.0,75390710.0,13:14:28
600226,亨通股份,6.12,-0.06,-0.971,6.11,6.12,6.18,6.31,6.54,6.11,111010904.0,698846677.0,13:14:26
600227,赤天化,2.65,0.08,3.113,2.65,2.66,2.57,2.58,2.76,2.56,65479810.0,174790280.0,13:14:26
600228,*ST返利,5.6,-0.03,-0.533,5.59,5.6,5.63,5.74,5.85,5.51,10907700.0,62036251.0,13:14:19
600229,城市传媒,6.67,-0.08,-1.185,6.66,6.67,6.75,6.6,6.71,6.59,6033300.0,40011500.0,13:14:26
600230,沧州大化,18.69,0.76,4.239,18.67,18.69,17.93,17.77,19.31,17.68,32915752.0,617007929.0,13:14:28
600231,凌钢股份,2.33,0.0,0.0,2.33,2.34,2.33,2.35,2.38,2.31,36586770.0,85722371.0,13:14:28
600232,金鹰股份,8.68,-0.68,-7.265,8.67,8.68,9.36,9.33,9.39,8.65,16918940.0,150336032.0,13:14:28
600233,圆通速递,17.31,-0.23,-1.311,17.31,17.32,17.54,17.54,17.56,16.92,15781130.0,271308170.0,13:14:28
600234,科新发展,13.46,-0.1,-0.737,13.44,13.46,13.56,13.01,13.52,12.6,4881000.0,63571211.0,13:14:27
600235,民丰特纸,6.99,-0.01,-0.143,6.98,6.99,7.0,6.99,7.05,6.93,4714400.0,32935531.0,13:14:25
600236,桂冠电力,8.28,0.14,1.72,8.27,8.28,8.14,8.13,8.34,8.08,11974579.0,98695486.0,13:14:28
600237,铜峰电子,10.0,-0.53,-5.033,10.0,10.01,10.53,10.42,10.5,9.98,36621737.0,371825637.0,13:14:28
600238,*ST椰岛,6.43,-0.19,-2.87,6.42,6.43,6.62,6.63,6.64,6.37,7144801.0,46082919.0,13:14:13
600239,云南城投,2.4,-0.03,-1.235,2.39,2.4,2.43,2.42,2.43,2.38,15376795.0,36847546.0,13:14:26
600241,时代万恒,8.6,-0.09,-1.036,8.6,8.61,8.69,8.7,8.74,8.55,4088000.0,35328249.0,13:14:25
600243,*ST海华,4.66,-0.06,-1.271,4.65,4.66,4.72,4.7,4.7,4.6,3801800.0,17601277.0,13:14:26
600246,万通发展,13.28,-0.77,-5.48,13.28,13.29,14.05,14.05,14.11,13.0,91605926.0,1231888733.0,13:14:27
600248,陕建股份,3.61,-0.06,-1.635,3.61,3.62,3.67,3.59,3.64,3.57,39547220.0,142291676.0,13:14:26
600249,两面针,6.05,-0.05,-0.82,6.04,6.05,6.1,6.1,6.11,6.0,8199410.0,49596357.0,13:14:27
600250,南京商旅,11.62,-0.31,-2.598,11.62,11.63,11.93,11.88,11.88,11.59,11019400.0,128817897.0,13:14:27
600251,冠农股份,10.7,0.06,0.564,10.7,10.71,10.64,10.72,11.1,10.64,17698384.0,192065344.0,13:14:28
600252,中恒集团,2.66,-0.01,-0.375,2.66,2.67,2.67,2.68,2.69,2.64,46482962.0,123602877.0,13:14:27
600255,鑫科材料,4.21,0.06,1.446,4.21,4.22,4.15,4.16,4.25,4.14,119455715.0,502066019.0,13:14:36
600256,广汇能源,5.54,0.3,5.725,5.53,5.54,5.24,5.31,5.6,5.31,353449810.0,1926871495.0,13:14:37
600257,大湖股份,7.24,-0.38,-4.987,7.24,7.25,7.62,7.5,7.62,7.13,28250250.0,206528368.0,13:14:38
600258,首旅酒店,17.45,-0.05,-0.286,17.44,17.45,17.5,17.49,17.76,17.27,11336347.0,197766628.0,13:14:37
600259,中稀有色,83.08,4.32,5.485,83.08,83.09,78.76,78.84,86.64,78.4,19977330.0,1677174006.0,13:14:36
600261,阳光照明,3.7,-0.01,-0.27,3.7,3.71,3.71,3.71,3.75,3.66,15943556.0,58881405.0,13:14:35
600262,北方股份,29.86,0.62,2.12,29.86,29.87,29.24,29.36,30.45,28.98,6231918.0,187311642.0,13:14:35
600265,ST景谷,19.97,-0.05,-0.25,19.89,19.97,20.02,20.02,20.04,19.72,161246.0,3201797.0,13:14:13
600266,城建发展,6.18,-0.27,-4.186,6.17,6.18,6.45,6.5,6.57,6.17,126595255.0,805414670.0,13:14:37
600267,海正药业,10.92,0.33,3.116,10.9,10.92,10.59,10.73,10.99,10.56,21001651.0,225860971.0,13:14:36
600268,国电南自,13.86,-0.09,-0.645,13.85,13.86,13.95,13.85,14.64,13.81,54997636.0,780166379.0,13:14:36
600269,赣粤高速,4.94,-0.01,-0.202,4.94,4.95,4.95,4.94,4.97,4.91,16047602.0,79217594.0,13:14:37
600271,航天信息,10.37,-0.71,-6.408,10.36,10.37,11.08,10.96,10.96,10.33,55936896.0,591974960.0,13:14:36
600272,开开实业,14.62,-0.07,-0.477,14.62,14.63,14.69,14.5,14.75,14.28,5719800.0,82538208.0,13:14:36
600273,嘉化能源,10.92,-0.21,-1.887,10.91,10.92,11.13,11.0,11.14,10.88,19686428.0,216289664.0,13:14:35
600276,恒瑞医药,58.45,-0.54,-0.915,58.45,58.46,58.99,58.99,59.16,58.05,48671726.0,2841218030.0,13:14:35
600278,东方创业,9.02,-0.1,-1.096,9.02,9.03,9.12,9.13,9.2,9.0,10776974.0,97908183.0,13:14:34
600279,重庆港,5.57,-0.03,-0.536,5.57,5.58,5.6,5.6,5.62,5.53,12216600.0,68070394.0,13:14:38
600280,中央商场,3.77,-0.23,-5.75,3.77,3.78,4.0,3.95,3.96,3.76,50289600.0,193309029.0,13:14:36
600281,华阳新材,6.55,-0.03,-0.456,6.54,6.55,6.58,6.59,6.77,6.54,31331201.0,208797328.0,13:14:35
600282,南钢股份,5.79,-0.02,-0.344,5.79,5.8,5.81,5.78,5.84,5.68,47306260.0,272669678.0,13:14:35
600283,钱江水利,9.5,-0.07,-0.731,9.49,9.5,9.57,9.57,9.58,9.46,2448182.0,23273363.0,13:14:36
600284,浦东建设,8.22,-0.3,-3.521,8.22,8.23,8.52,8.52,8.52,8.2,24214471.0,201170153.0,13:14:35
600285,羚锐制药,21.32,0.3,1.427,21.32,21.35,21.02,21.11,21.48,20.78,10252206.0,216767561.0,13:14:38
600287,苏豪时尚,5.94,0.04,0.678,5.93,5.95,5.9,5.96,5.99,5.85,4253821.0,25180810.0,13:14:37
600288,大恒科技,16.12,-0.63,-3.761,16.12,16.13,16.75,16.75,16.76,16.08,12281344.0,199885332.0,13:14:29
600289,ST信通,6.7,-0.14,-2.047,6.69,6.7,6.84,6.68,6.84,6.67,7961700.0,53419860.0,13:14:34
600292,电投水电,13.51,-0.23,-1.674,13.5,13.51,13.74,13.73,13.84,13.48,9949913.0,135415463.0,13:14:35
600293,三峡新材,3.63,0.0,0.0,3.63,3.64,3.63,3.85,3.99,3.62,223817556.0,848239009.0,13:14:35
600295,鄂尔多斯,15.29,-0.1,-0.65,15.29,15.3,15.39,15.4,15.84,15.27,8564736.0,132496933.0,13:14:37
600298,安琪酵母,43.88,-1.22,-2.705,43.88,43.9,45.1,45.08,45.35,43.68,6814800.0,302029521.0,13:14:35
600299,安迪苏,9.52,-0.06,-0.626,9.52,9.53,9.58,9.6,9.63,9.47,7490429.0,71486197.0,13:14:37
600300,维维股份,3.7,-0.01,-0.27,3.69,3.7,3.71,3.72,3.73,3.68,28439800.0,105256430.0,13:14:37
600301,华锡有色,58.55,4.12,7.569,58.52,58.55,54.43,57.7,59.58,56.3,8263302.0,482057329.0,13:14:36
600302,标准股份,14.59,0.43,3.037,14.59,14.6,14.16,13.6,14.65,13.46,19196800.0,267453250.0,13:14:37
600303,曙光股份,3.3,-0.06,-1.786,3.3,3.31,3.36,3.37,3.38,3.27,14926100.0,49537237.0,13:14:29
600305,恒顺醋业,8.11,-0.03,-0.369,8.11,8.12,8.14,8.1,8.13,8.02,9811500.0,79190637.0,13:14:32
600307,酒钢宏兴,2.04,-0.03,-1.449,2.04,2.05,2.07,2.06,2.14,2.0,307360146.0,636190321.0,13:14:36
600308,华泰股份,4.12,0.04,0.98,4.11,4.12,4.08,4.08,4.16,4.07,22136604.0,91056168.0,13:14:36
600309,万华化学,85.3,1.05,1.246,85.3,85.35,84.25,84.25,87.88,83.99,42143029.0,3631388027.0,13:14:37
600310,广西能源,3.95,0.0,0.0,3.94,3.95,3.95,3.95,3.96,3.91,12056280.0,47503421.0,13:14:35
600312,平高电气,22.45,0.1,0.447,22.45,22.46,22.35,22.34,23.05,22.25,46905206.0,1064838650.0,13:14:37
600313,农发种业,7.02,0.24,3.54,7.02,7.03,6.78,6.83,7.1,6.82,57918866.0,404826991.0,13:14:37
600315,上海家化,22.53,-0.94,-4.005,22.53,22.54,23.47,23.48,23.5,22.51,8897420.0,203085032.0,13:14:37
600316,洪都航空,40.2,0.02,0.05,40.18,40.19,40.18,39.83,41.67,39.75,18312848.0,746070158.0,13:14:36
600318,新力金融,8.89,-0.13,-1.441,8.89,8.9,9.02,9.04,9.07,8.89,8200902.0,73483408.0,13:14:34
600319,亚星化学,8.11,-0.15,-1.816,8.1,8.11,8.26,8.26,8.3,8.08,3169900.0,25848079.0,13:14:36
600320,振华重工,5.29,-0.08,-1.49,5.29,5.3,5.37,5.37,5.4,5.29,41498409.0,221686136.0,13:14:35
600322,津投城开,2.33,-0.05,-2.101,2.33,2.34,2.38,2.38,2.38,2.32,13953650.0,32729871.0,13:14:37
600323,瀚蓝环境,28.67,-0.32,-1.104,28.67,28.71,28.99,29.0,29.15,28.33,4712154.0,135007531.0,13:14:33
600325,华发股份,4.08,-0.1,-2.392,4.08,4.09,4.18,4.16,4.18,4.06,40394090.0,165665606.0,13:14:35
600326,西藏天路,11.58,-0.35,-2.934,11.58,11.59,11.93,11.89,11.89,11.56,42758812.0,499123087.0,13:14:36
600327,大东方,5.11,0.02,0.393,5.1,5.11,5.09,5.09,5.26,5.0,35307880.0,180700907.0,13:14:37
600328,中盐化工,9.15,0.03,0.329,9.14,9.15,9.12,9.18,9.46,9.13,28794898.0,267163369.0,13:14:37
600329,达仁堂,45.16,-0.72,-1.569,45.13,45.15,45.88,45.88,45.89,44.82,3700200.0,167192600.0,13:14:37
600330,天通股份,13.05,-0.59,-4.326,13.04,13.05,13.64,13.62,13.67,13.0,77826121.0,1033218572.0,13:14:35
600331,宏达股份,14.58,0.09,0.621,14.56,14.57,14.49,14.49,14.94,14.36,71990762.0,1052562451.0,13:14:37
600332,白云山,25.58,0.26,1.027,25.56,25.58,25.32,25.32,25.61,25.26,13587347.0,345329711.0,13:14:35
600333,长春燃气,6.0,-0.23,-3.692,6.0,6.01,6.23,6.18,6.2,5.96,26181133.0,158565779.0,13:14:36
600335,国机汽车,6.92,-0.13,-1.844,6.92,6.93,7.05,7.02,7.05,6.86,27764492.0,192502394.0,13:14:37
600336,澳柯玛,8.22,-0.61,-6.908,8.22,8.23,8.83,8.54,8.61,8.22,27076400.0,226745785.0,13:14:37
600337,美克家居,2.92,-0.08,-2.667,2.91,2.92,3.0,2.97,3.0,2.88,43140290.0,126423712.0,13:14:36
600338,西藏珠峰,21.11,0.13,0.62,21.1,21.11,20.98,21.88,22.09,20.92,84263349.0,1807503420.0,13:14:37
600339,中油工程,3.76,0.07,1.897,3.76,3.77,3.69,3.71,3.79,3.7,75444291.0,283211001.0,13:14:37
600340,华夏幸福,1.81,0.04,2.26,1.8,1.81,1.77,1.85,1.91,1.76,353916447.0,648583357.0,13:14:35
600343,航天动力,32.47,-3.61,-10.006,0.0,32.47,36.08,35.18,35.32,32.47,55732180.0,1874694893.0,13:14:35
600345,长江通信,32.24,-2.11,-6.143,32.23,32.24,34.35,34.25,34.25,32.08,12653400.0,415031709.0,13:14:36
600346,恒力石化,26.45,0.3,1.147,26.45,26.46,26.15,26.13,27.26,26.08,29350037.0,782721579.0,13:14:37
600348,华阳股份,9.4,0.22,2.397,9.4,9.41,9.18,9.24,9.58,9.18,73435612.0,686966119.0,13:14:37
600350,山东高速,9.95,0.11,1.118,9.95,9.96,9.84,9.88,9.98,9.79,4179118.0,41352863.0,13:14:37
600351,亚宝药业,6.95,0.06,0.871,6.94,6.95,6.89,6.9,6.96,6.87,11062797.0,76503959.0,13:14:37
600352,浙江龙盛,13.13,0.01,0.076,13.12,13.13,13.12,13.09,13.38,13.01,39054457.0,515642885.0,13:14:37
600353,旭光电子,18.23,0.81,4.65,18.23,18.24,17.42,17.42,18.49,17.25,50095064.0,900557358.0,13:14:37
600354,敦煌种业,6.89,0.07,1.026,6.88,6.89,6.82,6.81,6.98,6.79,28803040.0,198374918.0,13:14:28
600355,*ST精伦,2.37,0.04,1.717,2.37,2.38,2.33,2.32,2.45,2.32,12938800.0,30887147.0,13:14:37
600356,恒丰纸业,9.2,-0.06,-0.648,9.2,9.21,9.26,9.26,9.27,9.15,3354200.0,30879048.0,13:14:37
600358,ST联合,6.27,0.14,2.284,6.26,6.27,6.13,6.14,6.27,6.12,7135300.0,44121716.0,13:14:36
600359,新农开发,7.6,0.03,0.396,7.59,7.6,7.57,7.57,7.67,7.51,6175192.0,46864883.0,13:14:33
600360,*ST华微,8.77,0.12,1.387,8.76,8.77,8.65,8.65,9.01,8.65,24668191.0,218045790.0,13:14:37
600361,创新新材,5.0,0.04,0.806,4.99,5.0,4.96,5.01,5.14,4.91,102417893.0,512451345.0,13:14:37
600362,江西铜业,63.0,3.39,5.687,62.98,63.0,59.61,60.87,64.1,60.85,81611546.0,5136119052.0,13:14:27
600363,联创光电,68.01,-2.91,-4.103,68.01,68.03,70.92,71.0,71.63,68.0,14432419.0,1000024329.0,13:14:29
600365,ST通葡,3.11,-0.08,-2.508,3.1,3.11,3.19,3.17,3.18,3.09,8217802.0,25671062.0,13:14:30
600366,宁波韵升,14.7,-0.22,-1.475,14.7,14.71,14.92,14.99,15.0,14.63,36635980.0,543225203.0,13:14:28
600367,红星发展,20.69,0.5,2.476,20.68,20.69,20.19,20.41,21.5,20.32,33870986.0,706723061.0,13:14:28
600368,五洲交通,4.03,0.01,0.249,4.02,4.03,4.02,4.02,4.03,3.98,13094471.0,52460723.0,13:14:29
600369,西南证券,4.6,0.0,0.0,4.6,4.61,4.6,4.6,4.64,4.56,48090900.0,221310844.0,13:14:28
600370,三房巷,2.66,-0.08,-2.92,2.66,2.67,2.74,2.72,2.76,2.66,38626126.0,104626849.0,13:14:30
600371,万向德农,9.18,0.04,0.438,9.15,9.17,9.14,9.18,9.22,9.1,4436300.0,40646981.0,13:14:29
600372,中航机载,16.1,-0.38,-2.306,16.09,16.1,16.48,16.36,16.45,16.02,97650107.0,1583651189.0,13:14:29
600373,中文传媒,9.38,-0.21,-2.19,9.38,9.39,9.59,9.6,9.6,9.36,17060567.0,160827531.0,13:14:29
600375,汉马科技,6.36,-0.08,-1.242,6.36,6.37,6.44,6.53,6.55,6.35,49503600.0,320231491.0,13:14:28
600376,首开股份,5.56,-0.37,-6.239,5.55,5.56,5.93,5.85,5.89,5.52,99720012.0,564275318.0,13:14:29
600377,宁沪高速,11.91,0.17,1.448,11.9,11.91,11.74,11.75,12.0,11.67,11776500.0,139610553.0,13:14:29
600378,昊华科技,37.97,-1.71,-4.309,37.97,37.98,39.68,39.29,39.64,37.73,10663193.0,409547395.0,13:14:29
600379,宝光股份,13.14,-0.09,-0.68,13.13,13.14,13.23,13.27,13.4,13.13,4089620.0,54215000.0,13:14:29
600380,健康元,12.16,0.11,0.913,12.16,12.18,12.05,12.09,12.23,11.92,16434741.0,198108092.0,13:14:29
600381,*ST春天,4.02,-0.18,-4.286,4.01,4.02,4.2,4.23,4.23,3.99,10340389.0,41560389.0,13:14:30
600382,广东明珠,9.24,-0.14,-1.493,9.23,9.24,9.38,9.08,9.66,9.08,30896637.0,287982903.0,13:14:29
600383,金地集团,3.18,-0.06,-1.852,3.17,3.18,3.24,3.19,3.23,3.15,90554452.0,288083542.0,13:14:28
600386,北巴传媒,4.61,-0.05,-1.073,4.61,4.62,4.66,4.66,4.67,4.55,10609883.0,48814407.0,13:14:27
600388,龙净环保,17.76,0.29,1.66,17.75,17.76,17.47,17.46,17.98,17.15,22397303.0,393914919.0,13:14:30
600389,江山股份,26.96,-0.24,-0.882,26.95,26.96,27.2,26.94,27.6,26.86,7522991.0,203998346.0,13:14:29
600390,五矿资本,5.98,-0.06,-0.993,5.98,5.99,6.04,6.0,6.14,5.97,77035508.0,464960791.0,13:14:30
600391,航发科技,48.85,-4.8,-8.947,48.84,48.85,53.65,52.04,52.66,48.42,32850307.0,1643085296.0,13:14:30
600392,盛和资源,25.72,0.55,2.185,25.72,25.73,25.17,25.25,26.35,25.23,83791168.0,2163527002.0,13:14:30
600395,盘江股份,4.87,0.04,0.828,4.87,4.88,4.83,4.83,4.9,4.79,15821313.0,76625304.0,13:14:29
600396,华电辽能,3.08,-0.01,-0.324,3.07,3.08,3.09,3.1,3.11,3.06,10436000.0,32212989.0,13:14:29
600397,江钨装备,11.13,0.48,4.507,11.12,11.13,10.65,10.75,11.24,10.74,41350600.0,453669380.0,13:14:29
600398,海澜之家,6.14,-0.13,-2.073,6.14,6.15,6.27,6.29,6.29,6.14,34205300.0,212069764.0,13:14:27
600399,抚顺特钢,6.79,-0.25,-3.551,6.78,6.79,7.04,7.15,7.17,6.76,92455525.0,642980098.0,13:14:29
600400,红豆股份,2.39,-0.06,-2.449,2.39,2.4,2.45,2.44,2.45,2.39,25070250.0,60377516.0,13:14:30
600403,大有能源,7.33,0.03,0.411,7.33,7.34,7.3,7.3,7.5,7.25,48446684.0,357125064.0,13:14:28
600405,动力源,5.62,-0.06,-1.056,5.62,5.63,5.68,5.68,5.81,5.62,11425846.0,65066091.0,13:14:28
600406,国电南瑞,25.86,0.44,1.731,25.86,25.87,25.42,25.55,26.35,25.55,124274017.0,3236043561.0,13:14:28
600408,安泰集团,4.07,-0.09,-2.163,4.06,4.07,4.16,4.12,4.15,4.06,40829701.0,166939983.0,13:14:30
600409,三友化工,7.3,-0.08,-1.084,7.3,7.31,7.38,7.35,7.67,7.3,47655863.0,354925953.0,13:14:27
600410,华胜天成,19.94,-1.1,-5.228,19.93,19.94,21.04,21.05,21.18,19.92,117003456.0,2392581087.0,13:14:29
600415,小商品城,16.7,-0.38,-2.225,16.69,16.7,17.08,17.1,17.18,16.65,64199291.0,1079187839.0,13:14:28
600416,湘电股份,15.62,-0.55,-3.401,15.61,15.63,16.17,16.24,16.29,15.6,24984860.0,396703925.0,13:14:29
600418,江淮汽车,50.4,-1.56,-3.002,50.39,50.4,51.96,52.0,52.0,49.8,43069264.0,2178392808.0,13:14:28
600419,天润乳业,10.19,-0.05,-0.488,10.18,10.19,10.24,10.2,10.24,10.11,2704898.0,27506539.0,13:14:29
600420,国药现代,10.72,0.13,1.228,10.72,10.73,10.59,10.63,10.78,10.54,10994200.0,117224967.0,13:14:28
600421,*ST华嵘,7.11,-0.11,-1.524,7.1,7.11,7.22,7.2,7.2,7.02,1706400.0,12129329.0,13:14:12
600422,昆药集团,12.67,-0.06,-0.471,12.67,12.68,12.73,12.81,12.81,12.56,7797594.0,98564005.0,13:14:28
600423,柳化股份,3.89,0.0,0.0,3.88,3.89,3.89,3.92,3.93,3.82,16458340.0,63836643.0,13:14:30
600425,青松建化,4.58,0.01,0.219,4.58,4.59,4.57,4.55,4.67,4.54,32885500.0,152108219.0,13:14:28
600426,华鲁恒升,37.24,-0.54,-1.429,37.23,37.24,37.78,37.1,38.68,37.08,17422045.0,658626813.0,13:14:29
600428,中远海特,7.73,0.15,1.979,7.73,7.74,7.58,7.65,7.8,7.55,34454303.0,265431458.0,13:14:30
600429,三元股份,5.38,-0.03,-0.555,5.37,5.38,5.41,5.4,5.4,5.31,12699700.0,67998826.0,13:14:30
600433,冠豪高新,3.45,-0.06,-1.709,3.45,3.46,3.51,3.44,3.48,3.41,27240588.0,93689765.0,13:14:30
600435,北方导航,17.16,-0.75,-4.188,17.16,17.17,17.91,17.91,17.93,17.1,58306804.0,1013867327.0,13:14:29
600436,片仔癀,160.59,-1.66,-1.023,160.59,160.6,162.25,162.25,162.25,159.51,3406304.0,546431119.0,13:14:29
600438,通威股份,19.68,-0.6,-2.959,19.68,19.69,20.28,20.36,20.5,19.57,79236014.0,1577764586.0,13:14:29
600439,瑞贝卡,2.87,-0.03,-1.034,2.86,2.87,2.9,2.9,2.9,2.85,13183832.0,37867012.0,13:14:27
600444,国机通用,19.17,-0.26,-1.338,19.17,19.18,19.43,19.49,19.5,19.08,2986500.0,57511481.0,13:14:29
600446,金证股份,16.07,-0.44,-2.665,16.07,16.08,16.51,16.52,16.52,16.07,18647557.0,302254616.0,13:14:29
600448,华纺股份,3.33,-0.04,-1.187,3.33,3.34,3.37,3.39,3.4,3.32,11287620.0,37915226.0,13:14:26
600449,宁夏建材,13.25,-0.16,-1.193,13.24,13.25,13.41,13.38,13.41,13.24,5702220.0,75987339.0,13:14:28
600452,涪陵电力,11.9,0.64,5.684,11.89,11.9,11.26,11.28,11.95,11.04,70647795.0,811809028.0,13:14:29
600455,博通股份,28.37,-0.3,-1.046,28.36,28.37,28.67,28.74,28.98,28.02,1414100.0,40267128.0,13:14:30
600456,宝钛股份,40.73,-0.43,-1.045,40.72,40.73,41.16,41.25,42.3,40.5,21066004.0,872857700.0,13:14:28
600458,时代新材,14.95,-0.06,-0.4,14.95,14.97,15.01,15.09,15.19,14.8,15302260.0,228974211.0,13:14:28
600459,贵研铂业,24.53,0.84,3.546,24.52,24.53,23.69,25.19,25.44,24.46,72829902.0,1810555995.0,13:14:30
600460,士兰微,30.73,-0.93,-2.937,30.73,30.75,31.66,31.6,31.6,30.53,40871539.0,1264457297.0,13:14:28
600461,洪城环境,9.73,0.06,0.62,9.73,9.74,9.67,9.67,9.75,9.53,7212400.0,69545610.0,13:14:29
600463,空港股份,11.11,-0.18,-1.594,11.11,11.12,11.29,11.32,11.35,11.05,2599500.0,28969541.0,13:14:30
600467,好当家,2.65,-0.04,-1.487,2.64,2.65,2.69,2.68,2.68,2.63,40667057.0,108034850.0,13:14:28
600468,百利电气,7.49,-0.26,-3.355,7.49,7.5,7.75,7.75,7.75,7.49,31383763.0,238596980.0,13:14:30
600469,风神股份,7.12,0.05,0.707,7.12,7.13,7.07,7.08,7.23,7.07,8846100.0,63185693.0,13:14:30
600470,六国化工,6.75,0.03,0.446,6.75,6.76,6.72,6.72,6.93,6.68,20365601.0,139032734.0,13:14:29
600475,华光环能,19.77,-1.45,-6.833,19.78,19.79,21.22,21.23,21.23,19.55,21003191.0,423484901.0,13:14:30
600476,湘邮科技,16.66,-0.5,-2.914,16.65,16.66,17.16,17.26,17.29,16.66,3027400.0,50952354.0,13:14:28
600477,杭萧钢构,3.89,0.0,0.0,3.88,3.89,3.89,3.98,4.19,3.81,276934944.0,1104916603.0,13:14:29
600478,科力远,7.61,-0.07,-0.911,7.61,7.62,7.68,7.7,7.78,7.61,37234648.0,285938119.0,13:14:30
600479,千金药业,10.69,0.12,1.135,10.69,10.7,10.57,10.58,10.73,10.53,5704561.0,60583577.0,13:14:26
600480,凌云股份,12.08,-0.46,-3.668,12.08,12.09,12.54,12.55,12.63,12.08,22335202.0,273901045.0,13:14:29
600481,双良节能,8.19,0.34,4.331,8.18,8.19,7.85,8.64,8.64,8.08,281067755.0,2351936910.0,13:14:27
600482,中国动力,26.39,-0.21,-0.789,26.39,26.41,26.6,26.65,27.8,26.36,33372002.0,902039714.0,13:14:30
600483,福能股份,9.47,0.0,0.0,9.47,9.48,9.47,9.47,9.52,9.39,14052170.0,133043171.0,13:14:30
600486,扬农化工,75.27,-1.53,-1.992,75.12,75.24,76.8,76.8,78.48,75.1,2915633.0,221626337.0,13:14:29
600487,亨通光电,31.17,2.76,9.715,31.16,31.17,28.41,29.0,31.2,29.0,138359027.0,4227654176.0,13:14:28
600488,津药药业,4.31,0.05,1.174,4.31,4.32,4.26,4.27,4.33,4.24,10686343.0,45800015.0,13:14:29
600489,中金黄金,32.72,2.72,9.067,32.71,32.72,30.0,31.31,33.0,31.3,106343812.0,3456709467.0,13:14:28
600490,鹏欣资源,10.14,0.59,6.178,10.13,10.14,9.55,10.0,10.47,9.81,162370351.0,1641472325.0,13:14:28
600491,龙元建设,2.99,-0.07,-2.288,2.99,3.0,3.06,3.06,3.07,2.94,25520600.0,75931310.0,13:14:30
600493,凤竹纺织,7.68,-0.03,-0.389,7.68,7.69,7.71,7.82,7.82,7.64,5979501.0,46137409.0,13:14:29
600495,晋西车轴,5.02,0.06,1.21,5.01,5.02,4.96,4.99,5.09,4.96,28367372.0,142865923.0,13:14:30
600496,精工钢构,4.73,0.07,1.502,4.72,4.73,4.66,4.67,4.79,4.65,24792794.0,117516780.0,13:14:28
600497,驰宏锌锗,10.49,0.4,3.964,10.48,10.49,10.09,10.41,10.74,10.27,244721758.0,2580702421.0,13:14:28
600498,烽火通信,40.14,-1.68,-4.017,40.12,40.14,41.82,42.0,42.86,39.78,128012326.0,5294018625.0,13:14:29
600499,科达制造,14.78,0.0,0.0,0.0,0.0,14.78,0.0,0.0,0.0,0.0,0.0,13:14:16
600500,中化国际,4.46,0.01,0.225,4.46,4.47,4.45,4.44,4.54,4.42,39659870.0,177623432.0,13:14:27
600501,航天晨光,27.58,-1.75,-5.967,27.58,27.59,29.33,29.0,29.01,27.38,22811921.0,636344498.0,13:14:28
600502,安徽建工,4.78,-0.02,-0.417,4.77,4.78,4.8,4.8,4.81,4.74,13733022.0,65631828.0,13:14:27
600503,华丽家族,2.71,-0.08,-2.867,2.7,2.71,2.79,2.79,2.8,2.7,30237900.0,82510686.0,13:14:30
600505,西昌电力,13.87,-0.09,-0.645,13.85,13.87,13.96,13.95,13.95,13.73,6019200.0,83295791.0,13:14:23
600506,统一股份,25.08,-1.73,-6.453,25.07,25.08,26.81,26.24,26.25,24.9,12475101.0,318120290.0,13:14:30
600507,方大特钢,6.27,0.0,0.0,6.26,6.27,6.27,6.27,6.32,6.21,24601233.0,154302323.0,13:14:29
600508,上海能源,12.4,-0.02,-0.161,12.4,12.41,12.42,12.33,12.5,12.25,6160458.0,76172186.0,13:14:30
600509,天富能源,9.03,-0.23,-2.484,9.03,9.04,9.26,9.13,9.28,9.02,30446479.0,278530286.0,13:14:28
600510,黑牡丹,9.32,-0.18,-1.895,9.31,9.32,9.5,9.5,9.55,9.2,8489307.0,79370127.0,13:14:30
600511,国药股份,29.47,0.05,0.17,29.47,29.48,29.42,29.18,29.58,29.12,6128099.0,179784676.0,13:14:30
600512,腾达建设,2.57,0.01,0.391,2.56,2.57,2.56,2.55,2.57,2.53,17955402.0,45820723.0,13:14:26
600513,联环药业,20.67,0.62,3.092,20.67,20.68,20.05,19.6,21.12,19.41,16289257.0,330747011.0,13:14:29
600515,海南机场,4.53,-0.17,-3.617,4.53,4.54,4.7,4.7,4.7,4.52,158729940.0,727384143.0,13:14:28
600516,方大炭素,5.98,-0.07,-1.157,5.98,5.99,6.05,6.07,6.16,5.96,54478121.0,328302291.0,13:14:29
600517,国网英大,6.98,0.05,0.722,6.98,6.99,6.93,6.95,7.14,6.91,45702054.0,321174611.0,13:14:29
600518,康美药业,1.95,0.01,0.515,1.95,1.96,1.94,1.94,1.97,1.92,266514541.0,518048838.0,13:14:30
600519,贵州茅台,1339.84,2.84,0.212,1339.0,1339.84,1337.0,1340.51,1353.0,1325.12,5075429.0,6787426351.0,13:14:30
600520,三佳科技,28.16,-0.47,-1.642,28.16,28.17,28.63,28.28,28.8,28.16,4124918.0,117462226.0,13:14:29
600521,华海药业,17.1,-0.03,-0.175,17.1,17.11,17.13,17.34,17.35,16.92,16707149.0,284642928.0,13:14:30
600522,中天科技,21.05,1.26,6.367,21.04,21.05,19.79,19.89,21.11,19.88,169123273.0,3516305540.0,13:14:29
600523,贵航股份,15.38,-0.69,-4.294,15.38,15.39,16.07,16.03,16.07,15.38,8426600.0,131706458.0,13:14:28
600525,ST长园,4.87,0.01,0.206,4.86,4.87,4.86,5.0,5.09,4.85,41637854.0,207075690.0,13:14:26
600526,菲达环保,5.69,0.0,0.0,5.69,5.7,5.69,5.68,5.72,5.65,10014672.0,57024949.0,13:14:29
600527,江南高纤,2.31,0.01,0.435,2.3,2.31,2.3,2.3,2.32,2.28,36075856.0,83035188.0,13:14:27
600528,中铁工业,8.54,-0.01,-0.117,8.54,8.55,8.55,8.55,8.6,8.47,18199342.0,155422806.0,13:14:30
600529,山东药玻,20.99,-0.09,-0.427,20.99,21.0,21.08,21.14,21.15,20.77,8273100.0,172922584.0,13:14:27
600530,交大昂立,6.99,-0.14,-1.964,6.98,6.99,7.13,7.12,7.16,6.88,9381350.0,65458075.0,13:14:26
600531,豫光金铅,18.63,1.69,9.976,18.63,0.0,16.94,18.63,18.63,18.63,9657918.0,179927012.0,13:14:27
600533,栖霞建设,2.68,-0.03,-1.107,2.67,2.68,2.71,2.71,2.71,2.67,9969100.0,26785669.0,13:14:28
600535,天士力,15.28,0.03,0.197,15.28,15.29,15.25,15.25,15.34,15.17,8352063.0,127362776.0,13:14:28
600536,中国软件,48.22,-1.69,-3.386,48.21,48.22,49.91,49.77,50.44,48.2,15749958.0,770817653.0,13:14:30
600537,亿晶光电,3.42,0.19,5.882,3.41,3.42,3.23,3.35,3.52,3.33,228717350.0,780612087.0,13:14:28
600538,国发股份,7.22,0.01,0.139,7.21,7.22,7.21,7.2,7.42,7.19,13653300.0,99752803.0,13:14:28
600539,狮头股份,11.19,-0.22,-1.928,11.17,11.18,11.41,11.39,11.39,11.13,5683401.0,63887026.0,13:14:29
600540,新赛股份,4.87,0.08,1.67,4.86,4.87,4.79,4.78,4.9,4.75,15780110.0,76466806.0,13:14:19
600543,莫高股份,5.81,-0.01,-0.172,5.8,5.81,5.82,5.82,5.85,5.74,5173105.0,29993319.0,13:14:26
600545,卓郎智能,2.64,-0.07,-2.583,2.63,2.64,2.71,2.7,2.72,2.63,24839131.0,65977995.0,13:14:29
600546,山煤国际,10.9,0.19,1.774,10.89,10.9,10.71,10.71,11.02,10.66,24055912.0,260319840.0,13:14:27
600547,山东黄金,54.14,3.44,6.785,54.12,54.15,50.7,52.66,55.0,52.6,64996889.0,3505493043.0,13:14:30
600548,深高速,8.98,0.02,0.223,8.98,8.99,8.96,8.97,9.02,8.9,4205400.0,37673184.0,13:14:24
600549,厦门钨业,64.11,4.54,7.621,64.12,64.13,59.57,59.58,64.87,59.58,50887256.0,3193112954.0,13:14:29
600550,保变电气,15.37,0.24,1.586,15.38,15.39,15.13,15.14,15.97,15.03,140821926.0,2189409909.0,13:14:27
600551,时代出版,8.68,-0.06,-0.686,8.68,8.69,8.74,8.74,8.75,8.65,4177120.0,36276944.0,13:14:29
600552,凯盛科技,15.58,0.3,1.963,15.57,15.58,15.28,16.07,16.77,15.54,107095567.0,1730660207.0,13:14:29
600556,天下秀,7.44,-0.38,-4.859,7.44,7.45,7.82,7.83,7.97,7.37,127689656.0,971682981.0,13:14:28
600557,康缘药业,15.26,0.24,1.598,15.26,15.27,15.02,15.02,15.37,14.92,8987800.0,135879750.0,13:14:28
600558,大西洋,6.54,-0.06,-0.909,6.54,6.55,6.6,6.6,6.6,6.48,17984288.0,117463697.0,13:14:30
600559,老白干酒,15.65,-0.28,-1.758,15.65,15.66,15.93,15.89,15.9,15.57,13349023.0,209275907.0,13:14:29
600560,金自天正,17.37,-0.29,-1.642,17.37,17.38,17.66,17.6,17.64,17.32,2706300.0,47172828.0,13:14:29
600561,江西长运,6.93,-0.08,-1.141,6.92,6.93,7.01,7.01,7.07,6.88,3593700.0,24972963.0,13:14:10
600562,国睿科技,30.37,-1.89,-5.859,30.37,30.38,32.26,32.17,32.17,30.35,15755306.0,489839602.0,13:14:30
600563,法拉电子,116.56,-1.0,-0.851,116.57,116.6,117.56,117.58,117.69,114.41,4944439.0,573406419.0,13:14:29
600566,济川药业,27.14,0.09,0.333,27.11,27.15,27.05,27.18,27.19,26.75,2962988.0,79935585.0,13:14:30
600567,山鹰国际,1.68,-0.02,-1.176,1.67,1.68,1.7,1.68,1.69,1.67,98969452.0,166257002.0,13:14:29
600568,ST中珠,2.69,-0.03,-1.103,2.69,2.7,2.72,2.72,2.74,2.66,21246316.0,57245006.0,13:14:28
600569,安阳钢铁,2.55,0.0,0.0,2.54,2.55,2.55,2.55,2.58,2.49,31315078.0,79414505.0,13:14:30
600570,恒生电子,32.02,-0.68,-2.08,32.02,32.03,32.7,32.75,32.83,31.9,38142246.0,1233203267.0,13:14:30
600571,信雅达,16.48,-0.44,-2.6,16.48,16.49,16.92,17.04,17.06,16.48,9909505.0,165608016.0,13:14:29
600572,康恩贝,4.67,0.07,1.522,4.67,4.68,4.6,4.6,4.69,4.58,47701156.0,220893235.0,13:14:30
600573,惠泉啤酒,12.02,-0.14,-1.151,12.01,12.02,12.16,12.16,12.16,11.93,4053000.0,48727676.0,13:14:27
600575,淮河能源,3.45,-0.02,-0.576,3.45,3.46,3.47,3.47,3.48,3.43,40518302.0,139857801.0,13:14:29
600576,祥源文旅,6.54,-0.24,-3.54,6.54,6.55,6.78,6.78,6.78,6.52,18762020.0,123796276.0,13:14:27
600577,精达股份,14.65,-0.84,-5.423,14.63,14.64,15.49,15.29,15.3,14.55,115721512.0,1716148386.0,13:14:28
600578,京能电力,5.43,-0.06,-1.093,5.42,5.43,5.49,5.51,5.51,5.42,36102020.0,197112600.0,13:14:29
600579,中化装备,8.83,-0.19,-2.106,8.83,8.84,9.02,9.02,9.02,8.83,5855500.0,52168425.0,13:14:27
600580,卧龙电驱,45.01,-1.99,-4.234,45.0,45.01,47.0,47.06,47.59,44.89,60251604.0,2770385157.0,13:14:30
600581,八一钢铁,3.24,-0.36,-10.0,0.0,3.24,3.6,3.24,3.35,3.24,63598442.0,206706107.0,13:14:28
600582,天地科技,6.03,0.02,0.333,6.03,6.04,6.01,6.01,6.06,5.95,33068901.0,198863716.0,13:14:29
600583,海油工程,6.6,0.07,1.072,6.6,6.61,6.53,6.55,6.68,6.49,76050108.0,501116360.0,13:14:27
600584,长电科技,47.56,-1.46,-2.978,47.56,47.57,49.02,48.83,49.32,47.05,91521055.0,4381557236.0,13:14:29
600585,海螺水泥,23.84,0.11,0.464,23.84,23.85,23.73,23.73,24.28,23.73,32565018.0,781663005.0,13:14:30
600586,金晶科技,6.43,-0.25,-3.743,6.43,6.44,6.68,6.87,6.87,6.43,127144523.0,840879285.0,13:14:29
600587,新华医疗,16.62,-0.13,-0.776,16.62,16.63,16.75,16.78,16.78,16.43,10607180.0,175411593.0,13:14:30
600588,用友网络,15.46,-0.43,-2.706,15.46,15.47,15.89,15.95,16.12,15.35,73781692.0,1156462449.0,13:14:30
600589,大位科技,10.54,0.96,10.021,10.54,0.0,9.58,10.1,10.54,10.1,189989823.0,1990073667.0,13:14:28
600590,泰豪科技,10.9,-0.32,-2.852,10.9,10.91,11.22,11.35,11.8,10.89,71192606.0,805638104.0,13:14:30
600592,龙溪股份,24.39,-1.6,-6.156,24.38,24.39,25.99,25.99,26.05,24.33,20945958.0,523378357.0,13:14:28
600593,大连圣亚,46.77,0.0,0.0,46.77,46.78,46.77,46.28,47.5,45.28,5741700.0,267073305.0,13:14:30
600594,益佰制药,4.26,0.06,1.429,4.25,4.26,4.2,4.19,4.27,4.16,15201557.0,64129479.0,13:14:29
600595,中孚实业,9.8,-0.04,-0.407,9.8,9.81,9.84,9.98,10.1,9.71,60031386.0,594342497.0,13:14:30
600596,新安股份,13.17,-0.23,-1.716,13.17,13.18,13.4,13.36,13.57,13.16,24508943.0,326262029.0,13:14:29
600597,光明乳业,7.96,-0.08,-0.995,7.96,7.97,8.04,8.03,8.04,7.93,13119583.0,104538942.0,13:14:28
600598,北大荒,15.89,0.37,2.384,15.89,15.9,15.52,15.53,16.09,15.53,37516273.0,594934483.0,13:14:28
600599,*ST熊猫,8.24,-0.31,-3.626,8.24,8.25,8.55,8.12,8.44,8.12,7164016.0,58376550.0,13:14:29
600600,青岛啤酒,61.55,-0.24,-0.388,61.54,61.55,61.79,61.8,62.1,61.3,4432269.0,273150038.0,13:14:27
600601,方正科技,12.24,-0.26,-2.08,12.24,12.25,12.5,12.32,12.48,12.15,89815863.0,1101612566.0,13:14:27
600602,云赛智联,19.59,0.0,0.0,19.59,19.6,19.59,19.72,20.65,19.54,33345591.0,668755601.0,13:14:28
600603,广汇物流,6.65,-0.1,-1.481,6.64,6.65,6.75,6.72,6.73,6.6,9282500.0,61671291.0,13:14:29
600604,市北高新,5.55,-0.18,-3.141,5.54,5.55,5.73,5.71,5.72,5.52,16070070.0,89904747.0,13:14:30
600605,汇通能源,28.94,-0.21,-0.72,28.89,28.94,29.15,29.0,29.33,28.52,1696920.0,48887996.0,13:14:29
600606,绿地控股,1.66,-0.04,-2.353,1.66,1.67,1.7,1.7,1.7,1.65,84188383.0,140599016.0,13:14:29
600608,*ST沪科,3.53,-0.06,-1.671,3.51,3.53,3.59,3.6,3.6,3.5,1013900.0,3577437.0,13:14:29
600609,金杯汽车,4.93,-0.13,-2.569,4.93,4.94,5.06,5.05,5.07,4.93,18634457.0,92721724.0,13:14:29
600610,中毅达,12.09,0.37,3.157,12.09,12.1,11.72,11.5,12.38,11.41,74318097.0,886676794.0,13:14:30
600611,大众交通,5.87,-0.21,-3.454,5.87,5.88,6.08,5.99,6.0,5.87,39637452.0,234473100.0,13:14:28
600612,老凤祥,47.7,0.85,1.814,47.7,47.71,46.85,47.32,49.03,47.0,7826959.0,374890148.0,13:14:27
600613,神奇制药,6.53,0.14,2.191,6.52,6.53,6.39,6.38,6.58,6.34,11739029.0,75776431.0,13:14:28
600615,鑫源智造,12.77,-0.06,-0.468,12.77,12.78,12.83,12.86,13.09,12.61,4155081.0,53488375.0,13:14:28
600616,金枫酒业,5.64,-0.03,-0.529,5.63,5.64,5.67,5.68,5.72,5.61,7042939.0,39819870.0,13:14:28
600617,国新能源,3.31,-0.01,-0.301,3.31,3.32,3.32,3.32,3.36,3.26,27779860.0,91915519.0,13:14:29
600618,氯碱化工,15.2,0.34,2.288,15.19,15.2,14.86,14.65,15.73,14.5,34269837.0,514328119.0,13:14:30
600619,海立股份,19.87,-0.7,-3.403,19.87,19.88,20.57,20.6,20.7,19.82,25879532.0,520230474.0,13:14:30
600620,天宸股份,7.08,-0.12,-1.667,7.07,7.08,7.2,7.21,7.28,7.07,7391071.0,52812667.0,13:14:29
600621,华鑫股份,16.12,0.21,1.32,16.1,16.12,15.91,15.91,16.22,15.82,23208108.0,372393897.0,13:14:28
600622,光大嘉宝,2.89,-0.05,-1.701,2.89,2.9,2.94,2.95,2.96,2.88,21734970.0,63055223.0,13:14:30
600623,华谊集团,9.57,-0.13,-1.34,9.57,9.58,9.7,9.6,9.75,9.49,19877002.0,190853612.0,13:14:30
600624,ST复华,5.54,0.1,1.838,5.53,5.54,5.44,5.46,5.6,5.44,11976648.0,66178284.0,13:14:29
600626,申达股份,5.1,-0.23,-4.315,5.09,5.1,5.33,5.3,5.32,5.08,21911300.0,113117940.0,13:14:28
600628,新世界,8.13,-0.17,-2.048,8.12,8.13,8.3,8.27,8.29,8.09,14892000.0,121458077.0,13:14:29
600629,华建集团,20.9,-0.73,-3.375,20.9,20.91,21.63,21.5,21.51,20.9,23582900.0,498331212.0,13:14:29
600630,龙头股份,9.53,0.06,0.634,9.53,9.54,9.47,9.52,9.67,9.45,16583011.0,158703611.0,13:14:28
600633,浙数文化,15.47,0.07,0.455,15.47,15.52,15.4,16.19,16.49,15.23,55597032.0,876219313.0,13:14:28
600635,大众公用,6.76,-0.02,-0.295,6.76,6.77,6.78,7.0,7.11,6.76,127299343.0,879000132.0,13:14:30
600636,*ST国化,9.43,-0.03,-0.317,9.43,9.44,9.46,9.46,9.51,9.32,3102820.0,29200840.0,13:14:15
600637,东方明珠,11.97,-0.43,-3.468,11.97,11.98,12.4,12.48,12.73,11.91,109589758.0,1336653978.0,13:14:28
600638,新黄浦,7.27,0.05,0.693,7.26,7.27,7.22,7.22,7.35,7.15,9702661.0,70329782.0,13:14:28
600639,浦东金桥,10.65,-0.08,-0.746,10.65,10.66,10.73,10.7,10.74,10.59,5485410.0,58430054.0,13:14:30
600640,国脉文化,13.74,-0.29,-2.067,13.73,13.74,14.03,13.99,14.16,13.64,9906651.0,137083675.0,13:14:28
600641,先导基电,19.15,-0.82,-4.106,19.15,19.17,19.97,19.97,20.23,19.08,36726241.0,716228533.0,13:14:28
600642,申能股份,8.3,0.01,0.121,8.3,8.31,8.29,8.3,8.34,8.2,18364535.0,152075895.0,13:14:28
600643,爱建集团,5.08,-0.08,-1.55,5.08,5.09,5.16,5.16,5.21,5.08,13924590.0,71230006.0,13:14:28
600644,乐山电力,11.21,-0.17,-1.494,11.2,11.21,11.38,11.3,11.43,11.2,18170254.0,205569671.0,13:14:29
600645,中源协和,27.22,-0.07,-0.257,27.22,27.29,27.29,27.3,27.54,26.67,9060764.0,244942859.0,13:14:29
600648,外高桥,10.55,-0.06,-0.566,10.55,10.56,10.61,10.59,10.64,10.52,1859010.0,19634194.0,13:14:29
600649,城投控股,5.07,-0.09,-1.744,5.06,5.07,5.16,5.15,5.32,5.02,102264656.0,526345481.0,13:14:29
600650,锦江在线,16.21,-0.82,-4.815,16.2,16.21,17.03,16.7,16.82,16.16,13958700.0,229034483.0,13:14:28
600651,飞乐音响,8.4,-0.49,-5.512,8.4,8.41,8.89,8.77,8.8,8.31,46071600.0,391343807.0,13:14:29
600653,申华控股,1.95,-0.05,-2.5,1.95,1.96,2.0,1.98,1.99,1.95,23527640.0,46263530.0,13:14:28
600654,中安科,4.01,-0.08,-1.956,4.01,4.02,4.09,4.09,4.15,4.0,54073693.0,218548614.0,13:14:30
600655,豫园股份,5.4,0.01,0.186,5.4,5.41,5.39,5.36,5.52,5.33,34024950.0,184893756.0,13:14:28
600657,信达地产,3.42,-0.08,-2.286,3.42,3.43,3.5,3.5,3.52,3.38,17637700.0,60357425.0,13:14:28
600658,电子城,5.47,-0.22,-3.866,5.47,5.48,5.69,5.64,5.67,5.44,24459901.0,134487152.0,13:14:28
600660,福耀玻璃,60.52,-0.77,-1.256,60.52,60.54,61.29,61.34,61.72,60.35,16432251.0,999545543.0,13:14:28
600661,昂立教育,10.85,-0.01,-0.092,10.85,10.86,10.86,10.91,10.96,10.69,3986700.0,43145201.0,13:14:25
600662,外服控股,6.05,-0.19,-3.045,6.05,6.06,6.24,6.16,6.35,6.02,40837463.0,249910190.0,13:14:30
600663,陆家嘴,8.29,-0.1,-1.192,8.29,8.3,8.39,8.36,8.41,8.23,7179328.0,59516765.0,13:14:27
600664,哈药股份,3.6,0.04,1.124,3.6,3.61,3.56,3.57,3.62,3.54,42554883.0,152264545.0,13:14:30
600665,天地源,3.46,-0.04,-1.143,3.46,3.47,3.5,3.49,3.5,3.45,6553340.0,22773543.0,13:14:26
600666,奥瑞德,3.73,-0.1,-2.611,3.73,3.74,3.83,3.86,3.88,3.73,72863260.0,274560952.0,13:14:28
600667,太极实业,9.34,-0.33,-3.413,9.34,9.35,9.67,9.63,9.77,9.28,103136529.0,973678948.0,13:14:27
600668,尖峰集团,11.66,-0.12,-1.019,11.65,11.66,11.78,11.78,11.81,11.57,5137038.0,59898110.0,13:14:30
600671,天目药业,19.06,-0.51,-2.606,19.06,19.07,19.57,19.7,19.75,18.85,5475908.0,104427262.0,13:14:29
600673,东阳光,28.81,0.12,0.418,28.82,28.85,28.69,29.53,31.36,28.68,77642811.0,2326855738.0,13:14:30
600674,川投能源,13.99,-0.04,-0.285,13.99,14.0,14.03,14.02,14.08,13.91,13631054.0,190768065.0,13:14:28
600675,中华企业,2.88,-0.07,-2.373,2.88,2.89,2.95,2.95,2.96,2.87,54125315.0,156987851.0,13:14:28
600676,交运股份,8.25,-0.5,-5.714,8.25,8.26,8.75,8.69,8.75,8.23,37007130.0,311446972.0,13:14:30
600678,四川金顶,12.39,-0.7,-5.348,12.39,12.4,13.09,13.0,13.0,12.39,25456062.0,322705872.0,13:14:30
600679,上海凤凰,13.31,-0.27,-1.988,13.29,13.31,13.58,13.58,13.58,13.29,4049300.0,54213171.0,13:14:30
600681,百川能源,4.29,0.01,0.234,4.28,4.29,4.28,4.28,4.31,4.24,30858278.0,132024199.0,13:14:29
600682,南京新百,7.5,-0.15,-1.961,7.49,7.5,7.65,7.67,7.73,7.46,27037600.0,203659807.0,13:14:29
600683,京投发展,4.53,-0.01,-0.22,4.53,4.54,4.54,4.54,4.6,4.49,7115700.0,32280397.0,13:14:31
600684,珠江股份,4.58,-0.16,-3.376,4.57,4.58,4.74,4.73,4.73,4.55,18754890.0,86377552.0,13:14:31
600685,中船防务,33.19,-0.58,-1.718,33.19,33.2,33.77,33.83,34.5,33.11,16370395.0,552873578.0,13:14:32
600686,金龙汽车,19.06,-2.12,-10.009,0.0,19.06,21.18,20.78,20.79,19.06,18742517.0,365956023.0,13:14:32
600688,上海石化,3.12,0.05,1.629,3.12,3.13,3.07,3.08,3.14,3.05,62666975.0,194606373.0,13:14:31
600689,上海三毛,14.01,0.02,0.143,14.01,14.02,13.99,13.99,14.12,13.92,2853400.0,40011026.0,13:14:28
600690,海尔智家,25.68,0.0,0.0,25.68,25.69,25.68,25.68,25.89,25.4,39330621.0,1008320423.0,13:14:29
600691,潞化科技,3.24,0.01,0.31,3.23,3.24,3.23,3.25,3.31,3.21,28792052.0,93657646.0,13:14:31
600692,亚通股份,7.48,-0.1,-1.319,7.46,7.48,7.58,7.59,7.61,7.42,4480156.0,33529312.0,13:14:31
600693,东百集团,14.52,-0.8,-5.222,14.51,14.52,15.32,15.27,15.48,14.51,45020202.0,670799494.0,13:14:30
600694,大商股份,18.88,-0.36,-1.871,18.88,18.89,19.24,19.26,19.26,18.88,4644949.0,88195560.0,13:14:31
600696,*ST岩石,2.19,-0.12,-5.195,0.0,2.19,2.31,2.19,2.23,2.19,6488000.0,14252246.0,13:14:14
600697,欧亚集团,13.67,-0.44,-3.118,13.66,13.68,14.11,13.8,13.84,13.52,9208600.0,126280076.0,13:14:30
600698,湖南天雁,8.61,-0.32,-3.583,8.61,8.62,8.93,8.9,8.91,8.61,14938169.0,129931255.0,13:14:30
600699,均胜电子,29.86,-1.39,-4.448,29.84,29.86,31.25,31.51,31.75,29.8,50257703.0,1529090705.0,13:14:31
600702,舍得酒业,53.71,-1.19,-2.168,53.69,53.71,54.9,54.5,54.6,53.37,6664399.0,358888312.0,13:14:32
600703,三安光电,16.31,-0.23,-1.391,16.3,16.31,16.54,16.98,17.37,16.28,183761911.0,3057632977.0,13:14:32
600704,物产中大,5.96,0.0,0.0,5.96,5.97,5.96,5.99,6.03,5.93,53835043.0,321708361.0,13:14:31
600706,曲江文旅,10.98,-0.24,-2.139,10.98,10.99,11.22,11.23,11.24,10.95,9091300.0,100534660.0,13:14:31
600707,彩虹股份,6.88,-0.22,-3.099,6.88,6.89,7.1,7.09,7.15,6.88,49310256.0,343714842.0,13:14:30
600708,光明地产,3.94,0.01,0.254,3.93,3.94,3.93,3.96,3.96,3.82,30329300.0,117836998.0,13:14:31
600710,苏美达,11.23,-0.17,-1.491,11.23,11.24,11.4,11.38,11.38,11.14,12524100.0,140733643.0,13:14:31
600711,盛屯矿业,17.97,0.67,3.873,17.96,17.97,17.3,17.85,18.2,17.59,150717124.0,2693909567.0,13:14:30
600712,南宁百货,6.63,-0.17,-2.5,6.63,6.64,6.8,6.74,6.8,6.61,13399390.0,89397850.0,13:14:29
600713,南京医药,5.67,0.0,0.0,5.66,5.67,5.67,5.66,5.7,5.6,18194627.0,102684767.0,13:14:32
600714,金瑞矿业,15.56,0.01,0.064,15.55,15.56,15.55,15.64,16.25,15.4,23870410.0,375415089.0,13:14:31
600715,文投控股,2.25,-0.05,-2.174,2.24,2.25,2.3,2.3,2.32,2.24,29310202.0,66539508.0,13:14:25
600716,凤凰股份,4.32,0.06,1.408,4.32,4.33,4.26,4.26,4.38,4.2,12139788.0,52132557.0,13:14:30
600717,天津港,4.76,0.02,0.422,4.76,4.77,4.74,4.74,4.79,4.71,19004283.0,90357611.0,13:14:32
600718,东软集团,11.14,-0.34,-2.962,11.13,11.14,11.48,11.49,11.52,11.1,29452680.0,330202237.0,13:14:31
600719,大连热电,6.56,0.03,0.459,6.55,6.56,6.53,6.59,6.65,6.51,7011000.0,46194297.0,13:14:30
600720,中交设计,7.46,-0.01,-0.134,7.46,7.47,7.47,7.47,7.49,7.4,7781608.0,57978594.0,13:14:30
600721,百花医药,9.83,0.05,0.511,9.83,9.84,9.78,9.76,9.95,9.64,17756310.0,172857658.0,13:14:31
600722,金牛化工,7.24,0.17,2.405,7.24,7.25,7.07,7.14,7.49,7.08,49656523.0,365403152.0,13:14:32
600724,宁波富达,6.67,-0.1,-1.477,6.66,6.67,6.77,6.79,6.79,6.59,9997454.0,66837036.0,13:14:24
600725,云维股份,4.63,0.0,0.0,4.63,4.64,4.63,4.63,4.72,4.57,20949663.0,97006031.0,13:14:30
600726,华电能源,2.55,-0.02,-0.778,2.55,2.56,2.57,2.57,2.59,2.53,26167503.0,66908523.0,13:14:30
600727,鲁北化工,7.42,0.01,0.135,7.42,7.43,7.41,7.43,7.53,7.39,11267901.0,84161450.0,13:14:32
600728,佳都科技,7.12,-0.1,-1.385,7.12,7.13,7.22,7.22,7.33,7.08,73567647.0,528389393.0,13:14:29
600729,重庆百货,24.53,-0.58,-2.31,24.52,24.53,25.11,25.1,25.1,24.43,7960935.0,196198506.0,13:14:31
600730,中国高科,10.69,-0.48,-4.297,10.69,10.7,11.17,11.19,11.26,10.64,26884705.0,292136467.0,13:14:31
600731,湖南海利,7.62,0.14,1.872,7.62,7.63,7.48,7.5,7.7,7.5,11685771.0,89039143.0,13:14:30
600732,爱旭股份,14.32,-0.42,-2.849,14.32,14.33,14.74,15.01,15.09,14.26,83850646.0,1224915658.0,13:14:31
600733,北汽蓝谷,8.07,-0.38,-4.497,8.06,8.07,8.45,8.5,8.5,8.06,152054916.0,1246464960.0,13:14:31
600734,实达集团,4.69,-0.2,-4.09,4.69,4.7,4.89,4.88,4.88,4.69,102466901.0,485971045.0,13:14:30
600735,ST新华锦,6.84,0.33,5.069,6.84,0.0,6.51,6.84,6.84,6.56,44613090.0,302217695.0,13:14:29
600736,苏州高新,7.88,0.72,10.056,7.88,0.0,7.16,7.88,7.88,7.6,50757749.0,397656956.0,13:14:30
600737,中粮糖业,17.01,-0.61,-3.462,17.0,17.01,17.62,17.63,17.68,16.91,32037263.0,547538078.0,13:14:31
600738,丽尚国潮,5.44,-0.06,-1.091,5.44,5.45,5.5,5.49,5.55,5.41,14117600.0,77048869.0,13:14:30
600739,辽宁成大,12.52,0.01,0.08,12.52,12.53,12.51,12.56,12.61,12.41,17605883.0,220487507.0,13:14:29
600740,山西焦化,4.13,0.03,0.732,4.12,4.13,4.1,4.1,4.15,4.07,18157233.0,74527626.0,13:14:30
600741,华域汽车,20.28,-0.26,-1.266,20.28,20.29,20.54,20.54,20.7,20.26,11912999.0,243568938.0,13:14:30
600742,富维股份,10.04,-0.08,-0.791,10.03,10.04,10.12,10.16,10.18,10.0,5007896.0,50383805.0,13:14:30
600743,华远控股,1.95,-0.01,-0.51,1.94,1.95,1.96,1.96,1.96,1.94,10175214.0,19844087.0,13:14:30
600744,华银电力,6.74,0.07,1.049,6.73,6.74,6.67,6.67,6.8,6.61,76849679.0,516623993.0,13:14:29
600745,闻泰科技,39.65,-0.7,-1.735,39.66,39.67,40.35,40.55,41.2,39.62,41282895.0,1659556433.0,13:14:29
600746,江苏索普,7.75,0.05,0.649,7.74,7.75,7.7,7.73,7.8,7.63,11054000.0,85325543.0,13:14:31
600748,上实发展,5.98,-0.21,-3.393,5.97,5.98,6.19,6.22,6.22,5.93,20092600.0,120472215.0,13:14:29
600749,西藏旅游,17.02,-0.61,-3.46,17.02,17.03,17.63,17.64,17.65,17.02,5984700.0,103029577.0,13:14:30
600750,江中药业,24.34,0.9,3.84,24.34,24.36,23.44,24.2,24.59,23.88,10916523.0,264012715.0,13:14:29
600751,海航科技,3.89,-0.18,-4.423,3.89,3.9,4.07,4.1,4.11,3.86,57526091.0,226003157.0,13:14:32
600753,*ST海钦,8.29,-0.09,-1.074,8.29,8.3,8.38,8.33,8.36,8.22,1656900.0,13715823.0,13:14:31
600754,锦江酒店,27.02,-0.58,-2.101,27.01,27.02,27.6,27.59,28.02,27.01,6651736.0,181355988.0,13:14:32
600755,厦门国贸,6.99,-0.12,-1.688,6.99,7.0,7.11,7.12,7.12,6.98,33906583.0,237992266.0,13:14:29
600756,浪潮软件,18.04,-0.74,-3.94,18.03,18.04,18.78,18.81,18.81,18.0,15461208.0,283167158.0,13:14:30
600757,长江传媒,9.01,-0.14,-1.53,9.0,9.01,9.15,9.14,9.16,8.96,10506700.0,94830170.0,13:14:30
600758,辽宁能源,3.88,-0.01,-0.257,3.87,3.88,3.89,3.87,3.9,3.84,11302800.0,43728506.0,13:14:27
600759,洲际油气,4.81,0.41,9.318,4.8,4.82,4.4,4.52,4.84,4.46,722527640.0,3353415417.0,13:14:31
600760,中航沈飞,57.5,-2.36,-3.943,57.5,57.51,59.86,59.6,59.77,57.4,26935383.0,1568927468.0,13:14:30
600761,安徽合力,23.36,1.76,8.148,23.36,23.37,21.6,22.23,23.76,22.23,55064700.0,1295433131.0,13:14:32
600763,通策医疗,46.42,-0.38,-0.812,46.42,46.43,46.8,46.8,46.96,46.04,5589455.0,259018399.0,13:14:31
600764,中国海防,28.63,-0.68,-2.32,28.63,28.64,29.31,29.33,29.39,28.61,6951516.0,201200773.0,13:14:31
600765,中航重机,19.8,-0.75,-3.65,19.79,19.8,20.55,20.56,20.64,19.78,43155075.0,867637064.0,13:14:30
600768,宁波富邦,16.51,0.09,0.548,16.51,16.52,16.42,16.6,16.85,16.45,3170140.0,52687498.0,13:14:22
600769,祥龙电业,12.32,-0.5,-3.9,12.32,12.33,12.82,12.82,12.83,12.31,6293000.0,78606853.0,13:14:32
600770,综艺股份,6.34,-0.27,-4.085,6.33,6.34,6.61,6.51,6.68,6.33,77423221.0,500157661.0,13:14:29
600771,广誉远,18.16,0.04,0.221,18.16,18.18,18.12,18.1,18.23,17.95,6225977.0,112453516.0,13:14:29
600773,西藏城投,15.02,-0.6,-3.841,15.0,15.02,15.62,15.79,15.8,14.95,20159245.0,305761200.0,13:14:32
600774,汉商集团,11.37,-0.18,-1.558,11.37,11.38,11.55,10.99,11.55,10.65,37159216.0,405326103.0,13:14:30
600775,南京熊猫,14.53,-0.64,-4.219,14.52,14.53,15.17,15.17,15.25,14.47,52222795.0,772656443.0,13:14:32
600776,东方通信,18.92,-1.01,-5.068,18.92,18.93,19.93,19.75,19.88,18.86,63736690.0,1230046439.0,13:14:33
600777,*ST新潮,4.24,0.16,3.922,4.23,4.24,4.08,4.08,4.28,4.06,46678489.0,195960110.0,13:14:31
600778,友好集团,7.02,-0.14,-1.955,7.01,7.02,7.16,7.14,7.15,6.99,6067200.0,42748297.0,13:14:32
600779,水井坊,37.73,-1.04,-2.682,37.72,37.73,38.77,38.64,38.64,37.38,4374914.0,165438415.0,13:14:31
600780,通宝能源,6.2,0.06,0.977,6.2,6.21,6.14,6.14,6.27,6.11,11095308.0,68792138.0,13:14:29
600782,新钢股份,4.07,-0.04,-0.973,4.06,4.07,4.11,4.11,4.14,4.02,61502330.0,250777240.0,13:14:33
600783,鲁信创投,24.27,-2.58,-9.609,24.27,24.28,26.85,26.8,26.98,24.22,48970894.0,1243721061.0,13:14:31
600784,鲁银投资,7.17,-0.09,-1.24,7.17,7.18,7.26,7.28,7.32,7.16,8482231.0,61175098.0,13:14:32
600785,新华百货,23.2,0.24,1.045,23.2,23.21,22.96,22.95,24.24,22.25,21725972.0,502098969.0,13:14:32
600787,中储股份,5.85,0.0,0.0,5.84,5.85,5.85,5.84,5.87,5.78,23562876.0,137292065.0,13:14:31
600789,鲁抗医药,10.23,0.93,10.0,10.23,0.0,9.3,9.6,10.23,9.52,127465855.0,1269168469.0,13:14:32
600790,轻纺城,4.08,-0.02,-0.488,4.08,4.09,4.1,4.1,4.12,4.06,10341791.0,42221088.0,13:14:31
600791,京能置业,5.97,0.54,9.945,5.97,0.0,5.43,5.49,5.97,5.44,14932325.0,86818105.0,13:14:30
600792,云煤能源,4.15,-0.02,-0.48,4.15,4.16,4.17,4.16,4.2,4.13,13055200.0,54242529.0,13:14:32
600793,宜宾纸业,20.86,-0.44,-2.066,20.85,20.86,21.3,21.28,21.3,20.84,2669000.0,56026061.0,13:14:32
600794,保税科技,3.96,-0.04,-1.0,3.96,3.97,4.0,4.0,4.01,3.94,11772876.0,46665921.0,13:14:24
600795,国电电力,4.75,-0.02,-0.419,4.74,4.75,4.77,4.78,4.79,4.72,350799672.0,1662819178.0,13:14:31
600796,钱江生化,6.55,-0.02,-0.304,6.54,6.55,6.57,6.58,6.64,6.51,6335400.0,41571849.0,13:14:33
600797,浙大网新,10.49,-0.46,-4.201,10.48,10.49,10.95,10.76,10.87,10.46,60398482.0,643996265.0,13:14:30
600798,宁波海运,3.79,0.05,1.337,3.78,3.79,3.74,3.73,3.83,3.7,41502993.0,156544771.0,13:14:30
600800,渤海化学,4.52,-0.08,-1.739,4.51,4.52,4.6,4.54,4.65,4.5,39973630.0,182902369.0,13:14:30
600801,华新建材,26.28,0.19,0.728,26.28,26.3,26.09,25.91,26.44,25.82,5907416.0,154494220.0,13:14:31
600802,福建水泥,6.46,-0.15,-2.269,6.46,6.47,6.61,6.57,6.64,6.45,9963733.0,64961277.0,13:14:29
600803,新奥股份,19.56,-0.09,-0.458,19.55,19.56,19.65,19.85,19.85,19.45,8028475.0,157389849.0,13:14:31
600805,悦达投资,5.85,-0.07,-1.182,5.85,5.86,5.92,5.92,5.94,5.84,9373501.0,55076991.0,13:14:33
600807,济高发展,3.53,-0.08,-2.216,3.52,3.53,3.61,3.6,3.61,3.51,23015200.0,81873238.0,13:14:31
600808,马钢股份,4.41,-0.01,-0.226,4.41,4.42,4.42,4.44,4.54,4.38,90346849.0,401504165.0,13:14:30
600809,山西汾酒,163.61,-1.15,-0.698,163.61,163.62,164.76,164.7,165.89,160.69,8069389.0,1315935470.0,13:14:31
600810,神马股份,9.16,-0.07,-0.758,9.16,9.17,9.23,9.4,9.41,9.14,17840444.0,165062290.0,13:14:32
600812,华北制药,5.8,0.15,2.655,5.8,5.81,5.65,5.66,5.85,5.65,41255127.0,236653122.0,13:14:33
600814,杭州解百,8.15,-0.18,-2.161,8.14,8.15,8.33,8.31,8.33,8.11,10172248.0,83220457.0,13:14:30
600815,厦工股份,3.18,-0.14,-4.217,3.18,3.19,3.32,3.31,3.31,3.18,31475600.0,101622191.0,13:14:31
600816,建元信托,2.96,-0.04,-1.333,2.96,2.97,3.0,2.99,3.02,2.94,50906984.0,151184515.0,13:14:31
600817,宇通重工,11.83,0.0,0.0,11.83,11.84,11.83,11.8,11.9,11.75,2222000.0,26297190.0,13:14:33
600818,中路股份,10.23,-0.07,-0.68,10.22,10.23,10.3,10.45,10.5,10.2,4848900.0,50020076.0,13:14:26
600819,耀皮玻璃,8.69,-0.17,-1.919,8.68,8.69,8.86,8.86,8.86,8.65,11489025.0,100206820.0,13:14:32
600820,隧道股份,6.68,-0.02,-0.299,6.68,6.69,6.7,6.7,6.72,6.65,21813700.0,145766679.0,13:14:31
600821,金开新能,5.76,0.2,3.597,5.76,5.77,5.56,5.65,5.92,5.65,105984757.0,613562371.0,13:14:31
600822,上海物贸,11.48,-0.43,-3.61,11.48,11.49,11.91,11.92,11.93,11.48,8387000.0,97652255.0,13:14:33
600824,益民集团,4.75,-0.07,-1.452,4.75,4.76,4.82,4.85,4.86,4.72,24474991.0,117005964.0,13:14:29
600825,新华传媒,6.87,-0.12,-1.717,6.87,6.88,6.99,7.0,7.02,6.86,13784946.0,95462365.0,13:14:30
600826,兰生股份,12.45,0.05,0.403,12.45,12.46,12.4,12.4,12.94,12.34,12646450.0,159366643.0,13:14:31
600827,百联股份,9.12,-0.14,-1.512,9.12,9.13,9.26,9.21,9.23,9.07,11517908.0,105101086.0,13:14:31
600828,茂业商业,6.2,-0.49,-7.324,6.19,6.2,6.69,6.65,6.68,6.19,41826561.0,266175175.0,13:14:31
600829,人民同泰,12.45,0.41,3.405,12.45,12.46,12.04,12.04,12.65,11.88,39605735.0,481723716.0,13:14:31
600830,香溢融通,9.79,-0.13,-1.31,9.78,9.79,9.92,9.92,9.93,9.78,5683000.0,55933685.0,13:14:32
600831,广电网络,4.34,-0.11,-2.472,4.34,4.35,4.45,4.48,4.48,4.31,10753941.0,46923496.0,13:14:28
600833,第一医药,13.75,0.02,0.146,13.74,13.75,13.73,13.68,13.81,13.57,4890504.0,66871405.0,13:14:33
600834,申通地铁,9.0,-0.1,-1.099,9.0,9.01,9.1,9.03,9.09,8.89,4651201.0,41728205.0,13:14:31
600835,上海机电,28.61,-0.73,-2.488,28.61,28.62,29.34,29.48,29.86,28.6,9179692.0,266471888.0,13:14:31
600838,上海九百,14.25,0.43,3.111,14.23,14.25,13.82,13.82,14.5,13.51,48370326.0,677968772.0,13:14:31
600839,四川长虹,10.67,-0.35,-3.176,10.67,10.68,11.02,10.92,10.99,10.62,172438669.0,1856947730.0,13:14:32
600841,动力新科,8.36,0.3,3.722,8.36,8.37,8.06,8.04,8.6,8.04,50084416.0,417204389.0,13:14:32
600843,上工申贝,11.28,-0.38,-3.259,11.28,11.29,11.66,11.63,11.63,11.28,14021957.0,159894098.0,13:14:30
600844,金煤科技,3.15,0.0,0.0,3.15,3.16,3.15,3.18,3.28,3.13,35373410.0,112482005.0,13:14:32
600845,宝信软件,23.86,0.0,0.0,23.86,23.88,23.86,23.95,24.38,23.6,20719094.0,496582926.0,13:14:32
600846,同济科技,13.66,-0.34,-2.429,13.66,13.67,14.0,14.0,14.06,13.57,3989130.0,54776427.0,13:14:27
600847,万里股份,13.46,-0.14,-1.029,13.45,13.47,13.6,13.62,13.67,13.33,1631800.0,22017587.0,13:14:31
600848,上海临港,11.94,-0.4,-3.241,11.94,11.95,12.34,12.37,12.39,11.94,15909744.0,192110769.0,13:14:32
600850,电科数字,28.67,-1.77,-5.815,28.67,28.68,30.44,30.47,30.49,28.66,22105400.0,646971571.0,13:14:31
600851,海欣股份,7.84,-0.25,-3.09,7.83,7.84,8.09,8.09,8.18,7.8,13511100.0,106902441.0,13:14:31
600853,龙建股份,4.44,-0.03,-0.671,4.44,4.45,4.47,4.47,4.47,4.43,26562699.0,118156742.0,13:14:32
600854,春兰股份,5.32,0.0,0.0,5.32,5.33,5.32,5.31,5.36,5.24,5632021.0,29830793.0,13:14:25
600855,航天长峰,20.25,-1.73,-7.871,20.24,20.25,21.98,21.98,21.98,20.18,32373627.0,674175807.0,13:14:33
600857,宁波中百,14.2,-0.06,-0.421,14.2,14.21,14.26,14.24,14.86,14.09,9744196.0,140762508.0,13:14:30
600858,银座股份,6.83,-0.34,-4.742,6.83,6.84,7.17,7.18,7.2,6.81,27108300.0,188641952.0,13:14:32
600859,王府井,15.54,-0.36,-2.264,15.54,15.55,15.9,15.82,16.01,15.52,23987622.0,376800869.0,13:14:30
600860,京城股份,13.84,0.18,1.318,13.83,13.84,13.66,13.55,14.14,13.37,18524819.0,256427747.0,13:14:30
600861,北京人力,18.77,-0.22,-1.159,18.77,18.79,18.99,19.0,19.16,18.63,3138599.0,58998017.0,13:14:32
600862,中航高科,25.41,-0.83,-3.163,25.4,25.41,26.24,26.11,26.18,25.4,29363206.0,755755583.0,13:14:33
600863,内蒙华电,4.97,0.17,3.542,4.96,4.97,4.8,4.81,5.04,4.81,90665796.0,445330530.0,13:14:33
600864,哈投股份,6.71,-0.02,-0.297,6.71,6.72,6.73,6.75,6.78,6.68,35091001.0,236126959.0,13:14:33
600865,百大集团,13.73,-0.57,-3.986,13.72,13.73,14.3,14.36,14.36,13.72,10811100.0,150479079.0,13:14:33
600866,星湖科技,7.47,0.03,0.403,7.47,7.48,7.44,7.44,7.52,7.33,27925700.0,207143147.0,13:14:32
600867,通化东宝,9.06,0.16,1.798,9.06,9.07,8.9,8.91,9.13,8.85,31591615.0,283499802.0,13:14:30
600868,梅雁吉祥,5.21,0.27,5.466,5.21,5.22,4.94,5.19,5.43,5.04,434411108.0,2291889128.0,13:14:31
600869,远东股份,11.23,-0.12,-1.057,11.23,11.24,11.35,11.59,11.66,11.13,83738316.0,951205895.0,13:14:31
600871,石化油服,2.7,0.07,2.662,2.69,2.7,2.63,2.68,2.84,2.67,352018603.0,963807507.0,13:14:35
600872,中炬高新,17.86,-0.11,-0.612,17.85,17.87,17.97,17.92,17.99,17.75,8608700.0,153690280.0,13:14:34
600873,梅花生物,10.87,0.0,0.0,10.87,10.88,10.87,10.87,10.94,10.74,29211786.0,316687829.0,13:14:33
600874,创业环保,6.35,0.05,0.794,6.35,6.36,6.3,6.29,6.4,6.28,10062600.0,63736739.0,13:14:34
600875,东方电气,27.1,-0.48,-1.74,27.09,27.1,27.58,27.4,27.85,27.06,57378254.0,1572393527.0,13:14:35
600876,凯盛新能,10.64,-0.27,-2.475,10.64,10.65,10.91,10.89,10.99,10.61,9064202.0,97245381.0,13:14:32
600877,电科芯片,22.84,0.45,2.01,22.83,22.84,22.39,22.93,23.93,22.36,76100609.0,1763902245.0,13:14:33
600879,航天电子,29.08,-2.38,-7.565,29.08,29.09,31.46,30.0,30.19,28.31,548975630.0,15983330277.0,13:14:34
600880,博瑞传播,5.99,-0.16,-2.602,5.99,6.0,6.15,6.15,6.25,5.95,44278142.0,269520376.0,13:14:33
600881,亚泰集团,1.87,0.0,0.0,1.87,1.88,1.87,1.88,1.92,1.86,41276000.0,77882313.0,13:14:34
600882,妙可蓝多,23.11,-0.64,-2.695,23.11,23.12,23.75,23.55,23.79,22.7,10267689.0,237976408.0,13:14:35
600883,博闻科技,8.5,-0.02,-0.235,8.5,8.51,8.52,8.52,8.59,8.41,2657398.0,22593016.0,13:14:34
600884,杉杉股份,13.97,-0.08,-0.569,13.97,13.98,14.05,14.06,14.19,13.85,52274630.0,732544363.0,13:14:32
600885,宏发股份,31.87,-1.09,-3.307,31.87,31.88,32.96,32.97,33.5,31.86,19800187.0,643407521.0,13:14:32
600886,国投电力,13.22,0.05,0.38,13.21,13.22,13.17,13.17,13.28,13.09,18562479.0,244683839.0,13:14:34
600887,伊利股份,26.7,-0.12,-0.447,26.7,26.71,26.82,26.83,26.98,26.52,50475524.0,1347853975.0,13:14:33
600888,新疆众和,9.22,0.06,0.655,9.22,9.23,9.16,9.28,9.35,9.14,46899448.0,433760975.0,13:14:32
600889,南京化纤,17.53,-0.2,-1.128,17.52,17.53,17.73,17.57,17.93,17.51,6034100.0,106694183.0,13:14:34
600892,*ST大晟,3.81,-0.04,-1.039,3.81,3.82,3.85,3.87,3.87,3.66,10503000.0,39309095.0,13:14:27
600893,航发动力,46.47,-1.23,-2.579,46.47,46.5,47.7,47.22,48.48,46.37,39208810.0,1855308559.0,13:14:33
600894,广日股份,9.61,-0.07,-0.723,9.61,9.62,9.68,9.72,9.75,9.58,4737400.0,45673956.0,13:14:30
600895,张江高科,43.33,-1.81,-4.01,43.32,43.33,45.14,45.1,45.11,43.21,32879083.0,1446693001.0,13:14:34
600897,厦门空港,17.26,-0.22,-1.259,17.25,17.26,17.48,17.47,17.47,17.15,3115015.0,53748934.0,13:14:31
600900,长江电力,26.01,0.01,0.038,26.01,26.02,26.0,26.05,26.28,25.86,141476992.0,3684994789.0,13:14:34
600901,江苏金租,6.12,-0.01,-0.163,6.12,6.13,6.13,6.12,6.15,6.08,20980640.0,128391339.0,13:14:33
600903,贵州燃气,6.86,-0.04,-0.58,6.86,6.87,6.9,6.94,6.94,6.83,9732500.0,66961289.0,13:14:33
600905,三峡能源,4.18,0.02,0.481,4.17,4.18,4.16,4.15,4.18,4.14,134169700.0,558410051.0,13:14:32
600906,财达证券,6.97,0.05,0.723,6.96,6.97,6.92,6.92,7.03,6.91,28425100.0,197976882.0,13:14:35
600908,无锡银行,5.81,0.0,0.0,5.81,5.82,5.81,5.8,5.83,5.76,11701900.0,67806548.0,13:14:33
600909,华安证券,7.47,0.13,1.771,7.47,7.48,7.34,7.34,7.69,7.33,126675019.0,950571690.0,13:14:32
600916,中国黄金,10.14,0.92,9.978,10.14,0.0,9.22,9.71,10.14,9.57,154708081.0,1546256043.0,13:14:35
600917,重庆燃气,5.71,-0.01,-0.175,5.71,5.72,5.72,5.71,5.74,5.68,6868000.0,39227024.0,13:14:32
600918,中泰证券,6.55,0.01,0.153,6.55,6.56,6.54,6.54,6.62,6.52,37834060.0,248333149.0,13:14:33
600919,江苏银行,9.82,0.09,0.925,9.81,9.82,9.73,9.72,9.89,9.68,120895674.0,1182847151.0,13:14:34
600925,苏能股份,4.7,0.02,0.427,4.7,4.71,4.68,4.7,4.71,4.66,6949946.0,32538738.0,13:14:33
600926,杭州银行,15.61,0.33,2.16,15.61,15.62,15.28,15.13,15.65,15.05,80504454.0,1246266604.0,13:14:33
600927,永安期货,16.69,0.1,0.603,16.69,16.71,16.59,16.6,16.96,16.4,9176400.0,152916065.0,13:14:35
600928,西安银行,3.7,0.01,0.271,3.69,3.7,3.69,3.69,3.71,3.66,19340155.0,71257013.0,13:14:33
600929,雪天盐业,6.14,0.04,0.656,6.13,6.14,6.1,6.1,6.31,6.07,36700495.0,226958035.0,13:14:34
600930,华电新能,6.11,0.06,0.992,6.1,6.11,6.05,6.05,6.13,6.04,121946541.0,743799738.0,13:14:35
600933,爱柯迪,19.66,-0.83,-4.051,19.65,19.67,20.49,20.58,20.69,19.63,16946956.0,338940126.0,13:14:34
600935,华塑股份,2.74,-0.02,-0.725,2.73,2.74,2.76,2.76,2.76,2.7,27894000.0,76227273.0,13:14:34
600936,北投科技,4.31,-0.11,-2.489,4.31,4.32,4.42,4.4,4.43,4.3,24321400.0,105911230.0,13:14:34
600938,中国海油,33.32,1.92,6.115,33.32,33.33,31.4,31.9,33.6,31.9,65542957.0,2156258715.0,13:14:34
600939,重庆建工,3.22,-0.04,-1.227,3.21,3.22,3.26,3.26,3.27,3.19,11705750.0,37599765.0,13:14:32
600941,中国移动,94.96,-0.42,-0.44,94.95,94.96,95.38,95.36,95.89,94.73,13083428.0,1245186525.0,13:14:35
600955,维远股份,21.07,0.67,3.284,21.06,21.07,20.4,20.4,21.29,20.03,18579615.0,385703041.0,13:14:34
600956,新天绿能,7.78,0.08,1.039,7.77,7.78,7.7,7.74,7.82,7.66,6879050.0,53154150.0,13:14:34
600958,东方证券,10.52,0.07,0.67,10.52,10.53,10.45,10.44,10.64,10.41,83007568.0,875142383.0,13:14:32
600959,江苏有线,3.96,-0.11,-2.703,3.96,3.97,4.07,4.06,4.13,3.94,170603069.0,682904840.0,13:14:33
600960,渤海汽车,5.38,-0.18,-3.237,5.37,5.38,5.56,5.58,5.6,5.37,18702000.0,101968315.0,13:14:33
600961,株冶集团,22.96,1.35,6.247,22.91,22.95,21.61,22.8,23.49,22.33,39554632.0,904945320.0,13:14:34
600962,国投中鲁,24.28,0.09,0.372,24.28,24.3,24.19,24.18,24.92,23.78,5925168.0,145160677.0,13:14:32
600963,岳阳林纸,4.86,-0.09,-1.818,4.86,4.87,4.95,4.95,4.95,4.83,28430301.0,138564814.0,13:14:33
600965,福成股份,6.32,-0.09,-1.404,6.31,6.32,6.41,6.38,6.41,6.26,12109415.0,76575470.0,13:14:35
600966,博汇纸业,7.26,0.09,1.255,7.25,7.26,7.17,7.09,7.4,7.08,20530426.0,149668612.0,13:14:30
600967,内蒙一机,17.89,-0.61,-3.297,17.88,17.89,18.5,18.5,18.5,17.88,31983191.0,578603278.0,13:14:34
600968,海油发展,4.3,0.06,1.415,4.3,4.31,4.24,4.26,4.36,4.24,64632736.0,277913730.0,13:14:34
600969,郴电国际,11.99,-0.07,-0.58,11.99,12.0,12.06,12.11,12.3,11.8,5988242.0,72083822.0,13:14:31
600970,中材国际,10.89,0.12,1.114,10.89,10.9,10.77,10.75,11.06,10.73,23003923.0,249782782.0,13:14:33
600971,恒源煤电,6.54,0.04,0.615,6.54,6.55,6.5,6.5,6.59,6.44,13605302.0,88640952.0,13:14:34
600973,宝胜股份,7.86,0.13,1.682,7.85,7.86,7.73,7.78,7.93,7.66,53944945.0,422041765.0,13:14:33
600975,新五丰,5.79,0.07,1.224,5.78,5.79,5.72,5.73,5.79,5.67,16619000.0,95019819.0,13:14:35
600976,健民集团,35.77,0.56,1.59,35.74,35.77,35.21,35.21,35.87,35.0,1771382.0,62685643.0,13:14:33
600977,中国电影,17.09,0.1,0.589,17.09,17.1,16.99,17.02,17.5,16.94,46610830.0,803569593.0,13:14:32
600979,广安爱众,4.64,-0.03,-0.642,4.63,4.64,4.67,4.63,4.66,4.58,17219139.0,79427158.0,13:14:34
600980,北矿科技,25.32,0.42,1.687,25.32,25.33,24.9,25.0,25.6,24.76,7275801.0,183679071.0,13:14:32
600981,苏豪汇鸿,3.35,-0.04,-1.18,3.34,3.35,3.39,3.38,3.39,3.33,23103100.0,77473286.0,13:14:28
600982,宁波能源,4.74,0.0,0.0,4.74,4.75,4.74,4.75,4.78,4.72,11900300.0,56560168.0,13:14:30
600983,惠而浦,10.88,0.04,0.369,10.88,10.89,10.84,10.89,11.0,10.8,4726100.0,51546040.0,13:14:32
600984,建设机械,3.86,0.05,1.312,3.86,3.87,3.81,3.65,3.92,3.65,54155579.0,205865564.0,13:14:33
600985,淮北矿业,12.21,0.38,3.212,12.21,12.22,11.83,11.74,12.37,11.68,35034805.0,426719791.0,13:14:33
600986,浙文互联,12.25,0.2,1.66,12.25,12.26,12.05,13.26,13.26,12.19,405842786.0,5263320102.0,13:14:32
600987,航民股份,7.46,0.22,3.039,7.45,7.46,7.24,7.26,7.53,7.26,19704371.0,146391478.0,13:14:32
600988,赤峰黄金,41.15,2.33,6.002,41.15,41.16,38.82,40.66,42.12,40.6,92565562.0,3819530695.0,13:14:34
600989,宝丰能源,22.57,0.11,0.49,22.57,22.58,22.46,22.47,22.93,22.25,41640218.0,942681090.0,13:14:33
600990,四创电子,27.74,-1.41,-4.837,27.74,27.75,29.15,29.0,29.1,27.71,8299299.0,235205405.0,13:14:32
600992,贵绳股份,13.75,-0.35,-2.482,13.74,13.75,14.1,14.05,14.05,13.74,4150200.0,57382330.0,13:14:32
600993,马应龙,27.59,-0.54,-1.92,27.59,27.6,28.13,28.19,28.22,27.4,6776190.0,187378966.0,13:14:34
600995,南网储能,14.13,0.19,1.363,14.12,14.13,13.94,14.05,14.25,13.86,16925900.0,237679205.0,13:14:33
600996,贵广网络,9.08,-0.48,-5.021,9.08,9.09,9.56,9.5,9.55,9.08,30274604.0,279760087.0,13:14:32
600997,开滦股份,5.98,-0.07,-1.157,5.98,5.99,6.05,5.95,6.02,5.89,15801200.0,94037933.0,13:14:33
600998,九州通,5.6,0.02,0.358,5.59,5.6,5.58,5.63,5.74,5.49,123875961.0,694173168.0,13:14:35
600999,招商证券,17.01,0.29,1.734,17.0,17.01,16.72,16.71,17.08,16.71,59700050.0,1009368628.0,13:14:34
601000,唐山港,4.23,0.03,0.714,4.22,4.23,4.2,4.2,4.25,4.14,41000027.0,172275406.0,13:14:34
601001,晋控煤业,14.98,0.32,2.183,14.98,14.99,14.66,14.61,15.15,14.57,20207762.0,301288942.0,13:14:34
601002,晋亿实业,5.55,0.11,2.022,5.54,5.55,5.44,5.46,5.78,5.45,37975003.0,213564302.0,13:14:34
601003,柳钢股份,5.3,0.0,0.0,5.29,5.3,5.3,5.32,5.35,5.26,13635869.0,72360841.0,13:14:34
601005,重庆钢铁,1.58,0.04,2.597,1.57,1.58,1.54,1.53,1.64,1.53,354452647.0,556706832.0,13:14:34
601006,大秦铁路,5.03,0.03,0.6,5.03,5.04,5.0,5.0,5.04,4.98,147302003.0,738328420.0,13:14:35
601007,金陵饭店,8.19,0.02,0.245,8.18,8.19,8.17,8.16,8.27,8.12,9697860.0,79432776.0,13:14:35
601008,连云港,5.37,0.03,0.562,5.37,5.38,5.34,5.35,5.39,5.31,13373885.0,71599599.0,13:14:34
601009,南京银行,10.48,0.13,1.256,10.47,10.48,10.35,10.34,10.54,10.3,68034648.0,712377865.0,13:14:33
601010,文峰股份,2.75,-0.06,-2.135,2.75,2.76,2.81,2.81,2.82,2.74,28129800.0,77846635.0,13:14:34
601011,宝泰隆,3.41,-0.08,-2.292,3.4,3.41,3.49,3.43,3.45,3.37,50427337.0,172175917.0,13:14:33
601012,隆基绿能,19.21,-0.14,-0.724,19.2,19.21,19.35,19.83,20.05,19.18,425136448.0,8308422744.0,13:14:34
601015,陕西黑猫,3.99,-0.01,-0.25,3.99,4.0,4.0,3.98,4.02,3.95,33734838.0,134299158.0,13:14:35
601016,节能风电,3.22,-0.03,-0.923,3.22,3.23,3.25,3.23,3.27,3.22,104574417.0,338967780.0,13:14:34
601018,宁波港,3.78,0.1,2.717,3.77,3.78,3.68,3.69,3.79,3.68,114407880.0,428092417.0,13:14:33
601019,山东出版,9.18,-0.15,-1.608,9.18,9.19,9.33,9.35,9.4,9.15,9082200.0,83787108.0,13:14:34
601020,华钰矿业,37.14,1.74,4.915,37.12,37.15,35.4,36.6,37.8,36.6,48641850.0,1814711941.0,13:14:34
601021,春秋航空,58.06,-0.04,-0.069,58.06,58.07,58.1,58.12,59.21,57.84,3119500.0,182281202.0,13:14:33
601022,宁波远洋,9.78,0.09,0.929,9.78,9.79,9.69,9.69,9.88,9.56,13967500.0,135721216.0,13:14:32
601026,道生天合,20.91,-0.29,-1.368,20.9,20.91,21.2,21.29,21.34,20.9,6177500.0,130570518.0,13:14:33
601033,永兴股份,15.53,-0.02,-0.129,15.53,15.54,15.55,15.56,15.62,15.45,3264876.0,50691079.0,13:14:33
601038,一拖股份,14.69,0.12,0.824,14.69,14.7,14.57,14.6,14.96,14.6,9754981.0,143841745.0,13:14:35
601058,赛轮轮胎,15.9,0.01,0.063,15.9,15.91,15.89,15.91,16.18,15.82,21904790.0,350102845.0,13:14:34
601059,信达证券,17.73,0.0,0.0,17.73,17.74,17.73,17.73,17.81,17.7,16811011.0,298272295.0,13:14:32
601061,中信金属,16.09,0.0,0.0,16.09,16.1,16.09,16.47,16.66,15.93,34445808.0,557908445.0,13:14:34
601065,江盐集团,8.69,-0.01,-0.115,8.69,8.7,8.7,8.68,8.74,8.66,6028400.0,52442233.0,13:14:33
601066,中信建投,24.65,-0.06,-0.243,24.65,24.67,24.71,24.63,24.89,24.49,19463556.0,480135185.0,13:14:32
601068,中铝国际,6.16,0.05,0.818,6.16,6.17,6.11,6.12,6.3,6.1,29046100.0,180156322.0,13:14:32
601069,西部黄金,37.17,2.85,8.304,37.17,37.21,34.32,35.9,37.71,35.69,38111170.0,1398630517.0,13:14:33
601077,渝农商行,6.17,0.05,0.817,6.17,6.18,6.12,6.09,6.21,6.02,56605350.0,347286475.0,13:14:34
601083,锦江航运,11.92,0.03,0.252,11.92,11.93,11.89,11.94,11.97,11.7,7658548.0,90786764.0,13:14:32
601086,国芳集团,10.26,-0.24,-2.286,10.26,10.27,10.5,10.5,10.5,10.25,8323600.0,85891699.0,13:14:33
601088,中国神华,41.61,1.61,4.025,41.6,41.61,40.0,40.0,41.65,39.8,41887837.0,1709788987.0,13:14:35
601089,福元医药,27.4,0.32,1.182,27.39,27.4,27.08,27.35,27.8,26.55,4798900.0,130869973.0,13:14:34
601096,宏盛华源,5.32,0.06,1.141,5.32,5.33,5.26,5.29,5.45,5.28,93767601.0,502079967.0,13:14:33
601098,中南传媒,11.16,-0.19,-1.674,11.16,11.17,11.35,11.33,11.36,11.13,7646100.0,85643998.0,13:14:33
601099,太平洋,4.32,-0.02,-0.461,4.32,4.33,4.34,4.33,4.38,4.31,177577446.0,771735182.0,13:14:34
601100,恒立液压,112.03,-5.65,-4.801,112.03,112.04,117.68,118.04,118.5,111.12,13459970.0,1531444683.0,13:14:32
601101,昊华能源,7.71,0.08,1.048,7.7,7.71,7.63,7.63,7.77,7.58,10809380.0,82947733.0,13:14:34
601106,中国一重,5.69,-0.18,-3.066,5.69,5.7,5.87,6.0,6.17,5.66,318923642.0,1874836872.0,13:14:33
601107,四川成渝,6.05,0.02,0.332,6.04,6.05,6.03,6.05,6.07,5.96,9756001.0,58776847.0,13:14:33
601108,财通证券,9.46,0.39,4.3,9.46,9.47,9.07,9.05,9.9,9.01,182622262.0,1744709804.0,13:14:34
601111,中国国航,8.68,-0.09,-1.026,8.67,8.68,8.77,8.75,8.99,8.65,87901584.0,769412563.0,13:14:33
601113,华鼎股份,4.82,-0.06,-1.23,4.82,4.83,4.88,4.91,5.05,4.82,27993700.0,137732611.0,13:14:33
601116,三江购物,16.33,-0.83,-4.837,16.33,16.34,17.16,17.1,17.39,16.31,22864146.0,382302228.0,13:14:33
601117,中国化学,8.94,0.01,0.112,8.93,8.94,8.93,8.9,9.26,8.87,199060803.0,1800783509.0,13:14:34
601118,海南橡胶,6.84,0.06,0.885,6.84,6.85,6.78,6.9,7.03,6.71,177240250.0,1216485901.0,13:14:35
601121,宝地矿业,8.59,0.24,2.874,8.58,8.59,8.35,8.4,8.72,8.4,27383400.0,234303691.0,13:14:34
601126,四方股份,38.12,0.23,0.607,38.11,38.12,37.89,37.51,38.98,37.45,18339473.0,700860011.0,13:14:33
601127,赛力斯,115.04,-2.96,-2.508,115.03,115.04,118.0,117.5,117.5,115.0,14299665.0,1651893853.0,13:14:32
601128,常熟银行,7.2,0.02,0.279,7.2,7.21,7.18,7.19,7.23,7.14,24102997.0,173167288.0,13:14:33
601133,柏诚股份,17.79,-0.82,-4.406,17.79,17.8,18.61,18.35,18.5,17.78,14269105.0,257339120.0,13:14:34
601136,首创证券,18.88,0.13,0.693,18.88,18.89,18.75,18.8,19.03,18.66,14988939.0,282745055.0,13:14:33
601137,博威合金,21.33,-2.37,-10.0,0.0,21.33,23.7,21.8,21.94,21.33,34392373.0,738674018.0,13:14:32
601138,工业富联,59.21,-0.9,-1.497,59.21,59.22,60.11,60.09,60.09,59.01,82899750.0,4915072003.0,13:14:35
601139,深圳燃气,6.92,0.05,0.728,6.91,6.92,6.87,6.87,6.94,6.84,18205302.0,125471454.0,13:14:33
601155,新城控股,15.93,0.06,0.378,15.93,15.94,15.87,15.76,16.27,15.76,10315370.0,165191064.0,13:14:33
601156,东航物流,18.98,-0.11,-0.576,18.98,18.99,19.09,19.02,19.17,18.86,6273653.0,119242846.0,13:14:35
601158,重庆水务,4.58,0.01,0.219,4.58,4.59,4.57,4.57,4.59,4.55,8099036.0,36996524.0,13:14:35
601162,天风证券,4.26,0.0,0.0,4.25,4.26,4.26,4.26,4.32,4.24,208135883.0,889899138.0,13:14:32
601163,三角轮胎,15.56,0.13,0.843,15.56,15.57,15.43,15.48,15.68,15.41,8484384.0,131787559.0,13:14:31
601166,兴业银行,18.96,-0.16,-0.837,18.94,18.96,19.12,19.11,19.17,18.88,142321245.0,2704549916.0,13:14:32
601168,西部矿业,34.83,3.1,9.77,34.82,34.83,31.73,32.59,34.9,32.59,99368638.0,3338781740.0,13:14:34
601169,北京银行,5.28,0.02,0.38,5.28,5.29,5.26,5.26,5.31,5.24,120994293.0,638574847.0,13:14:33
601177,杭齿前进,17.45,-0.42,-2.35,17.44,17.45,17.87,17.88,17.97,17.44,6208900.0,109554379.0,13:14:34
601179,中国西电,16.65,0.71,4.454,16.64,16.65,15.94,15.62,16.92,15.5,368176915.0,6024941274.0,13:14:35
601186,中国铁建,7.44,0.05,0.677,7.44,7.45,7.39,7.4,7.49,7.36,109087175.0,811143259.0,13:14:32
601187,厦门银行,6.99,-0.03,-0.427,6.99,7.0,7.02,7.02,7.03,6.91,9819388.0,68400709.0,13:14:31
601188,龙江交通,3.66,-0.01,-0.272,3.66,3.67,3.67,3.66,3.68,3.63,12402400.0,45316473.0,13:14:30
601198,东兴证券,14.0,0.1,0.719,14.0,14.01,13.9,13.89,14.09,13.87,26493417.0,370795169.0,13:14:32
601199,江南水务,6.0,0.03,0.503,5.99,6.0,5.97,5.97,6.05,5.9,10190458.0,60821517.0,13:14:29
601200,上海环境,8.54,0.02,0.235,8.54,8.55,8.52,8.5,8.64,8.45,9323099.0,79551242.0,13:14:33
601208,东材科技,26.86,0.05,0.186,26.86,26.88,26.81,26.53,27.12,26.12,38866354.0,1035769378.0,13:14:33
601211,国泰海通,20.11,0.26,1.31,20.1,20.11,19.85,19.85,20.4,19.81,115200679.0,2320314616.0,13:14:33
601212,白银有色,11.41,1.04,10.029,11.41,0.0,10.37,10.97,11.41,10.83,570872911.0,6417112237.0,13:14:34
601216,君正集团,5.78,-0.05,-0.858,5.78,5.79,5.83,5.86,5.91,5.76,107890524.0,628359285.0,13:14:34
601218,吉鑫科技,5.52,-0.07,-1.252,5.52,5.53,5.59,5.61,5.66,5.51,34014792.0,189654755.0,13:14:37
601222,林洋能源,5.95,-0.09,-1.49,5.95,5.96,6.04,6.0,6.02,5.93,31562162.0,188724905.0,13:14:34
601225,陕西煤业,21.71,0.3,1.401,21.71,21.72,21.41,21.41,21.95,21.32,43891393.0,949688592.0,13:14:34
601226,华电科工,10.62,0.97,10.052,10.62,0.0,9.65,9.53,10.62,9.47,66502506.0,685917871.0,13:14:34
601228,广州港,3.64,-0.11,-2.933,3.64,3.65,3.75,3.73,3.74,3.62,39920800.0,146141174.0,13:14:34
601229,上海银行,9.33,-0.02,-0.214,9.33,9.34,9.35,9.35,9.43,9.28,40946983.0,382857820.0,13:14:34
601231,环旭电子,31.41,0.83,2.714,31.41,31.42,30.58,30.5,32.17,30.5,42315035.0,1325191167.0,13:14:36
601233,桐昆股份,20.17,-0.4,-1.945,20.16,20.17,20.57,20.58,20.99,20.1,22403600.0,460121098.0,13:14:36
601236,红塔证券,8.23,-0.01,-0.121,8.23,8.24,8.24,8.24,8.3,8.18,22050632.0,181564340.0,13:14:36
601238,广汽集团,8.19,-0.16,-1.916,8.18,8.19,8.35,8.37,8.39,8.18,29497100.0,243260956.0,13:14:35
601279,英利汽车,4.67,-0.14,-2.911,4.67,4.68,4.81,4.83,4.85,4.67,13477900.0,63593024.0,13:14:34
601288,农业银行,6.86,0.11,1.63,6.86,6.87,6.75,6.75,6.91,6.72,445628932.0,3050452059.0,13:14:34
601298,青岛港,9.06,0.38,4.378,9.05,9.06,8.68,8.7,9.12,8.63,50973332.0,454355239.0,13:14:37
601311,骆驼股份,9.76,-0.16,-1.613,9.76,9.77,9.92,9.94,9.97,9.75,20155013.0,198141283.0,13:14:36
601318,中国平安,65.29,1.39,2.175,65.29,65.3,63.9,64.0,66.25,63.77,127073296.0,8292114236.0,13:14:36
601319,中国人保,9.16,0.21,2.346,9.16,9.17,8.95,8.95,9.29,8.91,91601704.0,837807225.0,13:14:35
601326,秦港股份,3.56,0.02,0.565,3.55,3.56,3.54,3.55,3.58,3.5,26559603.0,94083499.0,13:14:35
601328,交通银行,6.67,0.03,0.452,6.67,6.68,6.64,6.63,6.73,6.6,168674630.0,1124702323.0,13:14:36
601330,绿色动力,7.27,0.07,0.972,7.27,7.28,7.2,7.23,7.34,7.2,8032900.0,58344364.0,13:14:35
601333,广深铁路,3.13,-0.01,-0.318,3.13,3.14,3.14,3.14,3.15,3.09,44185400.0,137940810.0,13:14:36
601336,新华保险,80.15,3.4,4.43,80.15,80.16,76.75,76.8,81.09,76.66,26554332.0,2120068668.0,13:14:34
601339,百隆东方,6.88,0.17,2.534,6.87,6.88,6.71,6.73,6.95,6.68,17597831.0,120537218.0,13:14:36
601360,三六零,11.99,-0.53,-4.233,11.99,12.0,12.52,12.52,12.63,11.93,155333355.0,1896108534.0,13:14:34
601366,利群股份,5.09,-0.23,-4.323,5.09,5.1,5.32,5.28,5.28,5.09,40632948.0,209816444.0,13:14:37
601368,绿城水务,5.3,0.03,0.569,5.29,5.3,5.27,5.28,5.32,5.26,4179400.0,22101239.0,13:14:36
601369,陕鼓动力,11.06,0.57,5.434,11.06,11.07,10.49,10.49,11.14,10.4,25009053.0,269497469.0,13:14:35
601375,中原证券,4.44,0.04,0.909,4.43,4.44,4.4,4.4,4.53,4.36,63583422.0,281021502.0,13:14:36
601377,兴业证券,7.13,0.26,3.785,7.12,7.13,6.87,6.87,7.35,6.87,275372263.0,1960465804.0,13:14:35
601388,怡球资源,3.69,0.07,1.934,3.68,3.69,3.62,3.66,3.76,3.64,105286952.0,387975222.0,13:14:37
601390,中国中铁,5.5,0.19,3.578,5.5,5.51,5.31,5.34,5.58,5.33,641401508.0,3513590136.0,13:14:36
601398,工商银行,7.27,0.06,0.832,7.26,7.27,7.21,7.19,7.32,7.15,314331840.0,2277706534.0,13:14:36
601399,国机重装,5.5,-0.3,-5.172,5.5,5.51,5.8,5.84,5.87,5.5,174183194.0,981879865.0,13:14:37
601456,国联民生,9.95,0.01,0.101,9.95,9.96,9.94,9.94,10.07,9.94,49008436.0,490654891.0,13:14:34
601500,通用股份,4.69,-0.09,-1.883,4.68,4.69,4.78,4.79,4.79,4.66,29744171.0,139774834.0,13:14:35
601512,中新集团,9.78,0.24,2.516,9.78,9.79,9.54,9.95,10.03,9.7,11139026.0,110079506.0,13:14:34
601515,衢州东峰,4.27,-0.11,-2.511,4.26,4.27,4.38,4.4,4.41,4.26,17978884.0,77291939.0,13:14:36
601518,吉林高速,2.9,0.0,0.0,2.89,2.9,2.9,2.9,2.91,2.86,12155028.0,35068895.0,13:14:33
601519,大智慧,13.31,-0.31,-2.276,13.3,13.31,13.62,13.62,13.63,13.29,35337421.0,474457384.0,13:14:35
601528,瑞丰银行,5.46,-0.03,-0.546,5.46,5.47,5.49,5.48,5.49,5.43,13727290.0,74927158.0,13:14:36
601555,东吴证券,9.49,0.12,1.281,9.49,9.5,9.37,9.36,9.64,9.32,88429047.0,841005977.0,13:14:34
601566,九牧王,12.24,-0.42,-3.318,12.24,12.25,12.66,12.63,12.65,12.23,10277633.0,127222067.0,13:14:36
601567,三星医疗,25.51,-0.55,-2.111,25.5,25.51,26.06,26.35,26.36,25.5,16797554.0,432992904.0,13:14:36
601568,北元集团,4.16,0.01,0.241,4.15,4.16,4.15,4.13,4.22,4.13,21419880.0,89371143.0,13:14:36
601577,长沙银行,9.39,0.02,0.213,9.39,9.4,9.37,9.34,9.42,9.31,12732610.0,119231695.0,13:14:36
601579,会稽山,21.16,0.06,0.284,21.15,21.16,21.1,21.3,21.88,21.06,8978300.0,192206212.0,13:14:37
601588,北辰实业,1.79,-0.02,-1.105,1.78,1.79,1.81,1.8,1.82,1.77,25384902.0,45430903.0,13:14:35
601595,上海电影,29.08,-1.23,-4.058,29.07,29.08,30.31,30.31,30.39,29.0,10712220.0,316228496.0,13:14:35
601598,中国外运,5.75,-0.1,-1.709,5.75,5.76,5.85,5.84,5.85,5.66,31338576.0,179516176.0,13:14:36
601599,浙文影业,4.08,0.05,1.241,4.07,4.08,4.03,4.15,4.25,4.06,41954500.0,173907389.0,13:14:36
601600,中国铝业,13.61,0.38,2.872,13.61,13.62,13.23,13.46,13.86,13.45,469235327.0,6395303980.0,13:14:36
601601,中国太保,43.89,1.9,4.525,43.89,43.91,41.99,41.99,44.34,41.96,49052352.0,2129657723.0,13:14:35
601606,长城军工,46.91,-0.78,-1.636,46.9,46.91,47.69,47.7,47.8,46.89,13291780.0,625336418.0,13:14:34
601607,上海医药,17.6,0.12,0.686,17.6,17.61,17.48,17.5,17.64,17.41,15392223.0,269609696.0,13:14:34
601608,中信重工,8.11,-0.12,-1.458,8.11,8.12,8.23,8.16,8.4,8.08,149384713.0,1227593358.0,13:14:35
601609,金田股份,12.39,0.29,2.397,12.39,12.4,12.1,12.21,12.49,12.2,71473069.0,881858100.0,13:14:36
601611,中国核建,16.87,-0.53,-3.046,16.86,16.87,17.4,17.41,17.58,16.8,71451844.0,1226405857.0,13:14:35
601615,明阳智能,23.82,2.17,10.023,23.82,0.0,21.65,23.82,23.82,23.82,10292773.0,245173853.0,13:14:36
601616,广电电气,5.56,-0.26,-4.467,5.55,5.56,5.82,5.66,5.99,5.5,151292260.0,869604134.0,13:14:36
601618,中国中冶,3.22,0.08,2.548,3.22,3.23,3.14,3.13,3.25,3.12,337531296.0,1083205169.0,13:14:36
601619,嘉泽新能,5.62,0.22,4.074,5.61,5.62,5.4,5.36,5.7,5.34,106321664.0,589993021.0,13:14:34
601628,中国人寿,47.37,1.64,3.586,47.36,47.37,45.73,45.74,47.7,45.5,26775197.0,1257656470.0,13:14:34
601633,长城汽车,21.29,-0.3,-1.39,21.29,21.3,21.59,21.57,21.57,21.24,12974230.0,276808683.0,13:14:36
601636,旗滨集团,6.92,-0.03,-0.432,6.92,6.93,6.95,6.9,7.04,6.81,49798178.0,344213168.0,13:14:36
601658,邮储银行,5.07,0.02,0.396,5.07,5.08,5.05,5.04,5.1,5.01,115117299.0,582797990.0,13:14:35
601665,齐鲁银行,5.58,0.04,0.722,5.57,5.58,5.54,5.54,5.59,5.5,42806475.0,237667288.0,13:14:35
601666,平煤股份,8.35,0.1,1.212,8.35,8.36,8.25,8.28,8.42,8.23,24055423.0,200504314.0,13:14:35
601668,中国建筑,5.08,0.02,0.395,5.08,5.09,5.06,5.06,5.11,5.05,227731254.0,1156526409.0,13:14:35
601669,中国电建,5.93,-0.04,-0.67,5.93,5.94,5.97,5.98,6.07,5.93,270131890.0,1618316597.0,13:14:34
601677,明泰铝业,17.14,0.52,3.129,17.14,17.15,16.62,16.98,17.39,16.8,83874655.0,1435352063.0,13:14:34
601678,滨化股份,5.44,0.21,4.015,5.44,5.45,5.23,5.3,5.75,5.3,178352487.0,993371931.0,13:14:37
601686,友发集团,6.41,0.0,0.0,6.4,6.41,6.41,6.43,6.45,6.33,11902043.0,76085612.0,13:14:36
601688,华泰证券,23.27,0.53,2.331,23.27,23.28,22.74,22.75,23.69,22.66,115049386.0,2685895355.0,13:14:34
601689,拓普集团,77.94,-5.19,-6.243,77.94,77.95,83.13,83.7,84.6,77.57,38428100.0,3071750962.0,13:14:37
601696,中银证券,14.22,0.05,0.353,14.21,14.22,14.17,14.14,14.35,14.1,50232894.0,714927481.0,13:14:36
601698,中国卫通,38.32,-4.16,-9.793,38.32,38.33,42.48,40.0,41.0,38.23,137159218.0,5407459076.0,13:14:36
601699,潞安环能,13.18,0.23,1.776,13.18,13.19,12.95,12.8,13.33,12.68,34543812.0,450825985.0,13:14:36
601700,风范股份,6.58,-0.23,-3.377,6.56,6.58,6.81,6.68,6.85,6.53,53887395.0,360041535.0,13:14:36
601702,华峰铝业,22.7,-0.39,-1.689,22.7,22.71,23.09,23.35,23.35,22.45,13064780.0,298301420.0,13:14:35
601717,中创智领,25.26,-0.41,-1.597,25.25,25.26,25.67,25.59,25.75,25.17,16914893.0,429420345.0,13:14:35
601718,际华集团,3.4,-0.09,-2.579,3.39,3.4,3.49,3.48,3.49,3.38,52497800.0,179237680.0,13:14:35
601727,上海电气,9.11,-0.16,-1.726,9.1,9.11,9.27,9.28,9.3,9.1,144089902.0,1322145207.0,13:14:37
601728,中国电信,5.81,0.0,0.0,5.81,5.82,5.81,5.82,5.86,5.79,170640689.0,993577200.0,13:14:35
601766,中国中车,6.54,-0.06,-0.909,6.53,6.54,6.6,6.6,6.69,6.52,274850232.0,1806557970.0,13:14:34
601777,千里科技,11.9,0.4,3.478,11.89,11.9,11.5,11.59,12.26,11.5,76434449.0,914562324.0,13:14:35
601778,晶科科技,4.22,-0.22,-4.955,4.21,4.22,4.44,4.44,4.46,4.21,153019843.0,656346685.0,13:14:36
601788,光大证券,17.23,0.11,0.643,17.23,17.24,17.12,17.14,17.4,17.1,31128718.0,536609264.0,13:14:35
601789,宁波建工,5.21,-0.06,-1.139,5.2,5.21,5.27,5.27,5.27,5.2,16619154.0,86947835.0,13:14:37
601798,蓝科高新,9.77,-0.06,-0.61,9.77,9.78,9.83,9.87,9.95,9.75,5415300.0,53221165.0,13:14:33
601799,星宇股份,120.52,-3.59,-2.893,120.51,120.56,124.11,124.11,125.25,120.31,2561143.0,311785237.0,13:14:36
601800,中国交建,8.48,0.06,0.713,8.48,8.49,8.42,8.41,8.51,8.39,33192452.0,280591123.0,13:14:35
601801,皖新传媒,6.96,-0.06,-0.855,6.96,6.97,7.02,7.0,7.03,6.87,9455102.0,65659420.0,13:14:36
601808,中海油服,16.22,0.74,4.78,16.21,16.22,15.48,15.76,16.4,15.76,31591509.0,508578799.0,13:14:35
601811,新华文轩,15.18,0.04,0.264,15.18,15.19,15.14,15.2,15.54,15.15,3965600.0,60707184.0,13:14:36
601816,京沪高铁,4.94,0.05,1.022,4.94,4.95,4.89,4.91,4.96,4.88,202842419.0,997505691.0,13:14:34
601818,光大银行,3.38,0.01,0.297,3.38,3.39,3.37,3.37,3.4,3.35,164571330.0,555976139.0,13:14:36
601825,沪农商行,8.41,-0.08,-0.942,8.41,8.42,8.49,8.49,8.5,8.39,22838786.0,192580788.0,13:14:34
601827,三峰环境,8.98,0.06,0.673,8.97,8.98,8.92,8.97,9.04,8.86,5167500.0,46213073.0,13:14:36
601828,美凯龙,2.66,-0.1,-3.623,2.66,2.67,2.76,2.67,2.7,2.64,40053324.0,106738824.0,13:14:34
601838,成都银行,15.82,0.14,0.893,15.82,15.83,15.68,15.62,15.86,15.59,26358044.0,414895744.0,13:14:34
601857,中国石油,10.33,0.5,5.086,10.33,10.34,9.83,9.9,10.4,9.89,307998135.0,3140340877.0,13:14:35
601858,中国科传,20.38,-0.72,-3.412,20.38,20.39,21.1,21.1,21.22,20.35,8571930.0,176517397.0,13:14:32
601860,紫金银行,2.78,0.01,0.361,2.78,2.79,2.77,2.77,2.8,2.75,41384349.0,114758957.0,13:14:35
601865,福莱特,17.25,-0.64,-3.577,17.25,17.26,17.89,17.89,17.92,17.19,26283797.0,456903451.0,13:14:36
601866,中远海发,2.68,0.02,0.752,2.67,2.68,2.66,2.66,2.7,2.65,70744040.0,189044368.0,13:14:36
601868,中国能建,2.52,0.01,0.398,2.52,2.53,2.51,2.5,2.56,2.5,418630681.0,1059375924.0,13:14:36
601869,长飞光纤,123.84,11.26,10.002,123.84,0.0,112.58,113.82,123.84,112.58,13831192.0,1681283332.0,13:14:36
601872,招商轮船,11.35,0.54,4.995,11.34,11.35,10.81,11.05,11.45,11.05,103306696.0,1166566771.0,13:14:34
601877,正泰电器,31.41,-0.49,-1.536,31.4,31.41,31.9,32.33,32.5,31.35,30820434.0,982516446.0,13:14:36
601878,浙商证券,10.91,0.03,0.276,10.91,10.92,10.88,10.87,11.03,10.82,52173692.0,569746604.0,13:14:36
601880,辽港股份,1.68,0.01,0.599,1.67,1.68,1.67,1.67,1.69,1.66,98247603.0,164732635.0,13:14:36
601881,中国银河,15.31,-0.01,-0.065,15.31,15.32,15.32,15.29,15.47,15.27,42689663.0,656078686.0,13:14:35
601882,海天精工,20.56,-0.47,-2.235,20.56,20.58,21.03,21.03,21.07,20.56,3825450.0,79364467.0,13:14:37
601886,江河集团,9.5,0.02,0.211,9.5,9.51,9.48,9.47,9.63,9.39,5415202.0,51631043.0,13:14:34
601888,中国中免,93.62,0.3,0.321,93.62,93.63,93.32,93.14,95.5,92.68,41154103.0,3874312065.0,13:14:34
601890,亚星锚链,10.86,-0.13,-1.183,10.86,10.87,10.99,11.0,11.14,10.85,30703100.0,337554025.0,13:14:35
601898,中煤能源,13.36,0.3,2.297,13.36,13.38,13.06,13.08,13.55,12.95,35544150.0,471061595.0,13:14:36
601899,紫金矿业,39.85,2.29,6.097,39.84,39.85,37.56,38.74,40.48,38.73,482714427.0,19090132367.0,13:14:34
601900,南方传媒,15.52,-0.6,-3.722,15.52,15.53,16.12,16.04,16.04,15.51,18199091.0,285274820.0,13:14:35
601901,方正证券,7.94,0.04,0.506,7.93,7.94,7.9,7.91,8.04,7.89,88122708.0,700399972.0,13:14:36
601908,京运通,4.06,-0.05,-1.217,4.06,4.07,4.11,4.11,4.16,4.02,73019700.0,297431494.0,13:14:34
601916,浙商银行,2.96,0.01,0.339,2.95,2.96,2.95,2.95,2.96,2.94,83159244.0,245268144.0,13:14:34
601918,新集能源,7.14,0.11,1.565,7.13,7.14,7.03,7.03,7.18,6.99,46729074.0,332026756.0,13:14:35
601919,中远海控,14.47,0.05,0.347,14.47,14.48,14.42,14.42,14.57,14.36,60494810.0,874955401.0,13:14:35
601921,浙版传媒,8.27,-0.01,-0.121,8.27,8.28,8.28,8.29,8.31,8.14,11525200.0,94835352.0,13:14:36
601928,凤凰传媒,10.06,-0.09,-0.887,10.06,10.07,10.15,10.15,10.16,10.03,8657745.0,87247618.0,13:14:36
601929,吉视传媒,3.85,-0.12,-3.023,3.85,3.86,3.97,3.98,4.0,3.85,109368930.0,426111952.0,13:14:35
601933,永辉超市,4.51,-0.2,-4.246,4.51,4.52,4.71,4.63,4.64,4.5,241305625.0,1099067695.0,13:14:34
601939,建设银行,8.68,0.03,0.347,8.68,8.69,8.65,8.65,8.73,8.6,88712500.0,769277476.0,13:14:34
601949,中国出版,7.18,-0.2,-2.71,7.18,7.19,7.38,7.4,7.44,7.13,15773900.0,113783278.0,13:14:34
601952,苏垦农发,9.56,0.13,1.379,9.55,9.56,9.43,9.44,9.58,9.42,11665950.0,110910086.0,13:14:35
601956,东贝集团,7.53,-0.06,-0.791,7.53,7.54,7.59,7.61,7.65,7.51,6320400.0,47818920.0,13:14:36
601958,金钼股份,21.49,1.56,7.827,21.48,21.49,19.93,20.2,21.75,20.2,65192710.0,1361431889.0,13:14:35
601963,重庆银行,10.32,-0.12,-1.149,10.32,10.33,10.44,10.42,10.42,10.2,7216700.0,74432419.0,13:14:33
601965,中国汽研,19.59,-0.65,-3.211,19.59,19.6,20.24,20.2,20.2,19.59,11015019.0,219000350.0,13:14:35
601966,玲珑轮胎,15.14,-0.08,-0.526,15.13,15.14,15.22,15.22,15.27,15.1,11391669.0,172928243.0,13:14:36
601968,宝钢包装,5.94,-0.12,-1.98,5.94,5.95,6.06,6.02,6.04,5.93,12639800.0,75587345.0,13:14:33
601969,海南矿业,11.93,0.1,0.845,11.93,11.94,11.83,11.99,12.18,11.85,49939122.0,599654031.0,13:14:36
601975,招商南油,3.55,0.13,3.801,3.54,3.55,3.42,3.44,3.59,3.41,179442302.0,626638031.0,13:14:35
601985,中国核电,8.82,-0.07,-0.787,8.82,8.83,8.89,8.88,8.9,8.8,83649797.0,739633791.0,13:14:34
601988,中国银行,5.34,0.07,1.328,5.33,5.34,5.27,5.26,5.36,5.23,269113747.0,1429354253.0,13:14:35
601990,南京证券,8.07,0.0,0.0,8.07,8.08,8.07,8.05,8.15,8.03,26003723.0,210144926.0,13:14:35
601991,大唐发电,3.94,0.02,0.51,3.94,3.95,3.92,3.91,4.0,3.9,99344406.0,394073647.0,13:14:36
601992,金隅集团,2.07,-0.06,-2.817,2.07,2.08,2.13,2.15,2.17,2.07,300333432.0,635984525.0,13:14:36
601995,中金公司,35.23,0.14,0.399,35.22,35.23,35.09,35.07,35.44,35.0,23270594.0,819102023.0,13:14:36
601996,丰林集团,2.41,-0.01,-0.413,2.4,2.41,2.42,2.42,2.45,2.38,18975500.0,45716434.0,13:14:34
601997,贵阳银行,5.81,-0.02,-0.343,5.81,5.82,5.83,5.81,5.84,5.79,17975275.0,104463776.0,13:14:35
601998,中信银行,7.38,0.0,0.0,7.38,7.39,7.38,7.36,7.48,7.33,45911372.0,340430341.0,13:14:36
601999,出版传媒,7.43,-0.07,-0.933,7.42,7.43,7.5,7.47,7.49,7.27,5286100.0,38968488.0,13:14:35
603000,人民网,23.84,-1.21,-4.83,23.83,23.84,25.05,25.32,25.65,23.43,59914251.0,1462925890.0,13:14:34
603001,奥康国际,9.33,-0.14,-1.478,9.32,9.33,9.47,9.5,9.66,9.29,10235300.0,96450693.0,13:14:35
603002,宏昌电子,8.97,0.12,1.356,8.96,8.97,8.85,8.82,9.04,8.79,40585150.0,361636680.0,13:14:36
603004,鼎龙科技,24.83,-0.39,-1.546,24.82,24.83,25.22,25.19,25.25,24.76,2698809.0,67168878.0,13:14:36
603005,晶方科技,30.14,-0.95,-3.056,30.14,30.15,31.09,31.13,31.49,30.08,32648471.0,996262057.0,13:14:35
603006,联明股份,14.27,-0.05,-0.349,14.26,14.27,14.32,14.37,14.41,14.2,3298800.0,47145742.0,13:14:35
603007,*ST花王,5.78,0.0,0.0,5.78,5.79,5.78,5.78,5.83,5.73,7067538.0,40774693.0,13:14:34
603008,喜临门,21.5,-0.89,-3.975,21.49,21.5,22.39,22.04,22.37,21.48,9064428.0,197561615.0,13:14:35
603009,北特科技,50.64,-2.76,-5.169,50.64,50.65,53.4,54.0,55.2,50.39,14986340.0,782946431.0,13:14:36
603010,万盛股份,11.01,-0.16,-1.432,11.01,11.02,11.17,10.8,11.16,10.6,13172182.0,144274028.0,13:14:28
603011,合锻智能,25.56,-1.35,-5.017,25.55,25.56,26.91,26.47,26.57,25.4,31381107.0,813662249.0,13:14:35
603012,创力集团,7.98,0.51,6.827,7.97,7.98,7.47,7.4,8.15,7.31,56575363.0,444759981.0,13:14:35
603013,亚普股份,25.54,-1.43,-5.302,25.55,25.56,26.97,27.15,27.3,25.46,5721300.0,149297822.0,13:14:37
603014,威高血净,42.14,0.52,1.249,42.14,42.16,41.62,41.66,42.3,41.41,2312799.0,96806200.0,13:14:37
603015,弘讯科技,15.44,-0.37,-2.34,15.44,15.45,15.81,15.75,15.8,15.3,16686286.0,259030022.0,13:14:38
603016,新宏泰,32.72,0.23,0.708,32.71,32.73,32.49,32.49,33.37,32.0,1990200.0,65477048.0,13:14:38
603017,中衡设计,12.24,-0.45,-3.546,12.24,12.25,12.69,12.67,12.72,12.23,10726830.0,133261548.0,13:14:37
603018,华设集团,7.67,0.05,0.656,7.66,7.67,7.62,7.64,7.82,7.64,12740259.0,98556029.0,13:14:38
603019,中科曙光,93.28,-2.63,-2.742,93.27,93.29,95.91,96.28,96.95,93.12,38144004.0,3607873487.0,13:14:38
603020,爱普股份,11.13,-0.03,-0.269,11.13,11.14,11.16,11.13,11.32,11.1,2721900.0,30415187.0,13:14:31
603021,ST华鹏,5.43,0.11,2.068,5.43,5.44,5.32,5.37,5.59,5.27,15205040.0,82724899.0,13:14:38
603022,新通联,11.46,-0.19,-1.631,11.45,11.46,11.65,11.7,11.73,11.37,4191500.0,48097040.0,13:14:38
603023,威帝股份,5.97,-0.28,-4.48,5.97,5.98,6.25,6.28,6.35,5.96,46327127.0,281507909.0,13:14:37
603025,大豪科技,18.87,-0.51,-2.632,18.87,18.88,19.38,19.46,19.46,18.7,9672714.0,183587402.0,13:14:39
603026,石大胜华,70.4,-2.14,-2.95,70.4,70.42,72.54,72.2,72.57,70.16,5187200.0,369490575.0,13:14:39
603027,千禾味业,10.06,-0.09,-0.887,10.06,10.07,10.15,10.15,10.28,9.89,15940558.0,160588128.0,13:14:39
603028,赛福天,9.7,-0.07,-0.716,9.69,9.7,9.77,9.85,9.92,9.63,8768140.0,85398937.0,13:14:39
603029,天鹅股份,19.97,-0.01,-0.05,19.96,19.99,19.98,19.99,20.23,19.78,1920720.0,38363310.0,13:14:38
603030,全筑股份,3.08,0.04,1.316,3.08,3.09,3.04,3.04,3.27,3.04,66715119.0,210698155.0,13:14:37
603031,安孚科技,51.33,-0.97,-1.855,51.32,51.33,52.3,52.3,52.77,51.07,3686181.0,190696207.0,13:14:39
603032,德新科技,20.06,-0.8,-3.835,20.06,20.07,20.86,20.89,21.1,20.05,6225510.0,126814611.0,13:14:36
603033,三维股份,11.08,-0.18,-1.599,11.07,11.08,11.26,11.5,11.88,11.05,10778299.0,123189070.0,13:14:39
603035,常熟汽饰,15.92,-0.5,-3.045,15.91,15.92,16.42,16.48,16.48,15.9,8707800.0,140088733.0,13:14:37
603036,如通股份,20.9,-0.88,-4.04,20.9,20.91,21.78,21.78,21.88,20.8,5561200.0,117742539.0,13:14:37
603037,凯众股份,17.97,-2.0,-10.015,0.0,17.97,19.97,19.99,20.48,17.97,18603362.0,346438618.0,13:14:36
603038,华立股份,17.27,-0.6,-3.358,17.26,17.27,17.87,17.8,17.8,17.04,5590460.0,96754472.0,13:14:39
603039,泛微网络,68.13,-0.21,-0.307,68.1,68.13,68.34,73.05,74.51,67.51,5375982.0,380866785.0,13:14:37
603040,新坐标,119.32,-1.28,-1.061,119.31,119.4,120.6,119.34,124.58,116.0,4581069.0,551583451.0,13:14:37
603041,美思德,13.05,-0.05,-0.382,13.05,13.06,13.1,13.11,13.17,12.98,1588140.0,20756957.0,13:14:30
603042,华脉科技,16.51,-0.88,-5.06,16.5,16.51,17.39,17.19,17.2,16.5,8354870.0,139704540.0,13:14:39
603043,广州酒家,17.77,-0.1,-0.56,17.75,17.77,17.87,17.83,17.91,17.61,3105840.0,55145250.0,13:14:39
603045,福达合金,28.93,2.63,10.0,28.93,0.0,26.3,28.93,28.93,28.66,5939049.0,171778008.0,13:14:33
603048,浙江黎明,22.34,-0.19,-0.843,22.33,22.35,22.53,22.61,22.86,22.11,1479436.0,33195029.0,13:14:38
603049,中策橡胶,58.03,0.36,0.624,58.03,58.04,57.67,57.66,59.48,57.05,4735840.0,276352771.0,13:14:39
603050,科林电气,21.84,1.69,8.387,21.82,21.84,20.15,20.41,22.17,20.19,12093543.0,258700896.0,13:14:37
603051,鹿山新材,26.19,-1.38,-5.005,26.18,26.19,27.57,28.98,29.97,26.12,32378570.0,898288167.0,13:14:39
603052,可川科技,51.71,-0.26,-0.5,51.71,51.8,51.97,51.0,53.64,50.9,6625344.0,346391003.0,13:14:37
603053,成都燃气,10.37,0.02,0.193,10.36,10.37,10.35,10.32,10.54,10.22,6035100.0,62546173.0,13:14:35
603055,台华新材,9.34,-0.07,-0.744,9.34,9.35,9.41,9.43,9.44,9.22,5632599.0,52358764.0,13:14:39
603056,德邦股份,18.85,0.0,0.0,0.0,0.0,18.85,0.0,0.0,0.0,0.0,0.0,13:14:33
603057,紫燕食品,28.06,-1.63,-5.49,28.05,28.07,29.69,29.58,29.85,28.01,3410315.0,98101615.0,13:14:37
603058,永吉股份,11.17,-0.58,-4.936,11.17,11.18,11.75,11.55,11.74,11.15,13402900.0,152067619.0,13:14:33
603059,倍加洁,35.5,-1.75,-4.698,35.5,35.51,37.25,37.2,37.2,35.5,1666400.0,60173647.0,13:14:38
603060,国检集团,6.53,-0.02,-0.305,6.52,6.53,6.55,6.57,6.59,6.47,4280255.0,27899237.0,13:14:35
603061,金海通,261.48,-17.12,-6.145,261.53,261.75,278.6,278.08,281.88,256.0,2965205.0,790119111.0,13:14:39
603062,麦加芯彩,49.25,0.05,0.102,49.25,49.33,49.2,49.29,49.59,48.92,629611.0,30965465.0,13:14:35
603063,禾望电气,30.68,-0.86,-2.727,30.67,30.68,31.54,31.6,32.05,30.66,16498789.0,513499994.0,13:14:37
603065,宿迁联盛,8.85,-0.03,-0.338,8.84,8.86,8.88,8.9,9.05,8.81,6459379.0,57777258.0,13:14:37
603066,音飞储存,11.18,-0.11,-0.974,11.18,11.19,11.29,11.29,11.29,11.14,1594700.0,17857735.0,13:14:32
603067,振华股份,37.84,-0.36,-0.942,37.84,37.86,38.2,37.96,39.41,37.4,20863911.0,803588097.0,13:14:39
603068,博通集成,39.08,-1.18,-2.931,39.07,39.08,40.26,40.24,40.4,38.93,3996900.0,157647208.0,13:14:38
603069,海汽集团,23.04,-0.48,-2.041,23.04,23.05,23.52,23.51,23.52,22.95,5936233.0,137659266.0,13:14:38
603070,万控智造,14.89,0.13,0.881,14.88,14.89,14.76,14.86,15.21,14.73,5440265.0,81449716.0,13:14:39
603071,物产环能,13.81,-0.06,-0.433,13.8,13.81,13.87,13.86,13.92,13.77,2172800.0,30025187.0,13:14:39
603072,天和磁材,44.23,-0.21,-0.473,44.23,44.24,44.44,44.6,44.88,44.14,4473446.0,199144615.0,13:14:38
603073,彩蝶实业,20.66,-0.03,-0.145,20.66,20.68,20.69,20.89,21.03,20.39,1023829.0,21145320.0,13:14:39
603075,热威股份,25.62,0.43,1.707,25.62,25.63,25.19,25.18,27.71,25.05,12233073.0,329869639.0,13:14:38
603076,乐惠国际,24.72,-0.27,-1.08,24.72,24.73,24.99,24.99,25.08,24.63,1026298.0,25437703.0,13:14:39
603077,和邦生物,2.58,-0.11,-4.089,2.57,2.58,2.69,2.62,2.71,2.57,355607362.0,936793383.0,13:14:38
603078,江化微,29.38,-1.98,-6.314,29.38,29.4,31.36,30.89,31.78,28.69,71945696.0,2198313171.0,13:14:37
603079,圣达生物,21.36,-0.05,-0.234,21.36,21.37,21.41,21.37,21.6,21.1,1775976.0,37888464.0,13:14:38
603080,新疆火炬,25.03,-0.07,-0.279,25.02,25.03,25.1,25.25,25.46,25.02,2566200.0,64637200.0,13:14:37
603081,大丰实业,14.32,-0.07,-0.486,14.32,14.34,14.39,14.39,14.87,14.21,6008457.0,87157363.0,13:14:38
603082,北自科技,38.4,-0.28,-0.724,38.39,38.42,38.68,38.82,39.0,38.3,1083900.0,41801033.0,13:14:36
603083,剑桥科技,110.13,0.75,0.686,110.12,110.13,109.38,109.3,111.6,109.2,11210561.0,1236228693.0,13:14:39
603085,天成自控,12.06,-0.32,-2.585,12.06,12.07,12.38,12.43,12.43,12.03,8061000.0,98112014.0,13:14:37
603086,先达股份,9.02,-0.04,-0.442,9.01,9.02,9.06,9.06,9.08,8.96,9049728.0,81528101.0,13:14:37
603087,甘李药业,71.88,-0.95,-1.304,71.87,71.95,72.83,72.83,73.3,71.02,6221923.0,445907294.0,13:14:37
603088,宁波精达,11.56,-0.61,-5.012,11.55,11.56,12.17,12.01,12.1,11.54,13716738.0,161177933.0,13:14:38
603089,正裕工业,14.15,-0.59,-4.003,14.15,14.16,14.74,14.73,14.74,14.13,6203370.0,88793187.0,13:14:38
603090,宏盛股份,91.04,1.24,1.381,90.95,91.0,89.8,91.35,93.66,86.12,4851900.0,434900099.0,13:14:37
603091,众鑫股份,77.57,0.31,0.401,77.56,77.64,77.26,77.01,78.0,77.01,214600.0,16630655.0,13:14:31
603092,德力佳,70.24,-1.65,-2.295,70.2,70.27,71.89,73.0,73.56,70.2,1647101.0,117672189.0,13:14:38
603093,南华期货,19.07,0.44,2.362,19.07,19.08,18.63,18.6,19.17,18.32,7822835.0,146236777.0,13:14:37
603095,越剑智能,19.44,-2.16,-10.0,0.0,19.44,21.6,21.44,21.44,19.44,10887940.0,217994263.0,13:14:38
603096,新经典,19.04,-0.11,-0.574,19.03,19.04,19.15,19.13,19.25,18.87,974860.0,18607283.0,13:14:37
603097,江苏华辰,34.43,-0.77,-2.188,34.43,34.44,35.2,35.0,35.2,34.05,4555499.0,157767151.0,13:14:37
603098,森特股份,15.73,-0.01,-0.064,15.73,15.74,15.74,15.75,16.5,15.62,8797932.0,139996698.0,13:14:37
603099,长白山,44.74,-1.26,-2.739,44.74,44.75,46.0,45.99,46.0,44.69,6066988.0,273565490.0,13:14:37
603100,XD川仪股,24.89,-0.04,-0.16,24.89,24.92,24.93,25.15,25.21,24.43,7310462.0,181551266.0,13:14:31
603101,汇嘉时代,9.93,-0.34,-3.311,9.92,9.93,10.27,10.25,10.27,9.92,8178088.0,82042284.0,13:14:37
603102,百合股份,46.45,-0.12,-0.258,46.44,46.49,46.57,46.79,46.8,46.0,405700.0,18855996.0,13:14:35
603103,横店影视,19.8,0.46,2.378,19.8,19.81,19.34,19.42,20.2,19.27,8591540.0,170217858.0,13:14:38
603105,芯能科技,10.26,-0.14,-1.346,10.26,10.27,10.4,10.45,10.47,10.25,10375254.0,107105716.0,13:14:34
603106,恒银科技,10.89,-0.25,-2.244,10.88,10.89,11.14,11.18,11.19,10.88,9303468.0,102042520.0,13:14:39
603107,上海汽配,15.49,-0.16,-1.022,15.48,15.49,15.65,15.63,15.68,15.44,2805100.0,43548584.0,13:14:35
603108,润达医疗,17.07,-0.65,-3.668,17.07,17.08,17.72,17.74,17.77,16.8,28903592.0,495623953.0,13:14:39
603109,神驰机电,27.36,-0.74,-2.633,27.36,27.37,28.1,28.11,28.29,27.36,3515196.0,97511818.0,13:14:39
603110,东方材料,17.15,-0.01,-0.058,17.15,17.16,17.16,17.16,17.6,17.07,9199840.0,159279463.0,13:14:39
603111,康尼机电,7.17,-0.09,-1.24,7.17,7.18,7.26,7.28,7.28,7.16,6251450.0,44992434.0,13:14:34
603112,华翔股份,17.84,-1.24,-6.499,17.84,17.85,19.08,19.03,19.03,17.7,10124500.0,185574454.0,13:14:38
603113,金能科技,6.77,0.08,1.196,6.76,6.77,6.69,6.69,6.86,6.66,11501526.0,77589879.0,13:14:40
603115,海星股份,23.31,-0.99,-4.074,23.3,23.32,24.3,24.4,24.4,23.01,8387099.0,196522489.0,13:14:40
603116,红蜻蜓,6.4,-0.08,-1.235,6.4,6.41,6.48,6.44,6.56,6.36,7937260.0,51069904.0,13:14:40
603117,万林物流,4.91,-0.04,-0.808,4.91,4.92,4.95,4.94,4.96,4.87,5514840.0,27072205.0,13:14:39
603118,共进股份,12.04,-0.17,-1.392,12.04,12.05,12.21,12.22,12.32,11.96,18630620.0,225223039.0,13:14:38
603119,浙江荣泰,110.05,-11.94,-9.788,110.06,110.09,121.99,121.0,122.52,110.0,16690346.0,1912057915.0,13:14:38
603120,肯特催化,40.97,-0.35,-0.847,40.97,40.98,41.32,41.32,41.32,40.86,922215.0,37848168.0,13:14:39
603121,华培动力,21.78,-0.22,-1.0,21.78,21.79,22.0,22.02,22.8,21.52,8035844.0,177661597.0,13:14:39
603122,合富中国,18.01,-0.97,-5.111,18.0,18.01,18.98,18.46,18.79,17.69,26518100.0,480737116.0,13:14:38
603123,翠微股份,13.16,-0.5,-3.66,13.16,13.17,13.66,13.56,13.65,13.16,19255122.0,257237047.0,13:14:40
603124,江南新材,93.23,-0.28,-0.299,93.16,93.23,93.51,92.82,94.84,91.8,911888.0,84989738.0,13:14:37
603125,常青科技,18.72,-0.39,-2.041,18.71,18.72,19.11,19.01,19.09,18.7,3718632.0,70206142.0,13:14:40
603126,中材节能,7.35,0.04,0.547,7.35,7.36,7.31,7.35,7.49,7.31,9397345.0,69718542.0,13:14:40
603127,昭衍新药,41.76,0.69,1.68,41.72,41.76,41.07,41.1,42.3,40.31,15404432.0,637666577.0,13:14:38
603128,华贸物流,6.03,-0.06,-0.985,6.03,6.04,6.09,6.08,6.1,6.01,13832690.0,83533755.0,13:14:40
603129,春风动力,266.16,-1.45,-0.542,266.11,266.39,267.61,267.59,272.7,264.57,1135345.0,304274681.0,13:14:37
603130,云中马,57.8,-6.13,-9.589,57.8,57.81,63.93,64.38,64.38,57.8,3205200.0,193979788.0,13:14:38
603131,上海沪工,25.06,-2.38,-8.673,25.05,25.06,27.44,26.7,26.77,25.02,22982901.0,595832353.0,13:14:40
603132,金徽股份,18.33,1.67,10.024,18.33,0.0,16.66,17.29,18.33,17.29,6449100.0,116100061.0,13:14:38
603135,中重科技,11.63,0.69,6.307,11.63,11.65,10.94,11.16,12.0,11.16,20226568.0,237697474.0,13:14:39
603136,天目湖,12.05,-0.15,-1.23,12.04,12.06,12.2,12.16,12.2,11.99,3447160.0,41585598.0,13:14:36
603137,恒尚节能,14.34,-0.17,-1.172,14.34,14.36,14.51,14.55,14.6,14.28,999340.0,14401690.0,13:14:33
603138,海量数据,17.65,-0.29,-1.616,17.64,17.65,17.94,17.99,18.84,17.61,24828360.0,452208243.0,13:14:40
603139,康惠股份,23.56,1.11,4.944,23.55,23.59,22.45,22.36,24.18,22.36,7741393.0,182314682.0,13:14:40
603150,万朗磁塑,42.79,-1.5,-3.387,42.76,42.78,44.29,44.27,44.36,42.65,1233910.0,53334440.0,13:14:36
603151,邦基科技,19.32,-0.18,-0.923,19.3,19.32,19.5,19.57,19.58,19.15,1557600.0,30133691.0,13:14:38
603153,上海建科,17.93,-0.05,-0.278,17.93,17.94,17.98,18.08,18.1,17.79,1681144.0,30092296.0,13:14:39
603155,新亚强,18.11,-0.4,-2.161,18.1,18.11,18.51,18.61,18.61,18.05,3865107.0,70437364.0,13:14:38
603156,养元饮品,32.85,-1.01,-2.983,32.83,32.84,33.86,33.2,34.5,32.63,6575858.0,217426419.0,13:14:40
603158,腾龙股份,10.65,-0.23,-2.114,10.65,10.66,10.88,10.94,10.98,10.64,10034100.0,108201141.0,13:14:39
603159,上海亚虹,27.62,-1.74,-5.926,27.62,27.63,29.36,29.27,29.3,27.51,3063062.0,85633876.0,13:14:37
603160,汇顶科技,83.2,-1.45,-1.713,83.18,83.19,84.65,84.6,85.55,82.8,5004432.0,418760732.0,13:14:38
603161,科华控股,15.52,-0.29,-1.834,15.52,15.53,15.81,16.0,16.01,15.52,4089396.0,64134073.0,13:14:39
603162,海通发展,12.61,0.07,0.558,12.61,12.62,12.54,12.5,12.75,12.34,10764030.0,135425844.0,13:14:40
603163,圣晖集成,92.74,-0.76,-0.813,92.72,92.74,93.5,92.3,95.85,90.02,3919100.0,364425370.0,13:14:40
603165,荣晟环保,15.18,0.53,3.618,15.18,15.19,14.65,14.65,15.5,14.57,6530561.0,98386173.0,13:14:39
603166,福达股份,17.82,0.22,1.25,17.82,17.83,17.6,18.2,18.51,17.4,21214979.0,379709075.0,13:14:38
603167,渤海轮渡,9.62,-0.01,-0.104,9.61,9.62,9.63,9.66,9.66,9.51,4896300.0,46884207.0,13:14:36
603168,莎普爱思,7.79,0.0,0.0,7.79,7.8,7.79,7.79,7.83,7.7,5870242.0,45525359.0,13:14:39
603169,兰石重装,11.33,-0.39,-3.328,11.32,11.33,11.72,11.71,11.71,11.31,33645274.0,386197588.0,13:14:40
603170,宝立食品,14.47,-0.28,-1.898,14.47,14.48,14.75,14.71,14.84,14.45,2677247.0,38993246.0,13:14:40
603171,税友股份,76.35,-2.33,-2.961,76.35,76.41,78.68,78.91,79.77,75.69,5049043.0,388076013.0,13:14:35
603172,万丰股份,21.14,0.14,0.667,21.14,21.15,21.0,21.0,21.63,20.86,2310954.0,49151058.0,13:14:40
603173,福斯达,47.41,-1.18,-2.428,47.41,47.47,48.59,48.11,48.59,47.32,1632300.0,78375156.0,13:14:39
603175,超颖电子,71.3,-2.38,-3.23,71.28,71.36,73.68,73.25,74.0,70.8,2730020.0,197377113.0,13:14:37
603176,汇通集团,5.78,0.07,1.226,5.78,5.79,5.71,5.71,6.14,5.62,11108595.0,64685149.0,13:14:38
603177,德创环保,11.94,-0.16,-1.322,11.94,11.95,12.1,12.15,12.19,11.86,2688900.0,32279336.0,13:14:39
603178,圣龙股份,17.85,-0.72,-3.877,17.84,17.85,18.57,18.3,18.33,17.83,5251500.0,94821968.0,13:14:38
603179,新泉股份,91.8,-3.79,-3.965,91.77,91.8,95.59,95.43,96.0,90.45,14709728.0,1359743266.0,13:14:38
603180,金牌家居,20.93,0.05,0.239,20.9,20.93,20.88,20.99,21.09,20.73,959100.0,20035012.0,13:14:32
603181,皇马科技,16.34,-0.48,-2.854,16.34,16.35,16.82,16.99,17.47,16.3,11240892.0,188087088.0,13:14:38
603182,嘉华股份,16.21,0.12,0.746,16.2,16.22,16.09,16.19,16.3,16.04,1423984.0,23026924.0,13:14:36
603183,建研院,4.67,-0.01,-0.214,4.67,4.68,4.68,4.69,4.7,4.63,8190039.0,38211141.0,13:14:39
603185,弘元绿能,28.14,-0.44,-1.54,28.14,28.15,28.58,29.2,29.55,28.09,34780476.0,1005637515.0,13:14:39
603186,华正新材,66.77,-2.43,-3.512,66.73,66.77,69.2,69.81,69.95,65.8,9442018.0,639594377.0,13:14:40
603187,海容冷链,16.16,-0.25,-1.523,16.16,16.17,16.41,16.38,16.43,16.15,3208683.0,52181376.0,13:14:38
603188,亚邦股份,4.87,-0.01,-0.205,4.86,4.87,4.88,4.95,4.95,4.83,10975300.0,53776302.0,13:14:38
603189,网达软件,20.37,-0.91,-4.276,20.36,20.37,21.28,21.37,21.47,20.35,7413500.0,153834739.0,13:14:40
603190,亚通精工,27.98,-0.6,-2.099,27.97,27.99,28.58,28.65,28.65,27.88,2268300.0,63755404.0,13:14:36
603191,望变电气,20.69,1.88,9.995,20.69,0.0,18.81,19.08,20.69,19.05,25359972.0,512798426.0,13:14:40
603192,汇得科技,27.28,-1.06,-3.74,27.27,27.28,28.34,28.35,28.43,27.16,2993871.0,82371279.0,13:14:38
603193,润本股份,25.19,-0.52,-2.023,25.18,25.19,25.71,25.7,25.71,25.11,2667200.0,67623152.0,13:14:38
603194,中力股份,39.89,-0.91,-2.23,39.87,39.89,40.8,40.89,41.13,39.83,2104300.0,84558121.0,13:14:38
603195,公牛集团,42.1,-0.24,-0.567,42.1,42.12,42.34,42.41,42.47,41.88,2129380.0,89716920.0,13:14:38
603196,日播时尚,26.29,-1.03,-3.77,26.25,26.28,27.32,27.28,27.48,26.12,3210200.0,85393536.0,13:14:38
603197,保隆科技,37.92,-1.3,-3.315,37.92,37.93,39.22,39.23,39.42,37.9,5545823.0,212889544.0,13:14:39
603198,迎驾贡酒,38.66,-0.46,-1.176,38.66,38.67,39.12,38.86,38.93,38.42,2505100.0,96893173.0,13:14:40
603199,九华旅游,42.98,-0.62,-1.422,42.94,42.98,43.6,42.92,44.0,42.67,2096400.0,90310858.0,13:14:39
603200,上海洗霸,87.12,-1.86,-2.09,87.12,87.16,88.98,91.0,91.0,86.97,8888315.0,788418991.0,13:14:38
603201,常润股份,17.89,-0.14,-0.776,17.87,17.89,18.03,18.04,18.04,17.76,1501261.0,26853344.0,13:14:35
603202,天有为,94.91,-1.55,-1.607,94.91,94.95,96.46,96.46,96.65,94.7,988900.0,94216841.0,13:14:36
603203,快克智能,39.73,-0.27,-0.675,39.71,39.75,40.0,39.75,40.27,39.26,2719703.0,108169401.0,13:14:31
603205,健尔康,28.96,0.14,0.486,28.94,28.96,28.82,28.72,29.0,28.63,872715.0,25144525.0,13:14:31
603206,嘉环科技,17.51,-0.44,-2.451,17.51,17.52,17.95,17.91,17.93,17.51,3416505.0,60364638.0,13:14:31
603207,小方制药,31.18,0.13,0.419,31.13,31.18,31.05,31.05,31.35,30.72,1176074.0,36379595.0,13:14:27
603208,江山欧派,14.69,-0.6,-3.924,14.69,14.7,15.29,15.2,15.22,14.66,3951960.0,58665096.0,13:14:31
603209,兴通股份,15.61,-0.04,-0.256,15.6,15.61,15.65,15.68,15.74,15.48,3056176.0,47676156.0,13:14:33
603210,泰鸿万立,20.03,-0.28,-1.379,20.03,20.04,20.31,20.35,20.35,20.02,2127879.0,42809424.0,13:14:30
603211,晋拓股份,22.44,-1.35,-5.675,22.43,22.44,23.79,23.66,23.8,22.3,8380500.0,191298591.0,13:14:32
603212,赛伍技术,15.96,-0.28,-1.724,15.96,15.97,16.24,16.96,17.28,15.95,79637953.0,1324253183.0,13:14:30
603213,镇洋发展,13.78,-0.08,-0.577,13.77,13.79,13.86,13.85,13.9,13.74,1658354.0,22894576.0,13:14:25
603214,爱婴室,17.94,-0.02,-0.111,17.93,17.95,17.96,17.89,18.02,17.8,2923300.0,52385689.0,13:14:31
603215,比依股份,20.9,-0.5,-2.336,20.9,20.91,21.4,21.36,21.37,20.86,3971500.0,83419418.0,13:14:32
603216,梦天家居,50.78,-1.04,-2.007,50.78,50.79,51.82,50.84,54.28,50.11,6767300.0,352841062.0,13:14:31
603217,元利科技,27.33,-0.55,-1.973,27.3,27.33,27.88,27.88,28.12,27.28,1730940.0,47870633.0,13:14:31
603218,日月股份,14.18,-0.19,-1.322,14.17,14.18,14.37,14.42,14.46,14.05,10840521.0,153707197.0,13:14:31
603219,富佳股份,18.56,-0.25,-1.329,18.55,18.56,18.81,18.9,19.19,18.4,3679800.0,68776824.0,13:14:32
603220,中贝通信,25.21,-0.16,-0.631,25.21,25.22,25.37,25.9,27.26,25.19,28676085.0,745357105.0,13:14:33
603221,爱丽家居,13.12,-0.52,-3.812,13.11,13.13,13.64,13.35,13.55,12.93,6846500.0,90128483.0,13:14:33
603222,济民健康,9.1,-0.35,-3.704,9.1,9.11,9.45,9.3,9.35,8.94,23876524.0,217392496.0,13:14:32
603223,恒通股份,10.37,-0.13,-1.238,10.36,10.37,10.5,10.5,10.54,10.23,10487975.0,108516205.0,13:14:31
603225,新凤鸣,21.61,-0.44,-1.995,21.61,21.63,22.05,21.82,22.49,21.6,6663887.0,146299771.0,13:14:30
603226,菲林格尔,29.58,-1.96,-6.214,29.57,29.59,31.54,31.59,31.75,29.42,3976300.0,119779237.0,13:14:32
603227,雪峰科技,8.68,0.0,0.0,8.68,8.69,8.68,8.68,8.71,8.53,12200200.0,105194682.0,13:14:31
603228,景旺电子,65.82,-0.55,-0.829,65.82,65.83,66.37,66.37,67.2,65.21,14993302.0,989357910.0,13:14:33
603229,奥翔药业,9.97,0.12,1.218,9.97,9.98,9.85,9.86,10.0,9.71,10423339.0,102697160.0,13:14:31
603230,内蒙新华,12.37,-0.15,-1.198,12.36,12.38,12.52,12.52,12.57,12.3,2888258.0,35750145.0,13:14:31
603231,索宝蛋白,19.92,-0.02,-0.1,19.92,19.94,19.94,20.0,20.09,19.56,3025100.0,60080066.0,13:14:32
603232,格尔软件,21.42,-2.27,-9.582,21.42,21.43,23.69,22.45,22.83,21.39,22750067.0,501501145.0,13:14:33
603233,大参林,20.8,-0.47,-2.21,20.8,20.81,21.27,20.89,21.13,20.6,8954053.0,186098642.0,13:14:32
603235,天新药业,27.33,0.08,0.294,27.32,27.33,27.25,27.38,27.39,27.15,629400.0,17170675.0,13:14:32
603236,移远通信,95.93,-3.82,-3.83,95.93,95.98,99.75,99.58,99.75,95.8,6981747.0,676384910.0,13:14:32
603237,五芳斋,17.31,-0.1,-0.574,17.31,17.32,17.41,17.42,17.45,17.25,1082796.0,18770951.0,13:14:32
603238,诺邦股份,19.54,-0.16,-0.812,19.56,19.58,19.7,19.79,20.12,19.44,1796054.0,35382270.0,13:14:25
603239,浙江仙通,24.73,-1.47,-5.611,24.73,24.74,26.2,25.94,26.02,24.55,9177100.0,231099977.0,13:14:31
603248,锡华科技,24.81,1.08,4.551,24.81,24.82,23.73,23.81,25.29,23.5,13623502.0,332981322.0,13:14:33
603255,鼎际得,33.46,0.29,0.874,33.45,33.47,33.17,33.66,34.82,33.28,2130132.0,72284061.0,13:14:32
603256,宏和科技,49.12,1.92,4.068,49.12,49.14,47.2,47.2,50.8,46.98,26409900.0,1306204222.0,13:14:31
603257,中国瑞林,66.22,1.22,1.877,66.22,66.23,65.0,65.99,68.17,65.3,4249377.0,284574563.0,13:14:33
603258,电魂网络,18.93,-0.42,-2.171,18.92,18.93,19.35,19.29,19.4,18.87,3039408.0,57807849.0,13:14:31
603259,药明康德,97.23,-0.37,-0.379,97.19,97.24,97.6,97.85,97.98,95.81,28329260.0,2737935012.0,13:14:31
603260,合盛硅业,53.43,-0.49,-0.909,53.43,53.5,53.92,53.95,54.89,53.02,10299500.0,554005513.0,13:14:33
603261,*ST立航,31.93,-0.48,-1.481,31.86,31.98,32.41,31.21,32.35,31.05,885200.0,28155778.0,13:14:33
603262,技源集团,29.28,0.38,1.315,29.28,29.29,28.9,28.88,29.5,28.81,2549056.0,74692702.0,13:14:31
603266,天龙股份,22.25,-0.75,-3.261,22.25,22.26,23.0,23.1,23.33,22.23,4297700.0,97368380.0,13:14:30
603267,鸿远电子,57.25,-2.5,-4.184,57.25,57.26,59.75,60.21,60.3,57.23,8255738.0,481100825.0,13:14:33
603268,*ST松发,86.1,2.5,2.99,86.08,86.1,83.6,84.1,86.3,82.61,1852080.0,157257518.0,13:14:31
603269,海鸥股份,12.55,-1.1,-8.059,12.55,12.56,13.65,13.66,13.7,12.53,22521796.0,291273071.0,13:14:32
603270,金帝股份,27.54,-0.65,-2.306,27.54,27.55,28.19,28.19,28.35,27.54,2815451.0,78545894.0,13:14:32
603271,永杰新材,47.14,4.29,10.012,47.14,0.0,42.85,47.14,47.14,47.14,1113413.0,52486289.0,13:14:27
603272,联翔股份,21.79,-1.13,-4.93,21.78,21.79,22.92,23.04,23.04,21.5,2840400.0,62675745.0,13:14:31
603273,天元智能,19.2,-0.05,-0.26,19.2,19.21,19.25,19.26,19.39,19.02,1751500.0,33613185.0,13:14:23
603275,众辰科技,48.12,-1.71,-3.432,48.12,48.2,49.83,49.84,50.1,47.66,2588493.0,125568786.0,13:14:32
603276,恒兴新材,18.43,0.06,0.327,18.42,18.43,18.37,18.37,18.57,18.26,2385940.0,44064672.0,13:14:32
603277,银都股份,16.41,-0.21,-1.264,16.4,16.41,16.62,16.66,16.68,16.4,1845530.0,30387103.0,13:14:33
603278,大业股份,12.66,-0.65,-4.884,12.65,12.66,13.31,13.33,13.33,12.62,22036021.0,283282084.0,13:14:31
603279,景津装备,17.25,-0.09,-0.519,17.25,17.26,17.34,17.29,17.57,17.18,6050800.0,104823699.0,13:14:30
603280,南方路机,40.84,-0.82,-1.968,40.84,40.85,41.66,41.5,41.78,40.67,2117100.0,87051080.0,13:14:32
603281,江瀚新材,30.64,0.64,2.133,30.62,30.64,30.0,30.03,30.75,29.81,2023980.0,61152613.0,13:14:32
603282,亚光股份,21.87,0.17,0.783,21.86,21.87,21.7,21.78,22.03,21.75,2277100.0,49863655.0,13:14:30
603283,赛腾股份,52.81,-1.09,-2.022,52.78,52.79,53.9,54.01,54.68,51.7,13212284.0,696379237.0,13:14:32
603285,键邦股份,31.78,-0.52,-1.61,31.78,31.79,32.3,31.98,32.78,31.03,3563661.0,114251571.0,13:14:31
603286,日盈电子,74.58,-3.18,-4.09,74.57,74.59,77.76,78.77,78.77,74.0,4924000.0,371927520.0,13:14:33
603288,海天味业,35.58,-0.26,-0.725,35.58,35.59,35.84,35.83,35.94,35.41,15834239.0,563808694.0,13:14:33
603289,泰瑞机器,11.19,-0.09,-0.798,11.17,11.18,11.28,11.32,11.32,11.1,3445626.0,38550976.0,13:14:30
603290,斯达半导,108.9,-2.3,-2.068,108.9,108.94,111.2,111.8,113.8,108.68,5344965.0,591434513.0,13:14:32
603291,联合水务,11.69,-0.06,-0.511,11.68,11.69,11.75,11.85,11.87,11.64,3641700.0,42879443.0,13:14:30
603296,华勤技术,90.34,0.88,0.984,90.34,90.35,89.46,90.0,92.65,89.51,11436815.0,1042885912.0,13:14:32
603297,永新光学,106.35,-8.57,-7.457,106.35,106.39,114.92,115.5,115.5,106.0,2530276.0,275432336.0,13:14:32
603298,杭叉集团,27.21,0.24,0.89,27.2,27.22,26.97,27.0,27.97,27.0,10001484.0,274067881.0,13:14:33
603299,苏盐井神,11.09,-0.06,-0.538,11.08,11.09,11.15,11.15,11.28,11.07,8328562.0,92966130.0,13:14:32
603300,海南华铁,7.48,-0.17,-2.222,7.47,7.48,7.65,7.63,7.76,7.46,65060315.0,491702478.0,13:14:30
603301,振德医疗,71.6,0.66,0.93,71.34,71.59,70.94,71.95,72.49,69.02,2832616.0,201181742.0,13:14:31
603303,得邦照明,14.53,-0.41,-2.744,14.53,14.54,14.94,15.09,15.1,14.45,2850340.0,41746112.0,13:14:32
603305,旭升集团,19.47,-2.01,-9.358,19.46,19.47,21.48,21.5,21.65,19.42,91781630.0,1864964766.0,13:14:31
603306,华懋科技,73.8,1.43,1.976,73.8,73.84,72.37,71.88,74.77,71.62,8980730.0,660608137.0,13:14:31
603307,扬州金泉,42.25,-0.9,-2.086,42.25,42.3,43.15,43.1,43.1,41.91,557500.0,23633239.0,13:14:33
603308,应流股份,52.75,0.58,1.112,52.75,52.82,52.17,52.16,55.47,51.51,21594391.0,1162528728.0,13:14:33
603309,维力医疗,14.92,0.04,0.269,14.91,14.92,14.88,14.94,15.15,14.78,4970170.0,74311074.0,13:14:30
603310,巍华新材,17.75,-0.06,-0.337,17.75,17.77,17.81,17.99,18.04,17.7,2053000.0,36532422.0,13:14:31
603311,金海高科,15.89,0.0,0.0,15.89,15.9,15.89,15.95,16.34,15.89,8061100.0,129965320.0,13:14:32
603312,西典新能,52.0,0.26,0.503,51.98,51.99,51.74,52.38,53.34,51.75,4668700.0,245684139.0,13:14:36
603313,梦百合,9.97,-0.28,-2.732,9.97,9.98,10.25,10.2,10.22,9.97,12568489.0,126643122.0,13:14:36
603315,福鞍股份,16.16,0.42,2.668,16.15,16.16,15.74,15.75,16.92,15.75,15370300.0,253826352.0,13:14:37
603316,诚邦股份,13.41,-0.62,-4.419,13.41,13.42,14.03,14.04,14.08,13.35,9563180.0,129393924.0,13:14:39
603317,天味食品,13.06,-0.18,-1.36,13.06,13.07,13.24,13.2,13.25,12.96,4045884.0,52914063.0,13:14:38
603318,水发燃气,7.21,0.08,1.122,7.21,7.22,7.13,7.17,7.32,7.17,9118954.0,66111824.0,13:14:36
603319,XD美湖股,38.96,0.28,0.724,38.96,38.97,38.68,39.6,39.95,38.01,13062720.0,506073781.0,13:14:38
603320,迪贝电气,22.68,-0.35,-1.52,22.67,22.68,23.03,23.28,23.83,22.63,3694693.0,84921864.0,13:14:34
603321,梅轮电梯,8.52,-0.03,-0.351,8.51,8.52,8.55,8.54,8.58,8.46,3000600.0,25556754.0,13:14:36
603322,超讯通信,38.53,-1.31,-3.288,38.52,38.53,39.84,39.83,40.16,38.43,5528468.0,215320204.0,13:14:36
603323,苏农银行,5.02,0.0,0.0,5.01,5.02,5.02,5.01,5.04,4.98,17481140.0,87540332.0,13:14:38
603324,盛剑科技,27.02,-0.66,-2.384,27.01,27.02,27.68,27.57,27.7,26.97,2205140.0,59961483.0,13:14:30
603325,博隆技术,83.88,-1.61,-1.883,83.87,83.89,85.49,85.6,85.61,83.7,661780.0,55866834.0,13:14:27
603326,我乐家居,9.95,-0.04,-0.4,9.95,9.96,9.99,10.0,10.07,9.85,5180000.0,51566454.0,13:14:36
603327,福蓉科技,11.0,-0.22,-1.961,10.99,11.0,11.22,11.19,11.27,10.93,20264857.0,224068289.0,13:14:37
603328,依顿电子,11.56,-0.29,-2.447,11.56,11.57,11.85,11.8,11.83,11.47,18645047.0,216050885.0,13:14:38
603329,上海雅仕,11.74,-0.03,-0.255,11.73,11.74,11.77,11.77,11.85,11.64,2579330.0,30275076.0,13:14:37
603330,天洋新材,7.81,-0.16,-2.008,7.81,7.82,7.97,7.98,8.02,7.8,8025220.0,63192384.0,13:14:38
603331,百达精工,15.7,1.43,10.021,15.7,0.0,14.27,15.7,15.7,15.7,9667480.0,151779436.0,13:14:37
603332,苏州龙杰,14.09,-0.18,-1.261,14.08,14.09,14.27,14.23,14.5,13.96,5785599.0,81996993.0,13:14:37
603333,尚纬股份,8.38,-0.19,-2.217,8.38,8.39,8.57,8.6,8.6,8.36,9256600.0,78473014.0,13:14:38
603334,丰倍生物,49.8,-0.09,-0.18,49.8,49.83,49.89,49.88,50.5,49.08,1235963.0,61439757.0,13:14:38
603335,迪生力,6.06,0.03,0.498,6.05,6.06,6.03,6.05,6.25,6.01,12793168.0,77864492.0,13:14:36
603336,宏辉果蔬,9.79,0.39,4.149,9.78,9.79,9.4,9.56,10.0,9.5,22460286.0,219920592.0,13:14:38
603337,杰克科技,45.03,-1.86,-3.967,44.98,45.03,46.89,47.03,47.48,44.6,2956335.0,134520087.0,13:14:37
603338,浙江鼎力,59.29,-0.83,-1.381,59.27,59.29,60.12,59.93,60.28,58.38,3584973.0,211633797.0,13:14:37
603339,四方科技,14.1,-0.29,-2.015,14.1,14.12,14.39,14.48,14.49,14.07,4865592.0,69066066.0,13:14:38
603341,龙旗科技,47.12,-2.3,-4.654,47.12,47.14,49.42,49.12,49.5,46.95,13206306.0,631736425.0,13:14:36
603344,星德胜,33.31,-0.85,-2.488,33.31,33.32,34.16,34.11,34.18,33.06,2324000.0,77566031.0,13:14:34
603345,安井食品,88.65,-0.86,-0.961,88.65,88.69,89.51,89.0,90.43,87.6,3219394.0,284746472.0,13:14:38
603348,文灿股份,21.68,0.2,0.931,21.67,21.68,21.48,21.49,21.95,21.32,4372202.0,94561714.0,13:14:37
603350,安乃达,39.67,-0.63,-1.563,39.63,39.68,40.3,40.58,40.6,39.53,981510.0,39188743.0,13:14:36
603351,威尔药业,28.05,0.29,1.045,28.03,28.06,27.76,27.76,28.3,27.76,562312.0,15741752.0,13:14:36
603352,至信股份,46.15,-0.55,-1.178,46.15,46.16,46.7,46.98,47.07,45.99,5193020.0,240323459.0,13:14:37
603353,和顺石油,34.93,3.18,10.016,34.93,0.0,31.75,31.78,34.93,31.78,11294991.0,383022508.0,13:14:33
603355,莱克电气,36.23,-0.6,-1.629,36.23,36.24,36.83,37.02,37.48,36.22,2716560.0,100087378.0,13:14:34
603356,华菱精工,18.75,0.68,3.763,18.75,18.77,18.07,18.16,19.46,18.15,5906300.0,111529616.0,13:14:38
603357,设计总院,8.38,-0.05,-0.593,8.37,8.38,8.43,8.43,8.45,8.34,2810648.0,23565728.0,13:14:34
603358,华达科技,54.88,0.47,0.864,54.8,54.88,54.41,54.42,55.03,53.13,4243007.0,229293247.0,13:14:37
603359,东珠生态,7.03,-0.15,-2.089,7.02,7.03,7.18,7.18,7.21,7.02,11443900.0,81006055.0,13:14:35
603360,百傲化学,35.34,-0.91,-2.51,35.35,35.39,36.25,36.0,36.89,35.3,15837768.0,570258557.0,13:14:36
603363,傲农生物,4.25,-0.06,-1.392,4.25,4.26,4.31,4.29,4.29,4.19,40918950.0,173258277.0,13:14:38
603365,水星家纺,21.17,-0.05,-0.236,21.12,21.17,21.22,21.21,21.4,20.7,1465400.0,30797077.0,13:14:36
603366,日出东方,10.48,0.67,6.83,10.48,10.49,9.81,9.93,10.79,9.8,80099398.0,837458671.0,13:14:38
603367,辰欣药业,19.09,0.29,1.543,19.07,19.09,18.8,18.8,19.22,18.67,13938800.0,264157345.0,13:14:36
603368,柳药集团,18.74,0.03,0.16,18.73,18.74,18.71,18.74,18.83,18.52,5804889.0,108286964.0,13:14:37
603369,今世缘,33.25,-0.46,-1.365,33.25,33.27,33.71,33.65,33.68,32.81,8753217.0,289945003.0,13:14:36
603370,华新精科,52.59,-2.11,-3.857,52.59,52.6,54.7,54.41,55.51,52.0,5320028.0,285078061.0,13:14:36
603373,安邦护卫,39.58,-1.17,-2.871,39.58,39.59,40.75,40.76,40.85,39.4,1067629.0,42522111.0,13:14:36
603375,盛景微,39.05,-0.85,-2.13,39.03,39.06,39.9,39.4,39.85,38.89,1425600.0,55970491.0,13:14:34
603376,大明电子,39.26,-0.77,-1.924,39.26,39.28,40.03,40.2,40.27,39.2,2106580.0,83301866.0,13:14:38
603377,ST东时,3.9,0.01,0.257,3.9,3.91,3.89,3.89,3.94,3.88,4530955.0,17689419.0,13:14:13
603378,亚士创能,7.04,-0.17,-2.358,7.03,7.04,7.21,7.18,7.27,7.0,6498021.0,46303822.0,13:14:35
603379,三美股份,67.26,-0.74,-1.088,67.26,67.3,68.0,67.71,69.77,66.86,12027870.0,818825888.0,13:14:38
603380,易德龙,40.98,-1.26,-2.983,40.97,40.98,42.24,42.46,42.49,40.68,2973834.0,122727340.0,13:14:37
603381,永臻股份,21.22,-0.46,-2.122,21.22,21.23,21.68,21.73,22.0,21.22,6129748.0,132236007.0,13:14:37
603382,海阳科技,31.88,-0.4,-1.239,31.88,31.89,32.28,32.26,32.36,31.87,953118.0,30565916.0,13:14:37
603383,顶点软件,37.67,-0.97,-2.51,37.67,37.68,38.64,38.6,38.86,37.63,3869096.0,147396817.0,13:14:38
603385,惠达卫浴,7.07,-0.02,-0.282,7.07,7.08,7.09,7.13,7.18,6.98,3094150.0,21831040.0,13:14:31
603386,骏亚科技,15.3,-0.86,-5.322,15.3,15.31,16.16,15.89,15.93,15.23,19504740.0,303489962.0,13:14:38
603387,基蛋生物,9.12,0.37,4.229,9.11,9.12,8.75,8.81,9.19,8.79,12126116.0,108516649.0,13:14:36
603389,*ST亚振,47.22,-0.98,-2.033,47.21,47.22,48.2,46.27,48.96,46.2,1042140.0,49690977.0,13:14:37
603390,通达电气,13.4,-0.37,-2.687,13.4,13.41,13.77,13.77,13.87,13.38,6453800.0,87606692.0,13:14:37
603391,力聚热能,68.0,1.65,2.487,68.0,68.05,66.35,66.47,68.58,66.35,1424800.0,96382329.0,13:14:36
603392,万泰生物,46.12,1.82,4.108,46.12,46.13,44.3,44.3,46.35,44.3,7190208.0,325468941.0,13:14:36
603393,新天然气,30.28,0.85,2.888,30.26,30.27,29.43,29.98,30.57,29.65,11836754.0,355189594.0,13:14:36
603395,红四方,31.11,-0.14,-0.448,31.11,31.13,31.25,31.2,31.62,30.65,3485947.0,108250722.0,13:14:39
603396,金辰股份,42.47,1.23,2.983,42.47,42.48,41.24,44.54,45.36,42.23,24252812.0,1062983173.0,13:14:39
603398,*ST沐邦,9.71,0.33,3.518,9.71,9.72,9.38,9.85,9.85,9.61,11323528.0,110384813.0,13:14:34
603399,永杉锂业,12.04,0.01,0.083,12.03,12.05,12.03,12.36,12.36,11.95,19850497.0,240107406.0,13:14:38
603400,华之杰,58.6,-0.55,-0.93,58.59,58.61,59.15,59.19,59.69,58.58,860024.0,50711697.0,13:14:38
603402,陕西旅游,159.91,0.65,0.408,159.82,159.91,159.26,159.0,165.0,158.02,1798347.0,291025694.0,13:14:36
603406,天富龙,40.16,0.0,0.0,40.16,40.19,40.16,40.05,40.58,39.9,1232518.0,49501135.0,13:14:38
603408,建霖家居,13.54,-0.17,-1.24,13.54,13.55,13.71,13.78,13.78,13.54,3099900.0,42176232.0,13:14:37
603409,汇通控股,37.95,0.16,0.423,37.91,37.95,37.79,37.79,38.05,37.54,856786.0,32356758.0,13:14:36
603416,信捷电气,60.76,-2.71,-4.27,60.78,60.79,63.47,63.59,64.88,60.71,3001878.0,186462314.0,13:14:36
603418,友升股份,59.36,-0.59,-0.984,59.35,59.36,59.95,59.96,60.09,59.23,1134649.0,67541572.0,13:14:37
603421,鼎信通讯,7.6,-0.25,-3.185,7.59,7.6,7.85,7.77,7.96,7.5,31116240.0,238625180.0,13:14:37
603429,集友股份,11.47,-0.22,-1.882,11.46,11.47,11.69,11.78,12.2,11.35,10222580.0,118798013.0,13:14:38
603439,三力制药,12.52,0.22,1.789,12.51,12.52,12.3,12.14,12.74,12.08,9889976.0,123175744.0,13:14:38
603444,吉比特,438.99,-16.93,-3.713,438.65,439.16,455.92,455.0,457.04,437.05,1251646.0,555295369.0,13:14:33
603456,九洲药业,19.12,-0.18,-0.933,19.12,19.13,19.3,19.31,19.4,18.84,13870006.0,264028534.0,13:14:32
603458,勘设股份,11.84,-0.31,-2.551,11.83,11.84,12.15,12.13,12.2,11.78,13405526.0,160158460.0,13:14:32
603466,风语筑,9.35,-0.34,-3.509,9.34,9.35,9.69,9.78,9.81,9.34,17157398.0,162765186.0,13:14:33
603477,巨星农牧,17.73,0.23,1.314,17.73,17.74,17.5,17.49,17.77,17.24,7896800.0,137818568.0,13:14:32
603486,科沃斯,79.6,-3.27,-3.946,79.6,79.65,82.87,82.76,83.65,79.5,5321050.0,431119911.0,13:14:31
603488,展鹏科技,9.62,-0.39,-3.896,9.61,9.62,10.01,9.99,9.99,9.57,9388220.0,91333248.0,13:14:28
603489,八方股份,31.77,-0.75,-2.306,31.76,31.77,32.52,32.85,32.99,31.75,2530594.0,81554540.0,13:14:31
603496,恒为科技,30.39,-1.05,-3.34,30.39,30.4,31.44,31.11,32.48,30.38,14705147.0,457224284.0,13:14:30
603499,翔港科技,23.93,0.2,0.843,23.92,23.93,23.73,23.73,24.67,23.67,7712640.0,187102379.0,13:14:27
603500,祥和实业,13.84,-0.17,-1.213,13.83,13.84,14.01,14.0,14.05,13.73,5092583.0,70604543.0,13:14:32
603501,豪威集团,125.13,-4.27,-3.3,125.13,125.14,129.4,129.4,129.74,124.83,20112775.0,2535717271.0,13:14:32
603505,金石资源,21.13,0.63,3.073,21.13,21.15,20.5,20.6,21.49,20.6,23290888.0,493696271.0,13:14:31
603506,南都物业,14.34,-0.06,-0.417,14.33,14.34,14.4,14.42,14.48,14.22,2482300.0,35603601.0,13:14:30
603507,振江股份,28.87,-0.48,-1.635,28.86,28.87,29.35,29.61,29.8,28.86,6529020.0,191248579.0,13:14:33
603508,思维列控,27.24,0.0,0.0,27.24,27.25,27.24,27.3,27.92,27.2,6366863.0,174995360.0,13:14:32
603511,爱慕股份,16.37,-0.17,-1.028,16.36,16.37,16.54,16.67,16.67,16.31,1449100.0,23794552.0,13:14:30
603515,欧普照明,19.44,0.07,0.361,19.42,19.45,19.37,19.35,19.61,19.06,1340770.0,25974034.0,13:14:32
603516,淳中科技,200.11,-18.59,-8.5,200.1,200.11,218.7,213.13,217.94,198.76,6260109.0,1277843957.0,13:14:33
603517,ST绝味,13.18,0.11,0.842,13.18,13.19,13.07,13.07,13.4,13.05,10004435.0,132105080.0,13:14:31
603518,锦泓集团,9.97,-0.23,-2.255,9.96,9.97,10.2,10.2,10.22,9.96,5732760.0,57525709.0,13:14:33
603519,立霸股份,13.11,0.03,0.229,13.1,13.11,13.08,13.15,13.26,13.02,2481512.0,32575348.0,13:14:32
603520,司太立,11.0,0.21,1.946,10.98,10.99,10.79,10.83,11.17,10.79,11978120.0,131345757.0,13:14:33
603527,众源新材,11.88,0.03,0.253,11.88,11.89,11.85,11.9,12.06,11.82,9940407.0,118607974.0,13:14:32
603528,多伦科技,10.11,-0.54,-5.07,10.1,10.11,10.65,10.46,10.51,9.99,24755000.0,251526021.0,13:14:30
603529,爱玛科技,30.13,-0.54,-1.761,30.11,30.13,30.67,30.68,30.78,30.06,6071750.0,184001052.0,13:14:30
603530,神马电力,46.83,-0.42,-0.889,46.83,46.85,47.25,47.25,47.8,46.69,3400774.0,160564212.0,13:14:31
603533,掌阅科技,24.35,-0.87,-3.45,24.35,24.36,25.22,25.51,25.66,24.16,18389400.0,455392040.0,13:14:32
603535,嘉诚国际,10.21,-0.19,-1.827,10.21,10.22,10.4,10.38,10.4,10.2,4004376.0,41077818.0,13:14:31
603536,惠发食品,11.17,-0.26,-2.275,11.16,11.17,11.43,11.48,11.48,11.16,4402900.0,49593373.0,13:14:32
603538,美诺华,22.54,0.34,1.532,22.54,22.56,22.2,22.21,22.8,22.09,10461434.0,234233855.0,13:14:31
603551,奥普科技,11.24,-0.11,-0.969,11.24,11.25,11.35,11.35,11.39,11.19,1644900.0,18534719.0,13:14:26
603556,海兴电力,39.93,-0.62,-1.529,39.92,39.93,40.55,40.55,40.79,39.5,4250071.0,170051721.0,13:14:32
603557,ST起步,2.6,-0.08,-2.985,2.6,2.62,2.68,2.67,2.68,2.59,7055300.0,18528705.0,13:14:26
603558,健盛集团,11.77,0.1,0.857,11.76,11.77,11.67,11.71,11.96,11.66,3280800.0,38754047.0,13:14:32
603559,ST通脉,6.16,-0.04,-0.645,6.16,6.17,6.2,6.21,6.33,6.16,7592300.0,47320584.0,13:14:32
603565,中谷物流,10.18,0.02,0.197,10.17,10.18,10.16,10.18,10.25,10.06,13362612.0,135676142.0,13:14:32
603566,普莱柯,14.13,0.35,2.54,14.13,14.15,13.78,13.97,14.22,13.78,6899149.0,96616194.0,13:14:33
603567,珍宝岛,8.56,-0.03,-0.349,8.56,8.57,8.59,8.63,8.76,8.42,20854168.0,177951796.0,13:14:32
603568,伟明环保,28.15,0.16,0.572,28.15,28.16,27.99,28.05,28.94,28.05,7300102.0,207863510.0,13:14:30
603569,长久物流,7.39,-0.79,-9.658,7.39,7.4,8.18,7.84,7.85,7.38,19735560.0,149574314.0,13:14:30
603577,汇金通,11.19,-0.09,-0.798,11.18,11.19,11.28,11.19,11.32,11.17,4522340.0,50839897.0,13:14:28
603578,三星新材,14.4,0.78,5.727,14.4,14.41,13.62,14.3,14.95,14.11,14835042.0,215000353.0,13:14:31
603579,荣泰健康,25.79,-1.05,-3.912,25.79,25.8,26.84,26.7,26.84,25.77,6239974.0,163105260.0,13:14:31
603580,*ST艾艾,16.55,-0.29,-1.722,16.55,16.58,16.84,16.83,17.04,16.53,1017200.0,17017806.0,13:14:11
603583,捷昌驱动,38.44,-0.98,-2.486,38.43,38.44,39.42,39.53,40.2,38.26,7978625.0,310219895.0,13:14:31
603585,苏利股份,21.29,0.05,0.235,21.28,21.29,21.24,21.24,21.8,21.1,3916200.0,84120143.0,13:14:31
603586,金麒麟,19.66,-0.21,-1.057,19.65,19.67,19.87,19.99,20.08,19.54,2459800.0,48610911.0,13:14:29
603587,地素时尚,13.18,-0.09,-0.678,13.18,13.2,13.27,13.32,13.35,13.1,1411400.0,18593418.0,13:14:24
603588,高能环境,10.03,-0.02,-0.199,10.03,10.04,10.05,10.1,10.28,9.92,38244445.0,385287401.0,13:14:32
603589,口子窖,29.13,-0.55,-1.853,29.13,29.15,29.68,29.5,29.67,29.07,4101400.0,119824619.0,13:14:32
603590,康辰药业,42.91,-0.02,-0.047,42.9,42.91,42.93,43.04,43.2,42.01,2492104.0,105973152.0,13:14:31
603595,ST东尼,17.13,-0.34,-1.946,17.12,17.13,17.47,17.41,17.47,17.12,3539500.0,60952989.0,13:14:22
603596,伯特利,55.29,-2.41,-4.177,55.29,55.3,57.7,57.71,58.0,55.2,15781626.0,884548834.0,13:14:31
603598,引力传媒,26.09,-0.68,-2.54,26.09,26.1,26.77,27.3,27.85,25.65,30260400.0,803062179.0,13:14:30
603599,广信股份,13.04,-0.11,-0.837,13.04,13.05,13.15,13.23,13.37,13.0,9814534.0,128904074.0,13:14:31
603600,永艺股份,11.94,-0.18,-1.485,11.94,11.95,12.12,12.15,12.21,11.88,2658900.0,31857119.0,13:14:30
603601,再升科技,10.06,-0.64,-5.981,10.06,10.07,10.7,10.7,10.71,9.72,95565446.0,976334831.0,13:14:32
603602,纵横通信,15.58,-0.58,-3.589,15.57,15.58,16.16,16.16,16.16,15.51,8191207.0,128874687.0,13:14:32
603605,珀莱雅,72.39,-0.79,-1.08,72.39,72.4,73.18,73.17,74.11,72.38,4345850.0,317979025.0,13:14:33
603606,东方电缆,58.12,-1.44,-2.418,58.12,58.13,59.56,60.0,60.0,58.02,8634007.0,506455226.0,13:14:32
603607,京华激光,24.75,-0.66,-2.597,24.75,24.78,25.41,25.51,25.88,24.62,5628292.0,141841034.0,13:14:33
603608,天创时尚,11.83,-0.13,-1.087,11.82,11.83,11.96,11.68,12.32,11.68,30383480.0,364065803.0,13:14:33
603609,禾丰股份,7.37,0.01,0.136,7.36,7.37,7.36,7.32,7.38,7.23,5589100.0,40784783.0,13:14:32
603610,麒盛科技,17.53,-0.54,-2.988,17.52,17.54,18.07,18.07,18.1,17.51,4999863.0,88647357.0,13:14:32
603611,诺力股份,24.8,-0.35,-1.392,24.8,24.83,25.15,25.15,25.27,24.75,3377460.0,84370722.0,13:14:31
603612,索通发展,30.12,0.97,3.328,30.12,30.2,29.15,28.77,30.32,28.65,43539902.0,1278430228.0,13:14:31
603613,国联股份,28.09,-1.16,-3.966,28.09,28.1,29.25,29.2,29.23,28.09,16565803.0,471380767.0,13:14:31
603615,茶花股份,25.78,-0.94,-3.518,25.78,25.79,26.72,26.7,26.7,25.43,4261400.0,110001167.0,13:14:31
603616,韩建河山,6.23,0.0,0.0,0.0,0.0,6.23,0.0,0.0,0.0,0.0,0.0,13:14:05
603617,君禾股份,7.87,-0.12,-1.502,7.87,7.88,7.99,8.0,8.03,7.81,7729300.0,61030990.0,13:14:31
603618,杭电股份,8.82,-0.16,-1.782,8.81,8.82,8.98,9.0,9.18,8.8,24784127.0,222697957.0,13:14:30
603619,中曼石油,30.04,1.81,6.412,30.04,30.07,28.23,28.79,30.56,28.67,24308322.0,717851029.0,13:14:32
603626,科森科技,23.03,0.69,3.089,23.03,23.04,22.34,22.5,23.6,22.45,46929347.0,1087324014.0,13:14:30
603628,清源股份,14.48,-0.25,-1.697,14.47,14.48,14.73,14.88,14.89,14.43,13788500.0,200851985.0,13:14:33
603629,利通电子,32.15,-0.47,-1.441,32.15,32.17,32.62,33.21,33.95,31.9,13396700.0,439182192.0,13:14:32
603630,拉芳家化,22.46,-1.18,-4.992,22.46,22.48,23.64,23.64,23.66,22.37,4717700.0,107662039.0,13:14:30
603633,徕木股份,9.44,-0.36,-3.673,9.44,9.45,9.8,9.75,9.8,9.44,8166750.0,78090544.0,13:14:28
603636,南威软件,11.71,-0.41,-3.383,11.7,11.71,12.12,12.11,12.12,11.7,14361100.0,170266972.0,13:14:33
603637,镇海股份,13.24,0.75,6.005,13.23,13.25,12.49,12.58,13.63,12.55,17577668.0,233845653.0,13:14:29
603638,艾迪精密,22.37,-0.48,-2.101,22.37,22.38,22.85,23.18,23.73,22.3,10460060.0,238077670.0,13:14:31
603639,海利尔,13.93,-0.1,-0.713,13.93,13.94,14.03,14.06,14.14,13.71,3455818.0,48234640.0,13:14:39
603648,畅联股份,10.91,-0.04,-0.365,10.9,10.91,10.95,10.99,11.05,10.88,1771100.0,19375816.0,13:14:35
603650,彤程新材,59.65,-2.24,-3.619,59.64,59.65,61.89,60.95,61.45,59.59,16396597.0,988822593.0,13:14:38
603655,朗博科技,42.87,-3.53,-7.608,42.84,42.86,46.4,45.95,46.23,42.77,3196366.0,141189999.0,13:14:34
603656,泰禾智能,24.85,0.85,3.542,24.83,24.84,24.0,24.02,25.67,23.71,5763320.0,141585942.0,13:14:39
603657,春光科技,29.91,-0.96,-3.11,29.91,29.92,30.87,31.31,31.31,29.9,1950700.0,59154807.0,13:14:37
603658,安图生物,38.02,0.71,1.903,38.03,38.05,37.31,37.65,38.47,37.1,4883975.0,184215515.0,13:14:37
603659,璞泰来,29.19,-0.82,-2.732,29.19,29.2,30.01,30.68,30.69,29.13,38869402.0,1154892503.0,13:14:39
603660,苏州科达,11.1,-0.08,-0.716,11.09,11.1,11.18,11.17,11.43,11.01,14760169.0,164808217.0,13:14:29
603661,恒林股份,34.62,-0.2,-0.574,34.62,34.63,34.82,34.85,35.5,34.4,1130400.0,39379941.0,13:14:39
603662,柯力传感,68.92,-3.08,-4.278,68.91,68.92,72.0,72.4,72.96,68.8,6887942.0,483289713.0,13:14:37
603663,三祥新材,37.78,-0.94,-2.428,37.76,37.79,38.72,38.8,38.9,37.52,6636278.0,251397899.0,13:14:37
603665,康隆达,35.13,-1.39,-3.806,35.13,35.15,36.52,36.3,36.8,35.0,3200564.0,114874911.0,13:14:37
603666,亿嘉和,32.37,-1.11,-3.315,32.37,32.38,33.48,33.29,33.67,32.32,5155664.0,169068974.0,13:14:37
603667,五洲新春,83.62,-3.51,-4.028,83.6,83.61,87.13,87.8,89.2,83.18,30620520.0,2614621970.0,13:14:37
603668,天马科技,15.63,-0.5,-3.1,15.62,15.63,16.13,16.18,16.19,15.55,7980560.0,126169373.0,13:14:38
603669,灵康药业,4.8,-0.08,-1.639,4.79,4.8,4.88,4.89,4.89,4.74,9580730.0,45848950.0,13:14:39
603676,卫信康,11.49,0.13,1.144,11.49,11.5,11.36,11.37,11.56,11.29,2140200.0,24459988.0,13:14:37
603677,奇精机械,18.47,-0.25,-1.335,18.47,18.48,18.72,18.73,18.86,18.46,1431300.0,26665858.0,13:14:36
603678,火炬电子,41.05,-1.07,-2.54,41.04,41.05,42.12,43.05,43.53,41.02,20717224.0,870559224.0,13:14:38
603679,华体科技,16.24,-0.55,-3.276,16.24,16.25,16.79,16.62,16.7,16.14,7916300.0,129459759.0,13:14:39
603680,今创集团,15.28,-0.49,-3.107,15.27,15.28,15.77,15.76,15.76,15.28,4952736.0,76423514.0,13:14:39
603681,永冠新材,23.55,0.3,1.29,23.53,23.55,23.25,23.9,24.83,22.74,16657709.0,394034280.0,13:14:39
603682,锦和商管,6.98,-0.37,-5.034,6.97,6.98,7.35,7.35,7.42,6.96,11261379.0,81069861.0,13:14:37
603683,晶华新材,28.55,1.34,4.925,28.55,28.56,27.21,27.55,29.55,27.55,24747632.0,710223657.0,13:14:39
603685,晨丰科技,19.6,-0.18,-0.91,19.61,19.62,19.78,19.81,19.92,19.37,2798990.0,54800673.0,13:14:36
603686,福龙马,25.21,-0.95,-3.631,25.21,25.22,26.16,26.17,26.2,25.2,22318934.0,570286932.0,13:14:39
603687,大胜达,11.13,0.02,0.18,11.12,11.13,11.11,11.12,11.5,10.99,10980400.0,123218337.0,13:14:37
603688,石英股份,39.94,-2.14,-5.086,39.94,39.95,42.08,41.98,41.98,39.4,18209440.0,732105391.0,13:14:37
603689,皖天然气,8.54,0.04,0.471,8.53,8.54,8.5,8.52,8.58,8.47,4965549.0,42366389.0,13:14:37
603690,至纯科技,30.81,-3.42,-9.991,0.0,30.81,34.23,30.81,31.33,30.81,13971177.0,430883913.0,13:14:37
603693,江苏新能,12.74,-0.08,-0.624,12.74,12.75,12.82,12.82,12.88,12.7,3275960.0,41812324.0,13:14:31
603696,安记食品,19.76,-2.18,-9.936,19.76,19.77,21.94,21.0,21.34,19.75,20707796.0,421529227.0,13:14:37
603697,有友食品,13.23,-0.17,-1.269,13.21,13.22,13.4,13.36,13.36,13.06,4240214.0,55861889.0,13:14:39
603698,航天工程,34.1,-3.57,-9.477,34.09,34.1,37.67,37.0,37.59,34.0,25335945.0,886799764.0,13:14:38
603699,纽威股份,59.5,-0.1,-0.168,59.49,59.5,59.6,59.66,59.85,57.77,4326362.0,254855678.0,13:14:37
603700,宁水集团,14.25,-0.08,-0.558,14.24,14.25,14.33,14.38,14.47,14.13,2622300.0,37411104.0,13:14:38
603701,德宏股份,22.35,-0.05,-0.223,22.35,22.36,22.4,22.68,22.84,22.25,3230538.0,72836548.0,13:14:37
603703,盛洋科技,15.2,-1.08,-6.634,15.19,15.2,16.28,16.87,16.97,15.03,29705180.0,470341723.0,13:14:37
603706,东方环宇,21.01,0.21,1.01,21.01,21.05,20.8,20.7,21.18,20.7,1668600.0,34928703.0,13:14:38
603707,健友股份,9.73,0.01,0.103,9.72,9.73,9.72,9.75,9.79,9.6,10846330.0,105031906.0,13:14:37
603708,家家悦,13.19,-0.34,-2.513,13.18,13.19,13.53,13.43,13.59,13.13,9251145.0,123205838.0,13:14:38
603709,中源家居,18.14,-0.07,-0.384,18.14,18.15,18.21,18.16,18.59,18.1,2351600.0,43017937.0,13:14:27
603711,香飘飘,13.49,-0.29,-2.104,13.48,13.49,13.78,13.77,13.77,13.43,3365300.0,45595351.0,13:14:36
603712,七一二,21.02,-1.1,-4.973,21.01,21.02,22.12,22.0,22.07,21.0,25291735.0,542183050.0,13:14:38
603713,密尔克卫,66.96,2.61,4.056,66.88,66.94,64.35,64.85,67.39,63.73,2450800.0,160753340.0,13:14:38
603716,塞力医疗,26.34,1.07,4.234,26.34,26.35,25.27,25.0,26.36,23.9,20707923.0,511512964.0,13:14:38
603717,天域生物,7.72,-0.15,-1.906,7.72,7.73,7.87,7.99,7.99,7.69,5250120.0,41006775.0,13:14:39
603718,海利生物,7.1,0.55,8.397,7.1,7.11,6.55,6.9,7.19,6.8,51293282.0,357260294.0,13:14:39
603719,良品铺子,12.07,-0.05,-0.413,12.07,12.08,12.12,12.12,12.18,11.95,3320600.0,40017553.0,13:14:37
603721,*ST天择,20.9,0.0,0.0,20.88,20.89,20.9,20.98,20.99,20.65,852450.0,17764713.0,13:14:37
603722,阿科力,40.56,-0.8,-1.934,40.56,40.58,41.36,41.48,41.48,40.0,1043900.0,42416609.0,13:14:36
603725,天安新材,10.08,-0.22,-2.136,10.08,10.09,10.3,10.28,10.32,10.08,3890100.0,39539796.0,13:14:38
603726,朗迪集团,26.7,0.02,0.075,26.7,26.72,26.68,26.65,27.3,26.61,4993672.0,134494810.0,13:14:39
603727,博迈科,16.67,0.22,1.337,16.65,16.67,16.45,16.58,16.99,16.53,6191861.0,103582702.0,13:14:37
603728,鸣志电器,72.86,-2.65,-3.509,72.86,72.87,75.51,77.03,77.66,72.66,9040571.0,671219525.0,13:14:38
603729,龙韵股份,17.85,0.0,0.0,0.0,0.0,17.85,0.0,0.0,0.0,0.0,0.0,13:14:11
603730,岱美股份,10.24,-0.24,-2.29,10.24,10.25,10.48,10.48,10.68,10.16,24057422.0,249771283.0,13:14:37
603733,仙鹤股份,24.26,0.25,1.041,24.25,24.26,24.01,24.0,24.46,23.65,5040000.0,121824405.0,13:14:37
603737,三棵树,51.68,0.1,0.194,51.63,51.68,51.58,52.1,53.16,51.42,4855006.0,253218718.0,13:14:37
603738,泰晶科技,16.4,-0.45,-2.671,16.39,16.4,16.85,16.86,16.89,16.39,9660121.0,160240292.0,13:14:37
603739,蔚蓝生物,16.19,0.36,2.274,16.19,16.2,15.83,15.83,16.38,15.73,8817300.0,141619965.0,13:14:39
603755,日辰股份,38.26,-0.73,-1.872,38.21,38.26,38.99,39.0,39.5,37.93,1307700.0,50146595.0,13:14:31
603757,大元泵业,41.75,-0.24,-0.572,41.7,41.75,41.99,42.3,42.66,41.4,3431300.0,144143794.0,13:14:37
603758,秦安股份,15.38,-0.78,-4.827,15.38,15.39,16.16,16.18,16.24,15.36,6997800.0,109373624.0,13:14:37
603759,海天股份,12.02,-0.22,-1.797,12.01,12.02,12.24,12.23,12.4,12.0,10116837.0,122947307.0,13:14:36
603766,隆鑫通用,15.56,-0.07,-0.448,15.55,15.56,15.63,15.62,15.69,15.42,9684300.0,150361893.0,13:14:39
603767,中马传动,22.63,-1.27,-5.314,22.62,22.63,23.9,23.6,24.13,22.61,11723700.0,271968502.0,13:14:39
603768,常青股份,11.84,-0.27,-2.23,11.84,11.85,12.11,12.19,12.19,11.79,2245900.0,26716263.0,13:14:36
603773,沃格光电,38.42,-4.13,-9.706,38.42,38.43,42.55,42.13,42.45,38.35,22181762.0,893052913.0,13:14:38
603776,永安行,18.74,-0.65,-3.352,18.74,18.75,19.39,19.5,19.5,18.6,4315059.0,81801471.0,13:14:38
603777,来伊份,13.33,-0.21,-1.551,13.32,13.33,13.54,13.53,13.57,13.3,4025939.0,53814279.0,13:14:39
603778,国晟科技,17.57,-1.03,-5.538,17.56,17.57,18.6,19.19,19.51,17.16,82081783.0,1512931431.0,13:14:37
603779,威龙股份,6.81,-0.11,-1.59,6.8,6.81,6.92,6.88,6.98,6.76,6297150.0,43104847.0,13:14:37
603786,科博达,74.7,-7.58,-9.212,74.7,74.73,82.28,82.35,82.94,74.05,5027497.0,386135145.0,13:14:31
603787,新日股份,14.06,-0.06,-0.425,14.06,14.07,14.12,14.11,14.3,14.0,4256900.0,60253185.0,13:14:37
603788,宁波高发,16.86,-0.26,-1.519,16.85,16.86,17.12,17.11,17.18,16.78,1871000.0,31621884.0,13:14:31
603789,*ST星农,5.59,0.03,0.54,5.59,5.6,5.56,5.53,5.69,5.53,3766190.0,21091074.0,13:14:34
603790,雅运股份,21.93,0.61,2.861,21.91,21.92,21.32,21.28,22.15,21.15,2511130.0,54720538.0,13:14:38
603797,联泰环保,5.08,0.0,0.0,5.07,5.08,5.08,5.08,5.12,5.01,5498548.0,27830872.0,13:14:32
603798,康普顿,18.51,0.0,0.0,0.0,0.0,18.51,0.0,0.0,0.0,0.0,0.0,13:14:18
603799,华友钴业,80.24,1.59,2.022,80.24,80.27,78.65,80.11,82.17,79.02,64667523.0,5219443239.0,13:14:32
603800,洪田股份,48.67,-1.93,-3.814,48.67,48.74,50.6,50.48,50.69,48.17,5095422.0,250987724.0,13:14:32
603801,志邦家居,9.73,-0.04,-0.409,9.71,9.73,9.77,9.76,9.8,9.7,4292271.0,41830630.0,13:14:34
603803,瑞斯康达,10.13,-0.24,-2.314,10.12,10.13,10.37,10.36,10.36,10.12,8029346.0,81767582.0,13:14:31
603806,福斯特,17.79,0.48,2.773,17.79,17.8,17.31,18.65,18.87,17.64,126783791.0,2301582425.0,13:14:32
603808,歌力思,9.65,-0.33,-3.307,9.65,9.66,9.98,9.97,10.0,9.65,3939780.0,38560640.0,13:14:33
603809,豪能股份,13.34,-0.86,-6.056,13.34,13.35,14.2,14.25,14.25,13.34,45622795.0,624250068.0,13:14:34
603810,丰山集团,16.72,-0.23,-1.357,16.72,16.73,16.95,16.95,17.08,16.62,2178232.0,36628968.0,13:14:33
603811,诚意药业,12.73,0.73,6.083,12.72,12.73,12.0,12.48,12.83,12.26,19574991.0,245054186.0,13:14:32
603813,*ST原尚,42.06,-0.56,-1.314,42.06,42.17,42.62,42.62,43.18,42.02,245300.0,10413105.0,13:14:29
603815,交建股份,7.32,-0.81,-9.963,0.0,7.32,8.13,7.48,7.67,7.32,37245452.0,275538463.0,13:14:34
603816,顾家家居,34.39,-0.01,-0.029,34.39,34.41,34.4,34.39,35.08,33.81,4487560.0,154048613.0,13:14:33
603817,海峡环保,7.02,-0.11,-1.543,7.02,7.03,7.13,7.14,7.16,7.0,10122700.0,71396639.0,13:14:32
603818,曲美家居,3.72,-0.09,-2.362,3.72,3.73,3.81,3.82,3.82,3.72,9430600.0,35354539.0,13:14:33
603819,神力股份,12.76,-0.17,-1.315,12.75,12.76,12.93,12.93,12.94,12.7,2959364.0,37892469.0,13:14:23
603822,ST嘉澳,115.71,-1.55,-1.322,115.51,115.71,117.26,117.38,117.49,114.44,796300.0,92423794.0,13:14:32
603823,百合花,19.67,-0.01,-0.051,19.67,19.68,19.68,20.01,20.17,19.55,7731348.0,153282407.0,13:14:33
603825,ST华扬,9.6,-0.14,-1.437,9.6,9.61,9.74,9.79,9.79,9.53,2205700.0,21178074.0,13:14:31
603826,坤彩科技,17.18,-0.4,-2.275,17.18,17.19,17.58,17.59,17.7,17.16,4593282.0,79480977.0,13:14:34
603828,ST柯利达,7.33,0.12,1.664,7.32,7.33,7.21,7.27,7.46,7.04,9466634.0,68149476.0,13:14:33
603829,洛凯股份,24.93,-0.5,-1.966,24.93,24.94,25.43,25.5,26.0,24.8,5418200.0,138236693.0,13:14:32
603833,欧派家居,57.11,-0.85,-1.467,57.11,57.12,57.96,57.61,58.18,57.0,1843299.0,105790800.0,13:14:32
603836,海程邦达,14.73,0.12,0.821,14.73,14.75,14.61,14.61,14.81,14.44,3091500.0,45125171.0,13:14:32
603838,*ST四通,7.73,0.23,3.067,7.73,7.74,7.5,7.5,7.88,7.42,2820139.0,21944290.0,13:14:28
603839,安正时尚,8.23,0.03,0.366,8.23,8.24,8.2,8.23,8.31,8.13,4553580.0,37420116.0,13:14:33
603843,*ST正平,6.08,0.12,2.013,6.07,6.08,5.96,5.66,6.08,5.66,29794523.0,170487522.0,13:14:33
603848,好太太,18.97,-0.77,-3.901,18.94,18.97,19.74,19.84,19.85,18.93,2667100.0,51458138.0,13:14:34
603855,华荣股份,19.38,-0.29,-1.474,19.38,19.39,19.67,19.75,19.77,19.37,2421539.0,47350712.0,13:14:33
603856,东宏股份,13.69,0.06,0.44,13.69,13.7,13.63,13.7,13.78,13.59,2315500.0,31652382.0,13:14:34
603858,步长制药,17.47,0.13,0.75,17.47,17.5,17.34,17.34,17.6,17.2,7116279.0,123734773.0,13:14:31
603859,能科科技,49.16,-1.92,-3.759,49.15,49.16,51.08,51.82,51.99,48.72,10695856.0,534912379.0,13:14:34
603860,中公高科,32.26,-0.37,-1.134,32.26,32.27,32.63,32.63,32.69,32.1,720600.0,23317762.0,13:14:34
603861,白云电器,15.41,0.45,3.008,15.4,15.41,14.96,15.13,16.0,15.13,24190800.0,376494275.0,13:14:33
603863,松炀资源,21.06,-0.33,-1.543,21.05,21.06,21.39,21.35,21.8,20.86,5707450.0,121244481.0,13:14:31
603866,桃李面包,5.45,-0.02,-0.366,5.45,5.46,5.47,5.46,5.47,5.39,12129503.0,65933805.0,13:14:34
603867,新化股份,28.78,0.03,0.104,28.77,28.78,28.75,28.75,29.27,28.55,4398361.0,127307119.0,13:14:33
603868,飞科电器,37.77,-0.39,-1.022,37.77,37.78,38.16,38.16,38.35,37.66,771000.0,29213437.0,13:14:30
603869,ST智知,9.98,-0.52,-4.952,0.0,9.98,10.5,10.43,10.48,9.98,4499305.0,45263286.0,13:14:29
603871,嘉友国际,13.62,-0.22,-1.59,13.62,13.63,13.84,13.91,13.98,13.38,10565474.0,143323383.0,13:14:34
603876,鼎胜新材,16.39,-0.39,-2.324,16.39,16.4,16.78,17.0,17.29,16.38,21024433.0,349580540.0,13:14:32
603877,太平鸟,16.66,-0.37,-2.173,16.66,16.67,17.03,17.04,17.04,16.56,1979503.0,33108589.0,13:14:33
603878,武进不锈,9.49,0.51,5.679,9.48,9.49,8.98,9.2,9.58,9.08,50900128.0,477016366.0,13:14:33
603879,永悦科技,6.43,-0.18,-2.723,6.42,6.43,6.61,6.62,6.62,6.42,7376800.0,47959339.0,13:14:30
603880,南卫股份,6.47,0.01,0.155,6.47,6.48,6.46,6.63,6.7,6.4,5294420.0,34454387.0,13:14:31
603881,数据港,35.57,0.54,1.542,35.56,35.57,35.03,35.94,37.14,35.29,56239063.0,2038033117.0,13:14:33
603882,金域医学,32.88,-0.65,-1.939,32.87,32.88,33.53,33.58,34.07,32.58,8396799.0,277611758.0,13:14:32
603883,老百姓,16.17,-0.27,-1.642,16.16,16.17,16.44,16.19,16.26,15.92,22091493.0,354795770.0,13:14:32
603885,吉祥航空,15.48,-0.23,-1.464,15.48,15.5,15.71,15.7,15.84,15.4,8098720.0,126151448.0,13:14:33
603886,元祖股份,13.81,-0.35,-2.472,13.81,13.82,14.16,14.13,14.2,13.77,4656600.0,64710413.0,13:14:27
603887,城地香江,14.52,0.18,1.255,14.52,14.53,14.34,14.49,14.74,14.3,16170903.0,234442176.0,13:14:31
603888,新华网,23.94,-0.81,-3.273,23.94,23.95,24.75,24.75,25.37,23.9,24883040.0,610102871.0,13:14:32
603889,新澳股份,9.28,0.06,0.651,9.28,9.29,9.22,9.2,9.3,9.04,5576330.0,51114083.0,13:14:30
603890,春秋电子,15.94,-0.44,-2.686,15.93,15.94,16.38,16.3,16.51,15.77,21663678.0,347279815.0,13:14:34
603893,瑞芯微,187.42,-4.08,-2.131,187.41,187.42,191.5,191.45,193.36,186.71,6103414.0,1151688028.0,13:14:32
603895,天永智能,34.39,3.13,10.013,34.39,0.0,31.26,31.3,34.39,31.26,4581100.0,154377424.0,13:14:27
603896,寿仙谷,21.69,-0.61,-2.735,21.69,21.7,22.3,21.92,22.0,21.5,3703797.0,80155457.0,13:14:29
603897,长城科技,27.74,-0.75,-2.633,27.73,27.74,28.49,28.5,28.55,27.74,4006634.0,112349765.0,13:14:32
603898,好莱客,16.31,0.37,2.321,16.3,16.31,15.94,15.9,16.36,15.56,3544725.0,56688286.0,13:14:29
603899,晨光股份,27.95,-0.54,-1.895,27.94,27.98,28.49,28.4,28.6,27.81,4001312.0,112162760.0,13:14:32
603900,莱绅通灵,9.82,0.28,2.935,9.81,9.82,9.54,9.7,10.19,9.64,30128300.0,298196802.0,13:14:31
603901,永创智能,15.54,-0.14,-0.893,15.54,15.55,15.68,16.06,16.19,15.5,13247871.0,209031583.0,13:14:31
603903,中持股份,12.59,-0.67,-5.053,12.57,12.58,13.26,13.01,13.02,12.5,8254772.0,105055780.0,13:14:32
603906,龙蟠科技,19.44,-0.43,-2.164,19.44,19.45,19.87,19.88,20.18,19.42,14054200.0,276840508.0,13:14:34
603908,牧高笛,24.94,-0.22,-0.874,24.93,24.94,25.16,25.17,25.66,24.65,1097980.0,27465054.0,13:14:30
603909,建发合诚,11.66,-0.15,-1.27,11.67,11.69,11.81,11.81,11.87,11.62,2296008.0,26932393.0,13:14:32
603912,佳力图,8.67,-0.08,-0.914,8.66,8.67,8.75,8.76,8.87,8.65,7362468.0,64329715.0,13:14:30
603915,国茂股份,18.14,-0.6,-3.202,18.14,18.15,18.74,19.1,19.4,18.1,11412866.0,211897594.0,13:14:33
603916,苏博特,12.36,-0.12,-0.962,12.34,12.35,12.48,12.8,13.09,12.21,30906633.0,387581206.0,13:14:33
603917,合力科技,15.18,-0.55,-3.497,15.17,15.18,15.73,15.66,15.7,15.17,6050800.0,92998342.0,13:14:31
603918,金桥信息,17.27,-0.58,-3.249,17.27,17.29,17.85,18.12,18.29,17.19,22754465.0,402178877.0,13:14:31
603919,金徽酒,19.76,-0.28,-1.397,19.75,19.78,20.04,19.95,19.98,19.43,3813340.0,74852123.0,13:14:34
603920,世运电路,66.55,0.84,1.278,66.55,66.63,65.71,66.0,67.86,64.01,31960574.0,2116750964.0,13:14:34
603922,金鸿顺,18.57,-0.24,-1.276,18.57,18.58,18.81,19.0,19.4,18.56,3161700.0,60004796.0,13:14:31
603926,铁流股份,24.39,-0.01,-0.041,24.38,24.39,24.4,24.35,25.7,24.26,12860185.0,320973083.0,13:14:31
603927,中科软,20.15,-0.48,-2.327,20.15,20.16,20.63,20.63,20.75,20.08,10393626.0,210926594.0,13:14:31
603928,兴业股份,16.55,-1.05,-5.966,16.55,16.56,17.6,17.6,17.61,16.55,9266680.0,157099031.0,13:14:33
603929,亚翔集成,138.2,-2.86,-2.028,138.2,138.47,141.06,141.06,142.0,136.39,3838800.0,533165397.0,13:14:33
603931,格林达,33.67,-1.29,-3.69,33.66,33.67,34.96,34.86,34.96,33.41,3506000.0,119213606.0,13:14:31
603933,睿能科技,23.66,-0.73,-2.993,23.65,23.66,24.39,24.5,24.55,23.65,5090012.0,122008527.0,13:14:38
603936,博敏电子,12.86,-0.26,-1.982,12.85,12.86,13.12,13.08,13.18,12.83,25063579.0,325441680.0,13:14:38
603937,丽岛新材,12.88,-0.1,-0.77,12.87,12.88,12.98,13.0,13.15,12.87,2775433.0,35927594.0,13:14:36
603938,三孚股份,27.82,-0.38,-1.348,27.83,27.87,28.2,27.65,28.88,26.83,17984245.0,498629616.0,13:14:40
603939,益丰药房,24.65,-0.16,-0.645,24.66,24.67,24.81,24.7,24.94,23.7,29510135.0,719829741.0,13:14:38
603948,建业股份,29.34,-0.07,-0.238,29.33,29.34,29.41,29.44,29.65,29.22,2151900.0,63355182.0,13:14:38
603949,雪龙集团,22.88,0.14,0.616,22.88,22.92,22.74,22.8,24.1,22.8,9557400.0,224102107.0,13:14:39
603950,长源东谷,31.92,-0.98,-2.979,31.92,31.93,32.9,33.5,33.7,31.5,6287172.0,202423191.0,13:14:38
603955,大千生态,30.5,-0.19,-0.619,30.48,30.5,30.69,30.6,30.8,30.02,1275600.0,38744631.0,13:14:22
603956,威派格,6.82,-0.16,-2.292,6.82,6.83,6.98,6.99,7.0,6.82,6565300.0,45216010.0,13:14:38
603958,哈森股份,15.11,1.37,9.971,15.11,0.0,13.74,14.34,15.11,14.21,10746300.0,158744146.0,13:14:29
603959,百利科技,6.07,-0.11,-1.78,6.07,6.08,6.18,6.23,6.29,6.06,13194500.0,81330508.0,13:14:38
603960,克来机电,20.82,-0.33,-1.56,20.81,20.82,21.15,21.18,21.8,20.81,8211000.0,174779579.0,13:14:37
603966,法兰泰克,12.64,-0.06,-0.472,12.64,12.65,12.7,12.71,12.88,12.62,11017800.0,140360263.0,13:14:37
603967,中创物流,12.89,-0.16,-1.226,12.88,12.89,13.05,13.06,13.06,12.75,3841290.0,49516808.0,13:14:35
603968,醋化股份,11.96,0.05,0.42,11.96,11.97,11.91,11.93,12.2,11.8,2519100.0,30100517.0,13:14:38
603969,银龙股份,10.63,-0.42,-3.801,10.62,10.63,11.05,11.08,11.08,10.56,15731905.0,168172800.0,13:14:36
603970,中农立华,13.87,0.1,0.726,13.86,13.87,13.77,13.69,14.05,13.61,3828793.0,52947573.0,13:14:36
603976,正川股份,21.13,0.45,2.176,21.12,21.13,20.68,20.79,21.34,20.63,2023720.0,42429639.0,13:14:38
603977,国泰集团,15.37,-0.51,-3.212,15.37,15.38,15.88,15.68,15.85,15.36,13267372.0,206733164.0,13:14:40
603978,深圳新星,25.9,-0.41,-1.558,25.88,25.91,26.31,26.37,26.57,25.73,5855000.0,152683023.0,13:14:37
603979,金诚信,81.3,2.63,3.343,81.28,81.3,78.67,80.5,81.55,78.28,10752401.0,860248635.0,13:14:40
603980,吉华集团,5.58,-0.11,-1.933,5.58,5.59,5.69,5.7,5.7,5.56,13303986.0,74654051.0,13:14:38
603982,泉峰汽车,8.85,-0.21,-2.318,8.85,8.86,9.06,9.11,9.15,8.83,5954564.0,53230923.0,13:14:40
603983,丸美生物,33.23,-0.43,-1.277,33.23,33.26,33.66,33.7,33.74,33.13,2425800.0,80839665.0,13:14:40
603985,恒润股份,16.48,-0.45,-2.658,16.47,16.48,16.93,16.92,16.92,16.44,7616514.0,126673558.0,13:14:37
603986,兆易创新,294.42,-2.83,-0.952,294.42,294.63,297.25,300.0,308.0,290.5,21290818.0,6308873786.0,13:14:40
603987,康德莱,9.52,0.12,1.277,9.5,9.52,9.4,9.47,9.55,9.35,5571890.0,52545944.0,13:14:38
603988,中电电机,34.01,1.11,3.374,33.99,34.02,32.9,33.33,34.25,33.2,8852194.0,299337490.0,13:14:39
603989,艾华集团,18.36,-0.36,-1.923,18.35,18.36,18.72,18.72,18.72,18.24,4621240.0,84990855.0,13:14:40
603990,麦迪科技,15.36,-0.52,-3.275,15.36,15.37,15.88,15.72,16.0,15.36,12221814.0,190117174.0,13:14:39
603991,至正股份,87.6,0.33,0.378,87.56,87.6,87.27,87.35,90.88,86.38,2350800.0,208544395.0,13:14:38
603992,松霖科技,39.17,-3.75,-8.737,39.15,39.19,42.92,42.79,42.79,39.15,4919485.0,200353486.0,13:14:38
603993,洛阳钼业,24.38,1.62,7.118,24.38,24.39,22.76,23.66,24.94,23.5,373347103.0,9022340132.0,13:14:40
603995,甬金股份,19.54,-0.13,-0.661,19.53,19.54,19.67,19.83,19.9,19.47,5021181.0,98858523.0,13:14:33
603997,继峰股份,14.55,-0.46,-3.065,14.55,14.56,15.01,15.03,15.03,14.45,12503845.0,182775584.0,13:14:38
603998,方盛制药,12.55,0.15,1.21,12.54,12.55,12.4,12.44,12.67,12.35,7553100.0,94801138.0,13:14:38
603999,读者传媒,7.45,-0.1,-1.325,7.44,7.45,7.55,7.55,7.58,7.42,6878680.0,51459880.0,13:14:40
605001,威奥股份,8.3,0.01,0.121,8.3,8.31,8.29,8.33,8.42,8.28,6343000.0,52852627.0,13:14:40
605003,众望布艺,31.67,-0.68,-2.102,31.61,31.69,32.35,32.51,33.21,30.91,1895550.0,60498095.0,13:14:23
605005,合兴股份,18.99,-0.14,-0.732,18.98,18.99,19.13,19.25,19.26,18.91,1439900.0,27352587.0,13:14:39
605006,山东玻纤,7.89,-0.04,-0.504,7.89,7.9,7.93,7.93,8.04,7.83,9514700.0,75409690.0,13:14:38
605007,五洲特纸,13.59,0.09,0.667,13.59,13.6,13.5,13.46,14.01,13.4,7424900.0,101767423.0,13:14:38
605008,长鸿高科,14.49,-0.18,-1.227,14.49,14.5,14.67,14.66,14.7,14.47,3023532.0,44030036.0,13:14:37
605009,豪悦护理,32.04,-0.35,-1.081,32.04,32.07,32.39,32.37,32.45,31.69,1705987.0,54502429.0,13:14:38
605011,杭州热电,20.63,-0.16,-0.77,20.63,20.64,20.79,20.75,20.83,20.6,2054500.0,42508311.0,13:14:38
605016,百龙创园,24.46,-0.27,-1.092,24.46,24.57,24.73,24.85,25.33,24.1,12094393.0,297201809.0,13:14:39
605018,长华集团,11.86,-0.09,-0.753,11.86,11.87,11.95,11.9,11.99,11.79,3026700.0,35942084.0,13:14:38
605020,永和股份,28.71,0.0,0.0,28.71,28.73,28.71,28.72,29.1,28.41,11664015.0,334764820.0,13:14:39
605028,世茂能源,26.82,-0.62,-2.259,26.82,26.83,27.44,27.45,27.47,26.8,2339600.0,63327570.0,13:14:38
605033,美邦股份,21.13,-0.01,-0.047,21.11,21.13,21.14,21.14,21.5,20.96,1432800.0,30344322.0,13:14:33
605050,福然德,13.78,-0.21,-1.501,13.77,13.79,13.99,14.0,14.04,13.65,6304900.0,86942615.0,13:14:32
605055,迎丰股份,9.08,-0.2,-2.155,9.08,9.09,9.28,9.35,9.38,9.06,4094900.0,37531103.0,13:14:40
605056,咸亨国际,20.09,0.75,3.878,20.07,20.09,19.34,19.28,20.5,19.28,8985898.0,180485727.0,13:14:38
605058,澳弘电子,31.6,-0.49,-1.527,31.6,31.61,32.09,32.11,32.35,31.41,1393000.0,44287207.0,13:14:35
605060,联德股份,40.8,0.96,2.41,40.8,40.81,39.84,40.03,42.11,39.18,5212300.0,213411318.0,13:14:36
605066,天正电气,8.46,0.08,0.955,8.46,8.47,8.38,8.39,8.56,8.39,18186200.0,154242186.0,13:14:38
605068,明新旭腾,26.43,-0.27,-1.011,26.42,26.45,26.7,26.7,27.58,26.22,2071500.0,55735566.0,13:14:27
605069,正和生态,14.02,0.0,0.0,14.02,14.04,14.02,14.03,14.3,13.51,5637580.0,78344218.0,13:14:39
605077,华康股份,16.1,-0.09,-0.556,16.09,16.1,16.19,16.19,16.23,15.91,1685029.0,27070037.0,13:14:39
605080,浙江自然,24.87,-0.47,-1.855,24.85,24.88,25.34,25.35,25.44,24.77,1732700.0,43293044.0,13:14:39
605081,*ST太和,11.83,0.56,4.969,11.82,11.83,11.27,11.32,11.83,11.13,4583450.0,53392459.0,13:14:39
605086,龙高股份,46.04,2.01,4.565,46.02,46.04,44.03,44.03,47.29,43.01,5045620.0,229802205.0,13:14:37
605088,冠盛股份,36.08,-0.77,-2.09,36.08,36.1,36.85,36.8,37.33,36.06,2848182.0,104641252.0,13:14:40
605089,味知香,32.24,0.74,2.349,32.25,32.26,31.5,31.0,33.37,31.0,3535537.0,114309994.0,13:14:40
605090,九丰能源,50.13,-1.61,-3.112,50.13,50.14,51.74,51.56,52.99,50.06,20940370.0,1078033385.0,13:14:37
605098,行动教育,45.74,-0.12,-0.262,45.73,45.75,45.86,45.85,46.3,45.01,632699.0,28982644.0,13:14:37
605099,共创草坪,39.06,-3.07,-7.287,39.06,39.07,42.13,39.9,40.47,39.0,3404200.0,135018279.0,13:14:38
605100,华丰股份,47.56,-0.07,-0.147,47.55,47.56,47.63,47.2,48.62,47.1,3442356.0,164422611.0,13:14:38
605108,同庆楼,19.78,-0.34,-1.69,19.77,19.79,20.12,20.06,20.08,19.77,2583800.0,51334596.0,13:14:38
605111,新洁能,43.5,0.7,1.636,43.46,43.5,42.8,42.79,45.64,42.72,29886298.0,1322251628.0,13:14:38
605116,奥锐特,30.84,-0.45,-1.438,30.82,30.84,31.29,31.13,31.27,30.1,2997700.0,91349953.0,13:14:38
605117,德业股份,93.88,5.36,6.055,93.88,93.89,88.52,91.57,95.0,91.57,16362925.0,1525095678.0,13:14:39
605118,力鼎光电,42.75,1.01,2.42,42.74,42.75,41.74,40.34,44.98,39.95,8230400.0,352155716.0,13:14:40
605122,四方新材,13.77,-0.01,-0.073,13.77,13.78,13.78,13.93,13.93,13.63,1955540.0,26890094.0,13:14:40
605123,派克新材,113.43,-3.17,-2.719,113.38,113.43,116.6,116.0,119.96,112.6,6615816.0,766062496.0,13:14:38
605128,上海沿浦,40.93,-0.99,-2.362,40.87,40.96,41.92,41.9,41.9,40.03,3041023.0,124198692.0,13:14:38
605133,嵘泰股份,34.16,-2.05,-5.661,34.15,34.16,36.21,36.21,36.56,34.02,13266800.0,463490810.0,13:14:38
605136,丽人丽妆,11.78,-0.44,-3.601,11.77,11.78,12.22,12.22,12.4,11.71,11537800.0,137479781.0,13:14:38
605138,盛泰集团,7.46,0.06,0.811,7.46,7.47,7.4,7.42,7.5,7.37,3032400.0,22556251.0,13:14:38
605151,西上海,20.11,-0.1,-0.495,20.1,20.11,20.21,20.32,20.36,19.89,1002300.0,20103281.0,13:14:39
605155,西大门,19.1,-1.36,-6.647,19.09,19.1,20.46,20.29,20.39,18.92,7445662.0,143236376.0,13:14:40
605158,华达新材,8.47,-0.03,-0.353,8.47,8.48,8.5,8.5,8.55,8.39,3581200.0,30319395.0,13:14:40
605162,新中港,9.51,0.02,0.211,9.51,9.52,9.49,9.5,9.6,9.41,4932100.0,47003865.0,13:14:41
605166,聚合顺,10.6,-0.16,-1.487,10.6,10.61,10.76,10.77,10.79,10.6,4038300.0,43126879.0,13:14:39
605167,利柏特,17.29,-0.16,-0.917,17.29,17.3,17.45,17.46,17.79,17.26,5743100.0,100634651.0,13:14:41
605168,三人行,44.16,-0.72,-1.604,44.15,44.16,44.88,44.9,45.55,44.06,4696860.0,209733087.0,13:14:36
605169,洪通燃气,14.2,0.0,0.0,14.2,14.21,14.2,14.33,14.35,14.14,2259600.0,32093657.0,13:14:39
605177,东亚药业,22.72,-0.11,-0.482,22.72,22.73,22.83,23.3,23.52,22.31,2472000.0,56124302.0,13:14:39
605178,时空科技,69.03,2.32,3.478,69.02,69.04,66.71,66.61,69.35,65.73,3385180.0,229296817.0,13:14:40
605179,一鸣食品,20.47,-0.5,-2.384,20.46,20.47,20.97,20.9,20.94,20.46,4378419.0,90215963.0,13:14:40
605180,华生科技,15.47,-0.09,-0.578,15.45,15.47,15.56,15.66,16.0,15.32,1755170.0,27201454.0,13:14:34
605183,确成股份,22.1,0.22,1.005,22.1,22.11,21.88,21.99,22.41,21.68,2801500.0,61953008.0,13:14:39
605186,健麾信息,21.94,-0.23,-1.037,21.94,21.95,22.17,22.18,22.38,21.78,2425305.0,53203127.0,13:14:41
605188,国光连锁,19.91,-0.36,-1.776,19.9,19.91,20.27,20.28,20.28,19.82,4401400.0,87655998.0,13:14:39
605189,富春染织,15.71,-0.2,-1.257,15.69,15.71,15.91,15.99,16.28,15.7,2528800.0,40313954.0,13:14:33
605196,华通线缆,40.62,0.62,1.55,40.61,40.62,40.0,39.89,41.37,39.15,13136800.0,527980817.0,13:14:40
605198,安德利,44.78,1.22,2.801,44.78,44.83,43.56,43.4,45.03,43.28,2564379.0,114613464.0,13:14:36
605199,ST葫芦娃,7.01,-0.13,-1.821,7.0,7.01,7.14,7.12,7.15,6.93,3646200.0,25518115.0,13:14:40
605208,永茂泰,14.22,-0.14,-0.975,14.21,14.22,14.36,14.41,14.66,14.2,5670106.0,81474346.0,13:14:40
605218,伟时电子,19.94,0.06,0.302,19.94,19.96,19.88,20.1,20.18,19.66,2638300.0,52615700.0,13:14:38
605222,起帆电缆,22.43,-0.39,-1.709,22.42,22.43,22.82,22.8,23.46,21.97,10814355.0,246852218.0,13:14:39
605228,神通科技,15.37,-0.61,-3.817,15.37,15.4,15.98,15.95,15.96,15.37,6097293.0,94980668.0,13:14:40
605255,天普股份,155.2,-16.13,-9.415,154.5,155.2,171.33,166.0,167.5,154.2,3442239.0,546304617.0,13:14:41
605258,协和电子,33.79,-0.33,-0.967,33.77,33.8,34.12,34.01,34.13,33.41,1572300.0,52988116.0,13:14:41
605259,绿田机械,22.92,-0.23,-0.994,22.92,22.93,23.15,23.15,23.2,22.75,1122356.0,25741855.0,13:14:40
605266,健之佳,20.75,-0.06,-0.288,20.75,20.76,20.81,20.8,20.83,20.51,2140380.0,44236305.0,13:14:39
605268,王力安防,11.3,0.03,0.266,11.3,11.31,11.27,11.27,11.39,11.21,3003100.0,33890696.0,13:14:33
605277,新亚电子,25.21,-0.07,-0.277,25.2,25.22,25.28,25.27,25.63,25.02,17073414.0,432610152.0,13:14:40
605286,同力天启,40.88,0.13,0.319,40.84,40.96,40.75,41.06,41.41,40.45,994950.0,40726463.0,13:14:39
605287,德才股份,46.66,0.88,1.922,46.61,46.66,45.78,45.9,50.36,45.54,12519365.0,608868989.0,13:14:38
605288,凯迪股份,121.15,-0.65,-0.534,121.0,121.68,121.8,123.02,128.0,119.1,1057740.0,131966217.0,13:14:39
605289,罗曼股份,67.91,0.11,0.162,67.87,67.91,67.8,68.5,68.69,66.28,2595025.0,175726672.0,13:14:41
605296,神农集团,28.38,0.17,0.603,28.38,28.42,28.21,28.19,28.46,28.0,1438025.0,40548036.0,13:14:33
605298,必得科技,42.92,-0.68,-1.56,42.92,42.96,43.6,43.99,44.05,42.51,1022600.0,43932523.0,13:14:38
605299,舒华体育,11.57,-1.28,-9.961,0.0,11.57,12.85,12.47,12.47,11.57,17409800.0,206287039.0,13:14:39
605300,佳禾食品,11.99,-0.04,-0.333,11.99,12.0,12.03,12.06,12.07,11.91,2204700.0,26386938.0,13:14:41
605303,园林股份,18.41,-0.27,-1.445,18.4,18.41,18.68,18.56,18.77,18.3,2796200.0,51608756.0,13:14:39
605305,中际联合,47.02,-2.69,-5.411,47.02,47.03,49.71,49.75,49.75,46.9,6219180.0,297835026.0,13:14:40
605318,法狮龙,66.42,-1.0,-1.483,66.41,66.42,67.42,68.68,68.79,66.0,2167400.0,145864366.0,13:14:41
605319,无锡振华,25.51,0.42,1.674,25.51,25.52,25.09,25.12,25.85,25.1,5557631.0,141554594.0,13:14:40
605333,沪光股份,30.36,-0.72,-2.317,30.36,30.37,31.08,31.09,31.19,30.11,4392126.0,133512311.0,13:14:39
605336,帅丰电器,15.8,-1.75,-9.972,0.0,15.8,17.55,15.8,15.8,15.8,1245300.0,19675740.0,13:14:41
605337,李子园,12.56,-0.02,-0.159,12.56,12.57,12.58,12.55,12.72,12.45,3979309.0,49993198.0,13:14:38
605338,巴比食品,32.14,-0.21,-0.649,32.13,32.14,32.35,32.33,32.82,32.06,1237100.0,40057128.0,13:14:41
605339,南侨食品,18.74,-0.2,-1.056,18.73,18.75,18.94,18.94,18.99,18.35,1576200.0,29514294.0,13:14:41
605358,立昂微,43.01,-1.19,-2.692,43.0,43.01,44.2,44.2,44.2,42.0,31184408.0,1337468768.0,13:14:41
605365,立达信,21.48,-0.43,-1.963,21.48,21.49,21.91,21.5,21.96,21.24,9485481.0,204275861.0,13:14:41
605366,宏柏新材,7.07,0.07,1.0,7.07,7.08,7.0,7.07,7.2,6.96,23400188.0,166213777.0,13:14:41
605368,蓝天燃气,8.57,-0.17,-1.945,8.57,8.58,8.74,8.71,8.74,8.51,7471680.0,64232650.0,13:14:41
605369,拱东医疗,19.8,0.15,0.763,19.8,19.81,19.65,19.53,19.94,19.37,1898249.0,37174252.0,13:14:32
605376,博迁新材,79.35,2.3,2.985,79.35,79.39,77.05,78.53,81.3,76.0,10676066.0,851695932.0,13:14:39
605377,华旺科技,8.56,-0.18,-2.059,8.55,8.56,8.74,8.73,8.73,8.55,6082542.0,52404742.0,13:14:40
605378,野马电池,22.74,-0.77,-3.275,22.74,22.75,23.51,23.51,23.59,22.73,4501796.0,103787216.0,13:14:40
605388,均瑶健康,7.09,-0.11,-1.528,7.08,7.09,7.2,7.2,7.2,7.08,5990680.0,42582673.0,13:14:39
605389,长龄液压,82.85,-0.55,-0.659,82.8,82.84,83.4,83.41,84.71,82.85,701420.0,58817525.0,13:14:39
605398,新炬网络,31.17,-0.52,-1.641,31.17,31.18,31.69,31.69,32.65,31.15,4344480.0,138407017.0,13:14:40
605399,晨光新材,14.8,-0.04,-0.27,14.8,14.81,14.84,15.0,15.17,14.79,8897570.0,133208163.0,13:14:40
605488,福莱新材,42.66,-4.74,-10.0,0.0,42.66,47.4,47.09,47.36,42.66,16767857.0,741329599.0,13:14:40
605499,东鹏饮料,252.93,-0.43,-0.17,252.8,252.93,253.36,253.0,253.35,247.8,1604531.0,401153949.0,13:14:41
605500,森林包装,9.04,-0.09,-0.986,9.04,9.05,9.13,9.13,9.16,9.04,2054972.0,18668116.0,13:14:39
605507,国邦医药,27.48,0.9,3.386,27.48,27.54,26.58,26.62,27.68,26.35,4935302.0,133057164.0,13:14:39
605555,德昌股份,18.81,-0.35,-1.827,18.81,18.83,19.16,19.55,19.96,18.8,9297620.0,179472231.0,13:14:40
605566,福莱蒽特,32.71,-0.31,-0.939,32.67,32.7,33.02,33.45,33.68,32.06,2015100.0,66060999.0,13:14:30
605567,春雪食品,11.81,-0.01,-0.085,11.81,11.82,11.82,11.82,11.87,11.6,2564300.0,30099347.0,13:14:36
605577,龙版传媒,14.02,-0.18,-1.268,14.01,14.02,14.2,14.2,14.26,13.88,2071100.0,29047007.0,13:14:38
605580,恒盛能源,25.45,-1.19,-4.467,25.45,25.46,26.64,26.51,26.54,25.41,8099924.0,209306830.0,13:14:39
605588,冠石科技,57.03,-1.92,-3.257,57.01,57.03,58.95,58.96,59.18,56.8,1312909.0,75504567.0,13:14:36
605589,圣泉集团,30.35,-0.83,-2.662,30.35,30.36,31.18,31.35,31.35,30.27,13690626.0,419897265.0,13:14:39
605598,上海港湾,65.98,0.18,0.274,65.98,66.0,65.8,70.5,72.38,65.2,18412968.0,1286166327.0,13:14:40
605599,菜百股份,20.21,0.71,3.641,20.2,20.21,19.5,19.93,20.5,19.55,8000745.0,160010218.0,13:14:39
688001,华兴源创,32.71,-1.02,-3.024,32.7,32.71,33.73,33.81,34.19,32.54,3144321.0,103680166.0,13:14:40
688002,睿创微纳,123.31,0.0,0.0,123.31,123.39,123.31,129.0,132.0,121.22,19674995.0,2463897279.0,13:14:40
688003,天准科技,78.7,4.62,6.237,78.7,78.71,74.08,73.08,80.6,69.75,8308874.0,620323531.0,13:14:40
688004,博汇科技,25.99,-0.42,-1.59,25.99,26.0,26.41,26.8,26.8,25.9,1717937.0,45165656.0,13:14:39
688005,容百科技,33.87,-2.01,-5.602,33.87,33.91,35.88,35.01,35.48,33.7,33443126.0,1151082983.0,13:14:40
688006,杭可科技,32.9,-1.27,-3.717,32.9,32.92,34.17,34.58,35.02,32.7,11404332.0,381573239.0,13:14:39
688007,光峰科技,18.52,-0.5,-2.629,18.53,18.54,19.02,19.18,19.18,18.12,10155186.0,186536802.0,13:14:41
688008,澜起科技,164.35,4.33,2.706,164.3,164.37,160.02,158.19,169.34,158.19,52195159.0,8678983544.0,13:14:40
688009,中国通号,5.58,-0.05,-0.888,5.58,5.59,5.63,5.65,5.67,5.56,31761803.0,178047857.0,13:14:41
688010,福光股份,33.21,0.91,2.817,33.21,33.28,32.3,32.51,34.48,32.3,8084785.0,268674206.0,13:14:32
688011,新光光电,70.53,-4.41,-5.885,70.3,70.53,74.94,74.0,75.55,69.31,3720514.0,269185607.0,13:14:35
688012,中微公司,356.01,-11.54,-3.14,356.01,356.46,367.55,367.0,367.0,347.18,10722658.0,3799593579.0,13:14:35
688013,天臣医疗,44.38,-0.62,-1.378,44.38,44.42,45.0,45.2,45.2,43.6,1721506.0,76142629.0,13:14:35
688015,交控科技,24.97,0.27,1.093,24.95,24.97,24.7,24.82,25.39,24.4,2065647.0,51268252.0,13:14:33
688016,心脉医疗,96.5,-1.6,-1.631,96.5,96.53,98.1,98.33,99.0,95.32,1884616.0,181715602.0,13:14:32
688017,绿的谐波,207.8,-8.41,-3.89,207.53,207.8,216.21,225.0,229.68,204.77,8610460.0,1857781870.0,13:14:34
688018,乐鑫科技,170.72,-8.63,-4.812,170.72,170.73,179.35,179.0,181.55,169.61,3793532.0,659120261.0,13:14:29
688019,安集科技,287.36,-7.44,-2.524,287.01,287.35,294.8,290.0,293.0,282.03,2062833.0,590593340.0,13:14:30
688020,方邦股份,89.38,-3.05,-3.3,89.38,89.89,92.43,91.98,91.98,88.77,1775704.0,159519563.0,13:14:30
688021,奥福科技,21.58,-0.83,-3.704,21.57,21.58,22.41,22.83,22.97,21.29,1491072.0,32494579.0,13:14:23
688022,瀚川智能,16.65,-0.53,-3.085,16.65,16.66,17.18,17.05,17.33,16.64,5095553.0,86097925.0,13:14:33
688023,安恒信息,56.27,-1.21,-2.105,56.27,56.28,57.48,57.99,58.66,56.2,2942256.0,168503279.0,13:14:32
688025,杰普特,142.16,-2.35,-1.626,141.77,142.04,144.51,145.21,147.43,140.0,1386555.0,198075147.0,13:14:33
688026,洁特生物,18.4,0.02,0.109,18.41,18.42,18.38,18.32,18.74,18.06,1685904.0,30837716.0,13:14:32
688027,国盾量子,582.95,-25.77,-4.233,582.5,582.95,608.72,606.0,606.9,577.75,2389946.0,1403868988.0,13:14:34
688028,沃尔德,102.0,15.03,17.282,102.0,102.2,86.97,86.0,102.53,86.0,11428743.0,1102091019.0,13:14:33
688029,南微医学,81.29,-4.2,-4.913,81.29,81.39,85.49,85.7,86.11,79.66,3245285.0,264895874.0,13:14:33
688030,山石网科,19.3,-0.44,-2.229,19.28,19.3,19.74,19.74,19.89,19.18,2053721.0,39992079.0,13:14:28
688031,星环科技,217.3,-7.0,-3.121,217.3,217.4,224.3,222.51,223.0,209.83,3324146.0,720604521.0,13:14:35
688032,禾迈股份,112.02,-7.92,-6.603,112.02,112.04,119.94,118.4,119.94,112.01,3089242.0,354744974.0,13:14:32
688033,天宜新材,8.45,-0.7,-7.65,8.45,8.46,9.15,9.0,9.14,8.44,36047288.0,311589546.0,13:14:32
688035,德邦科技,57.36,1.13,2.01,57.3,57.36,56.23,57.26,59.8,56.1,6386638.0,368824618.0,13:14:34
688036,传音控股,61.83,-1.92,-3.012,61.81,61.84,63.75,63.75,63.75,61.71,10891240.0,677020588.0,13:14:35
688037,芯源微,199.98,-12.41,-5.843,199.97,200.01,212.39,209.0,209.55,199.0,5466871.0,1105297762.0,13:14:33
688038,中科通达,20.76,-0.83,-3.844,20.75,20.77,21.59,21.58,21.65,20.73,2827841.0,59478794.0,13:14:32
688039,当虹科技,56.05,-3.13,-5.289,56.0,56.04,59.18,58.8,59.46,55.08,5613494.0,318338814.0,13:14:26
688041,海光信息,272.65,-3.35,-1.214,272.65,272.86,276.0,275.49,285.0,269.96,23059099.0,6376680364.0,13:14:34
688045,必易微,54.68,1.52,2.859,54.66,54.68,53.16,54.0,55.48,53.0,6177847.0,335527487.0,13:14:34
688046,药康生物,18.61,-0.09,-0.481,18.61,18.66,18.7,18.7,18.82,18.37,3241089.0,60279002.0,13:14:33
688047,龙芯中科,182.58,-10.42,-5.399,182.58,183.0,193.0,188.0,199.89,179.5,12859823.0,2407937155.0,13:14:35
688048,长光华芯,123.16,-1.72,-1.377,123.16,123.18,124.88,124.7,127.3,122.57,5335060.0,663143472.0,13:14:33
688049,炬芯科技,57.36,-2.22,-3.726,57.36,57.38,59.58,59.6,59.93,56.89,9552497.0,554378028.0,13:14:34
688050,爱博医疗,62.33,-0.74,-1.173,62.28,62.36,63.07,63.49,63.68,61.74,2843342.0,177097653.0,13:14:34
688051,佳华科技,37.06,-2.04,-5.217,37.05,37.06,39.1,39.06,39.06,36.69,1769125.0,66090746.0,13:14:31
688052,纳芯微,180.98,-9.39,-4.932,180.77,180.98,190.37,189.0,193.86,180.1,2541004.0,466995762.0,13:14:33
688053,ST思科瑞,46.75,-1.63,-3.369,46.75,46.78,48.38,48.38,48.53,46.62,2200202.0,104030829.0,13:14:35
688055,龙腾光电,3.83,-0.03,-0.777,3.83,3.84,3.86,3.85,3.88,3.79,5967364.0,22837707.0,13:14:35
688056,莱伯泰科,37.02,-0.54,-1.438,37.03,37.07,37.56,37.57,37.86,36.67,376936.0,14032021.0,13:14:29
688057,金达莱,12.98,-0.14,-1.067,12.97,12.98,13.12,13.13,13.18,12.95,1411635.0,18409218.0,13:14:27
688058,宝兰德,31.83,-0.64,-1.971,31.78,31.83,32.47,32.77,32.77,31.73,1277083.0,40994408.0,13:14:17
688059,华锐精密,94.68,-0.82,-0.859,94.68,94.96,95.5,95.61,95.88,91.81,2713284.0,252953256.0,13:14:33
688060,云涌科技,46.99,-0.82,-1.715,46.93,46.98,47.81,47.7,48.41,46.9,470356.0,22312039.0,13:14:34
688061,灿瑞科技,37.03,-0.81,-2.141,37.02,37.03,37.84,37.1,37.84,36.71,899704.0,33339859.0,13:14:34
688062,迈威生物,38.61,-1.69,-4.194,38.59,38.61,40.3,40.0,40.3,38.28,8172341.0,317587349.0,13:14:32
688063,派能科技,66.21,1.84,2.858,66.21,66.26,64.37,66.5,68.88,65.24,12643985.0,843764737.0,13:14:34
688065,凯赛生物,58.8,0.32,0.547,58.8,58.81,58.48,58.5,60.07,57.59,6389331.0,374371794.0,13:14:34
688066,航天宏图,38.6,-2.09,-5.136,38.6,38.62,40.69,41.99,43.0,37.74,27899930.0,1119763706.0,13:14:32
688067,爱威科技,27.83,-0.47,-1.661,27.82,27.83,28.3,28.49,28.49,27.32,1095534.0,30433827.0,13:14:34
688068,热景生物,148.43,-6.2,-4.01,148.44,148.96,154.63,155.2,155.9,144.45,2121222.0,312285698.0,13:14:34
688069,德林海,24.04,-0.29,-1.192,24.01,24.04,24.33,24.75,24.75,23.92,1077307.0,26173557.0,13:14:33
688070,纵横股份,57.22,-1.16,-1.987,57.22,57.27,58.38,58.76,60.62,57.0,1280173.0,74465784.0,13:14:27
688071,华依科技,38.69,-2.39,-5.818,38.67,38.69,41.08,40.0,40.99,38.5,4356407.0,172024188.0,13:14:33
688072,拓荆科技,361.49,-14.54,-3.867,361.46,361.64,376.03,368.55,372.94,351.98,5161282.0,1858261999.0,13:14:33
688073,毕得医药,71.12,0.52,0.737,71.12,71.4,70.6,71.27,72.2,68.8,557573.0,39094255.0,13:14:34
688075,安旭生物,43.33,2.53,6.201,43.3,43.31,40.8,40.89,43.65,40.86,2656064.0,112385740.0,13:14:32
688076,ST诺泰,37.98,0.03,0.079,37.91,37.98,37.95,38.2,38.3,37.55,2892932.0,109658601.0,13:14:30
688077,大地熊,34.16,-0.07,-0.204,34.15,34.16,34.23,34.65,34.97,34.01,4192606.0,144641667.0,13:14:33
688078,龙软科技,29.6,-0.7,-2.31,29.59,29.65,30.3,30.3,30.45,29.3,667688.0,19872246.0,13:14:30
688079,美迪凯,12.41,-0.26,-2.052,12.41,12.42,12.67,12.68,12.7,12.35,4343461.0,54184325.0,13:14:25
688080,映翰通,60.64,-1.16,-1.877,60.64,60.65,61.8,61.4,62.6,60.38,1732902.0,106107528.0,13:14:33
688081,兴图新科,35.0,-3.35,-8.735,35.0,35.01,38.35,38.25,38.25,35.0,4298426.0,155194923.0,13:14:31
688082,盛美上海,192.85,-3.92,-1.992,192.72,192.84,196.77,194.51,196.25,191.07,2828451.0,546846648.0,13:14:34
688083,中望软件,73.06,-2.16,-2.872,73.06,73.07,75.22,75.39,75.59,73.03,2731723.0,201156383.0,13:14:33
688084,晶品特装,93.69,-2.72,-2.821,93.69,93.82,96.41,96.2,97.89,93.51,572987.0,54334726.0,13:14:32
688085,三友医疗,22.48,-0.01,-0.044,22.47,22.51,22.49,22.31,22.69,21.83,5678529.0,126645524.0,13:14:33
688087,英科再生,33.4,-0.74,-2.168,33.35,33.47,34.14,34.43,34.52,33.35,1050293.0,35385678.0,13:14:32
688088,虹软科技,53.08,-2.67,-4.789,53.08,53.09,55.75,56.07,56.3,53.06,9917943.0,536375748.0,13:14:33
688089,嘉必优,19.91,-0.44,-2.162,19.9,19.91,20.35,20.21,20.29,19.88,3492090.0,69880232.0,13:14:33
688090,瑞松科技,49.74,3.27,7.037,49.74,49.8,46.47,47.4,51.68,46.5,7078604.0,353973722.0,13:14:35
688091,上海谊众,53.6,-1.58,-2.863,53.61,53.63,55.18,55.51,55.9,53.28,3877267.0,209730011.0,13:14:33
688092,爱科科技,29.18,-0.57,-1.916,29.16,29.18,29.75,30.0,30.0,28.76,1077651.0,31415985.0,13:14:33
688093,世华科技,39.39,-0.49,-1.229,39.4,39.42,39.88,40.19,40.2,39.16,1527810.0,60342126.0,13:14:32
688095,福昕软件,107.31,-1.7,-1.559,107.28,107.39,109.01,110.99,112.91,106.52,2759129.0,300806912.0,13:14:32
688096,京源环保,9.11,-0.21,-2.253,9.1,9.11,9.32,9.35,9.41,9.0,5678198.0,51837720.0,13:14:33
688097,博众精工,43.49,2.19,5.303,43.48,43.49,41.3,41.8,43.78,40.41,12680531.0,536152979.0,13:14:34
688098,申联生物,10.07,0.1,1.003,10.07,10.08,9.97,9.97,10.17,9.74,6404581.0,63526157.0,13:14:34
688099,晶晨股份,87.7,-3.5,-3.838,87.66,87.7,91.2,91.2,93.09,87.5,8329751.0,742968304.0,13:14:33
688100,威胜信息,42.15,-1.17,-2.701,42.15,42.17,43.32,43.2,43.45,42.01,3602881.0,153247445.0,13:14:19
688101,三达膜,17.82,-0.18,-1.0,17.82,17.83,18.0,17.98,18.06,17.75,1831987.0,32747089.0,13:14:35
688102,斯瑞新材,45.28,-3.61,-7.384,45.27,45.28,48.89,48.8,48.8,45.08,28402288.0,1328144384.0,13:14:36
688103,国力电子,65.98,-2.61,-3.805,65.98,65.99,68.59,68.59,69.37,65.87,1933391.0,129025222.0,13:14:30
688105,诺唯赞,22.62,0.62,2.818,22.61,22.62,22.0,22.4,22.93,22.08,3536062.0,79236535.0,13:14:33
688106,金宏气体,23.31,-0.87,-3.598,23.3,23.35,24.18,24.31,24.42,23.03,10874298.0,255684193.0,13:14:33
688107,安路科技,30.81,-0.54,-1.722,30.79,30.81,31.35,31.15,31.73,30.47,8585280.0,266136509.0,13:14:33
688108,赛诺医疗,25.79,1.9,7.953,25.78,25.79,23.89,24.0,26.26,24.0,29130988.0,735313277.0,13:14:34
688109,品茗科技,141.32,-2.68,-1.861,141.05,141.28,144.0,144.17,145.03,139.0,1213121.0,171651388.0,13:14:33
688110,东芯股份,128.8,8.5,7.066,128.63,128.83,120.3,126.56,136.5,126.56,32351964.0,4241652417.0,13:14:34
688111,金山办公,348.9,-4.4,-1.245,348.6,348.9,353.3,359.35,360.28,346.1,5059459.0,1780829640.0,13:14:34
688112,鼎阳科技,41.03,-0.81,-1.936,41.03,41.04,41.84,41.84,42.0,40.75,1289828.0,53280708.0,13:14:28
688113,联测科技,45.27,-0.75,-1.63,45.21,45.32,46.02,46.0,46.75,44.73,1725318.0,78145434.0,13:14:25
688114,华大智造,68.34,-2.31,-3.27,68.34,68.38,70.65,69.03,70.1,67.17,5091772.0,347949773.0,13:14:36
688115,思林杰,46.87,-3.13,-6.26,46.87,46.93,50.0,49.1,49.11,46.0,3518042.0,166085644.0,13:14:35
688116,天奈科技,49.23,-1.44,-2.842,49.23,49.24,50.67,51.69,51.7,49.21,11835823.0,589646692.0,13:14:34
688117,圣诺生物,39.84,-0.87,-2.137,39.8,39.91,40.71,40.83,40.99,39.55,3337860.0,133286118.0,13:14:34
688118,普元信息,32.61,-2.44,-6.961,32.6,32.61,35.05,35.0,35.0,32.46,5706189.0,190455031.0,13:14:35
688119,中钢洛耐,7.69,0.17,2.261,7.68,7.69,7.52,7.6,8.45,7.6,74758179.0,594738872.0,13:14:34
688120,华海清科,194.57,-3.81,-1.921,194.43,194.61,198.38,195.19,198.48,190.28,3992496.0,774213657.0,13:14:34
688121,卓然股份,12.01,-0.01,-0.083,12.0,12.02,12.02,12.06,12.37,11.97,4075524.0,49539644.0,13:14:15
688122,西部超导,89.35,-4.89,-5.189,89.33,89.35,94.24,94.69,94.69,89.18,21032538.0,1908616588.0,13:14:35
688123,聚辰股份,162.88,-1.12,-0.683,162.87,162.88,164.0,164.22,167.99,162.03,5993362.0,986547099.0,13:14:35
688125,安达智能,177.47,-6.03,-3.286,177.13,177.47,183.5,178.0,185.0,173.5,933236.0,167470876.0,13:14:34
688126,沪硅产业,22.73,-0.65,-2.78,22.73,22.74,23.38,23.39,23.56,22.67,41372132.0,953605786.0,13:14:35
688127,蓝特光学,43.76,-1.01,-2.256,43.78,43.82,44.77,44.72,45.47,42.95,5608741.0,245944798.0,13:14:36
688128,中国电研,32.07,-0.33,-1.019,32.07,32.09,32.4,32.43,32.6,31.56,4149886.0,133323107.0,13:14:31
688129,东来技术,21.75,-0.44,-1.983,21.75,21.81,22.19,22.36,22.43,21.69,843716.0,18543432.0,13:14:35
688130,晶华微,23.59,-0.26,-1.09,23.54,23.59,23.85,23.81,23.95,23.22,1069732.0,25139525.0,13:14:32
688131,皓元医药,83.93,-1.87,-2.179,83.82,83.93,85.8,85.0,85.78,81.21,3685412.0,304903938.0,13:14:35
688132,邦彦技术,19.98,-0.72,-3.478,19.97,19.99,20.7,20.75,20.8,19.93,1488291.0,30132111.0,13:14:36
688133,泰坦科技,27.13,-1.38,-4.84,27.13,27.14,28.51,28.51,28.57,27.12,5334622.0,147213418.0,13:14:35
688135,利扬芯片,34.36,-2.74,-7.385,34.32,34.36,37.1,35.95,36.6,33.5,18894624.0,657550715.0,13:14:35
688136,科兴制药,34.85,0.63,1.841,34.78,34.85,34.22,34.5,35.18,33.96,3049507.0,105449158.0,13:14:36
688137,近岸蛋白,53.15,3.15,6.3,53.01,53.15,50.0,50.0,54.56,49.0,2864246.0,149725960.0,13:14:30
688138,清溢光电,31.42,-0.76,-2.362,31.4,31.43,32.18,32.08,32.3,31.25,3529997.0,111626153.0,13:14:36
688139,海尔生物,34.68,-0.18,-0.516,34.61,34.68,34.86,34.99,35.24,34.18,3031124.0,104690827.0,13:14:34
688141,杰华特,52.58,-1.26,-2.34,52.58,52.59,53.84,52.72,53.63,50.9,11058745.0,574403924.0,13:14:33
688143,长盈通,54.54,-0.78,-1.41,54.54,54.6,55.32,54.75,56.15,53.38,5653777.0,310400260.0,13:14:30
688146,中船特气,47.43,-1.01,-2.085,47.43,47.45,48.44,47.89,48.3,46.8,4718106.0,223306502.0,13:14:33
688147,微导纳米,74.16,-3.42,-4.408,74.16,74.18,77.58,79.66,79.8,73.28,4885618.0,366153291.0,13:14:35
688148,芳源股份,9.91,0.05,0.507,9.91,9.92,9.86,9.88,10.41,9.74,28371724.0,286709572.0,13:14:36
688150,莱特光电,28.39,-0.44,-1.526,28.35,28.39,28.83,28.89,29.1,27.83,10729570.0,303108182.0,13:14:33
688151,华强科技,21.41,-0.24,-1.109,21.39,21.41,21.65,21.72,21.72,21.32,1338168.0,28697045.0,13:14:31
688152,麒麟信安,44.37,-1.38,-3.016,44.33,44.37,45.75,45.91,45.98,44.29,1627588.0,72967719.0,13:14:33
688153,唯捷创芯,40.36,-1.31,-3.144,40.36,40.38,41.67,41.61,41.98,40.17,4926415.0,200959189.0,13:14:33
688155,先惠技术,90.09,-4.24,-4.495,90.09,90.12,94.33,95.3,96.69,89.61,5088111.0,468667387.0,13:14:34
688156,路德科技,19.41,-0.35,-1.771,19.41,19.46,19.76,20.24,20.59,19.36,2594085.0,51647860.0,13:14:36
688157,松井股份,38.01,-0.94,-2.413,38.01,38.02,38.95,39.16,40.18,38.0,1776752.0,69324625.0,13:14:33
688158,优刻得,35.4,2.79,8.556,35.43,35.45,32.61,36.5,39.13,34.58,93511636.0,3511030037.0,13:14:35
688159,有方科技,53.58,-1.26,-2.298,53.52,53.58,54.84,55.0,55.76,53.28,2872918.0,155995802.0,13:14:25
688160,步科股份,135.5,-11.89,-8.067,135.5,135.6,147.39,147.33,150.38,134.68,3277911.0,458713161.0,13:14:29
688161,威高骨科,31.24,-0.1,-0.319,31.18,31.25,31.34,31.47,31.51,30.64,1545233.0,47865267.0,13:14:26
688162,巨一科技,34.42,-0.16,-0.463,34.42,34.44,34.58,34.85,34.88,33.57,2259776.0,77354106.0,13:14:34
688163,赛伦生物,25.37,0.25,0.995,25.31,25.36,25.12,25.35,25.6,25.07,944097.0,23934813.0,13:14:36
688165,埃夫特,22.94,-0.96,-4.017,22.94,22.95,23.9,23.81,24.28,22.81,11780248.0,274143311.0,13:14:34
688166,博瑞医药,49.21,-1.6,-3.149,49.2,49.25,50.81,50.84,51.35,48.89,7886630.0,390155630.0,13:14:33
688167,炬光科技,189.3,-0.75,-0.395,189.3,189.6,190.05,189.59,196.09,188.02,1640824.0,315210560.0,13:14:34
688168,安博通,77.64,-2.59,-3.228,77.64,77.74,80.23,80.23,80.75,77.25,1430616.0,111847148.0,13:14:30
688169,石头科技,149.44,-1.79,-1.184,149.41,149.44,151.23,151.23,151.69,147.9,4184255.0,626446585.0,13:14:35
688170,德龙激光,38.99,-3.42,-8.064,38.99,39.0,42.41,42.18,42.47,38.4,8294995.0,328790733.0,13:14:34
688171,纬德信息,57.54,0.66,1.16,57.51,57.54,56.88,56.95,58.8,56.6,1097247.0,63476813.0,13:14:36
688172,燕东微,38.42,2.18,6.015,38.39,38.43,36.24,35.95,38.88,35.51,17472679.0,646258503.0,13:14:35
688173,希荻微,16.49,-0.71,-4.128,16.48,16.49,17.2,17.1,17.24,16.48,8231643.0,137964806.0,13:14:35
688175,高凌信息,30.79,-1.11,-3.48,30.78,30.79,31.9,32.07,32.49,30.76,1426517.0,44754836.0,13:14:33
688176,亚虹医药,14.16,-0.05,-0.352,14.15,14.16,14.21,14.11,14.38,13.88,9649954.0,136142233.0,13:14:32
688177,百奥泰,24.75,-0.17,-0.682,24.75,24.8,24.92,25.16,25.31,24.35,2414279.0,59388722.0,13:14:30
688178,万德斯,25.38,-0.72,-2.759,25.37,25.4,26.1,26.09,26.19,25.31,621739.0,15947310.0,13:14:35
688179,阿拉丁,16.06,-0.74,-4.405,16.04,16.06,16.8,16.75,16.8,15.85,13843930.0,224257333.0,13:14:34
688180,君实生物,38.12,1.82,5.014,38.12,38.19,36.3,37.09,38.49,36.4,20090742.0,751521483.0,13:14:34
688181,八亿时空,35.76,-1.11,-3.011,35.75,35.76,36.87,37.0,37.15,35.6,3540514.0,127477025.0,13:14:32
688182,灿勤科技,33.59,-1.33,-3.809,33.58,33.59,34.92,35.0,35.08,33.33,6913618.0,235124826.0,13:14:34
688183,生益电子,92.66,0.06,0.065,92.61,92.66,92.6,92.0,92.8,90.6,9484122.0,870084291.0,13:14:35
688184,ST帕瓦,9.51,-0.13,-1.349,9.51,9.52,9.64,9.64,9.64,9.43,689946.0,6564020.0,13:14:25
688185,康希诺,77.91,8.77,12.684,77.91,77.96,69.14,70.98,78.0,70.98,6461341.0,476781638.0,13:14:35
688186,广大特材,25.46,-0.28,-1.088,25.46,25.48,25.74,25.72,26.16,25.22,10372538.0,266089541.0,13:14:36
688187,时代电气,60.55,1.0,1.679,60.53,60.55,59.55,59.55,61.9,59.05,7244731.0,441204862.0,13:14:33
688188,柏楚电子,160.31,-4.34,-2.636,160.36,160.41,164.65,164.65,165.64,158.68,1436980.0,231087656.0,13:14:34
688189,南新制药,9.01,0.08,0.896,9.0,9.01,8.93,8.97,9.07,8.81,5352514.0,47683133.0,13:14:32
688190,云路股份,108.23,-1.12,-1.024,108.23,108.45,109.35,109.35,109.83,106.33,1261735.0,136472630.0,13:14:34
688191,智洋创新,39.21,-0.14,-0.356,39.21,39.24,39.35,41.0,42.7,39.18,6857167.0,281484442.0,13:14:33
688192,迪哲医药,58.66,-1.34,-2.233,58.63,58.65,60.0,60.99,61.0,58.42,2438529.0,144560231.0,13:14:34
688193,仁度生物,52.59,-0.28,-0.53,52.4,52.57,52.87,53.13,53.2,51.4,433662.0,22637997.0,13:14:33
688195,腾景科技,206.28,-0.32,-0.155,206.28,206.3,206.6,206.57,212.47,198.73,6152684.0,1266104682.0,13:14:33
688196,卓越新能,85.43,3.48,4.246,85.1,85.49,81.95,82.25,86.66,82.1,1287074.0,109463209.0,13:14:35
688197,首药控股,38.27,-0.34,-0.881,37.99,38.26,38.61,38.54,38.77,37.6,633856.0,24144996.0,13:14:33
688198,佰仁医疗,110.58,-0.36,-0.324,110.23,110.58,110.94,110.96,111.63,108.68,217091.0,23888062.0,13:14:26
688199,久日新材,26.61,-0.34,-1.262,26.6,26.61,26.95,27.35,27.38,26.5,2982475.0,80125887.0,13:14:32
688200,华峰测控,253.45,-11.36,-4.29,253.45,254.81,264.81,251.0,260.1,238.88,3332944.0,833300431.0,13:14:34
688201,信安世纪,15.47,-0.63,-3.913,15.47,15.48,16.1,16.0,16.0,15.46,7867114.0,123191334.0,13:14:31
688202,美迪西,60.51,-5.15,-7.843,60.51,60.54,65.66,65.54,65.74,60.2,5477992.0,341631206.0,13:14:34
688203,海正生材,13.59,-0.2,-1.45,13.58,13.59,13.79,13.92,13.94,13.48,2072824.0,28301274.0,13:14:28
688205,德科立,137.12,0.91,0.668,137.0,137.12,136.21,133.5,138.4,133.39,4258286.0,581283345.0,13:14:35
688206,概伦电子,38.68,-2.04,-5.01,38.68,38.72,40.72,40.78,40.85,38.48,5719322.0,223938679.0,13:14:34
688207,格灵深瞳,17.59,-0.34,-1.896,17.58,17.59,17.93,17.95,18.17,17.53,5982797.0,106454672.0,13:14:36
688208,道通科技,36.87,-0.98,-2.589,36.87,36.88,37.85,37.99,38.07,36.7,9667408.0,359527655.0,13:14:35
688209,英集芯,24.58,-0.9,-3.532,24.58,24.59,25.48,25.33,25.6,24.5,11316056.0,281216127.0,13:14:36
688210,统联精密,52.67,-3.72,-6.597,52.66,52.67,56.39,55.61,55.96,52.25,5060074.0,270185716.0,13:14:31
688211,中科微至,33.26,-0.33,-0.982,33.26,33.27,33.59,33.59,33.75,33.02,400736.0,13324953.0,13:14:20
688212,澳华内镜,45.04,-0.76,-1.659,45.07,45.15,45.8,45.66,45.96,44.37,1221098.0,54741098.0,13:14:32
688213,思特威,100.7,-2.21,-2.148,100.7,100.72,102.91,106.06,106.35,99.11,12098949.0,1234275212.0,13:14:34
688215,瑞晟智能,73.24,-1.97,-2.619,73.15,73.23,75.21,75.4,76.46,72.77,831718.0,61682290.0,13:14:34
688216,气派科技,27.46,-1.56,-5.376,27.45,27.46,29.02,28.71,29.17,27.19,3142490.0,87382525.0,13:14:27
688217,睿昂基因,31.9,-0.69,-2.117,31.85,31.9,32.59,31.6,32.65,31.5,1314912.0,42068042.0,13:14:34
688218,江苏北人,23.14,-0.87,-3.623,23.14,23.17,24.01,24.1,24.49,23.11,3108878.0,73315692.0,13:14:34
688219,会通股份,13.03,-0.1,-0.762,13.03,13.04,13.13,13.18,13.43,13.01,12091955.0,159864773.0,13:14:35
688220,翱捷科技,91.25,-2.4,-2.563,91.25,91.26,93.65,92.72,97.18,90.68,6705466.0,627141976.0,13:14:35
688221,前沿生物,25.81,-0.89,-3.333,25.81,25.86,26.7,26.68,26.68,25.2,6669219.0,172299194.0,13:14:35
688222,成都先导,32.68,-0.92,-2.738,32.63,32.68,33.6,34.0,34.18,32.36,14203923.0,469396854.0,13:14:36
688223,晶科能源,6.74,-0.16,-2.319,6.73,6.74,6.9,7.0,7.07,6.55,390041996.0,2649136601.0,13:14:35
688225,亚信安全,21.4,-0.83,-3.734,21.4,21.41,22.23,22.15,22.38,21.33,5851049.0,127100140.0,13:14:36
688226,威腾电气,39.95,-1.28,-3.105,39.94,39.95,41.23,41.01,41.65,39.87,3087035.0,125234603.0,13:14:32
688227,品高股份,69.5,-2.95,-4.072,69.46,69.5,72.45,72.5,74.42,69.06,2284916.0,161970243.0,13:14:32
688228,开普云,242.46,-15.76,-6.103,241.93,242.46,258.22,252.0,252.75,236.88,1871927.0,455477815.0,13:14:35
688229,博睿数据,67.49,-2.09,-3.004,67.38,67.44,69.58,69.58,70.86,66.8,1257184.0,86497965.0,13:14:24
688230,芯导科技,78.88,-2.72,-3.333,78.74,78.9,81.6,81.6,82.26,78.29,1196440.0,95206991.0,13:14:34
688231,隆达股份,30.78,-0.17,-0.549,30.75,30.8,30.95,30.97,32.35,30.41,6181581.0,193438769.0,13:14:32
688232,新点软件,30.5,-0.73,-2.337,30.48,30.52,31.23,30.37,31.21,29.97,5087345.0,154839070.0,13:14:34
688233,神工股份,87.68,-0.92,-1.038,87.66,87.67,88.6,88.65,89.78,84.0,5383033.0,467282238.0,13:14:36
688234,天岳先进,102.78,-9.12,-8.15,102.78,102.79,111.9,110.8,111.5,102.0,11787362.0,1234827182.0,13:14:35
688235,百济神州,288.37,-1.01,-0.349,287.6,288.36,289.38,289.38,290.58,284.14,1674036.0,480248855.0,13:14:34
688236,春立医疗,26.71,-0.2,-0.743,26.71,26.75,26.91,26.71,27.12,26.57,1458201.0,39160062.0,13:14:31
688237,超卓航科,52.21,-3.0,-5.434,52.21,52.22,55.21,55.29,55.29,52.01,1554268.0,82821558.0,13:14:31
688238,和元生物,7.69,-0.05,-0.646,7.68,7.69,7.74,7.75,7.85,7.59,7756473.0,59759784.0,13:14:30
688239,航宇科技,66.58,-5.37,-7.464,66.53,66.56,71.95,71.52,71.65,66.11,6737286.0,460416513.0,13:14:35
688244,永信至诚,23.91,-1.3,-5.157,23.91,23.92,25.21,25.22,25.37,23.91,2780194.0,67853779.0,13:14:35
688246,嘉和美康,27.1,-1.21,-4.274,27.1,27.11,28.31,28.38,29.38,26.89,5657029.0,156595461.0,13:14:34
688247,宣泰医药,10.82,0.15,1.406,10.82,10.83,10.67,10.68,10.89,10.63,4538932.0,48707841.0,13:14:35
688248,南网科技,58.23,0.64,1.111,58.17,58.23,57.59,57.47,58.9,56.4,5616493.0,322298851.0,13:14:35
688249,晶合集成,36.46,-1.17,-3.109,36.44,36.46,37.63,37.33,37.88,36.02,23836595.0,871419533.0,13:14:34
688251,井松智能,26.78,-0.52,-1.905,26.75,26.77,27.3,27.47,27.47,26.6,939573.0,25256251.0,13:14:34
688252,天德钰,22.94,-0.82,-3.451,22.94,22.95,23.76,23.73,23.9,22.85,6958313.0,161446763.0,13:14:33
688253,英诺特,35.47,-0.09,-0.253,35.45,35.56,35.56,35.75,35.89,34.6,2307233.0,80839613.0,13:14:35
688255,凯尔达,35.51,-2.17,-5.759,35.5,35.51,37.68,37.98,38.21,35.5,2252180.0,82198304.0,13:14:35
688256,寒武纪,1308.79,-26.2,-1.963,1308.39,1308.79,1334.99,1325.0,1329.92,1296.0,4636199.0,6067395371.0,13:14:34
688257,新锐股份,55.27,2.08,3.911,55.25,55.49,53.19,53.4,56.88,52.62,6961892.0,384870970.0,13:14:31
688258,卓易信息,148.56,-0.52,-0.349,148.56,148.89,149.08,154.0,162.66,143.65,5888534.0,906089463.0,13:14:35
688259,创耀科技,44.45,-1.52,-3.307,44.45,44.46,45.97,45.75,46.16,44.42,2065099.0,93172959.0,13:14:35
688260,昀冢科技,31.83,-2.44,-7.12,31.79,31.81,34.27,34.4,34.44,31.16,6609243.0,212681678.0,13:14:34
688261,东微半导,93.8,-4.95,-5.013,93.73,93.79,98.75,96.76,98.0,93.38,3748103.0,356186416.0,13:14:35
688262,国芯科技,33.7,-1.4,-3.989,33.7,33.71,35.1,35.01,35.67,33.53,16011635.0,549933125.0,13:14:35
688265,南模生物,49.63,0.6,1.224,49.63,49.67,49.03,49.06,51.0,49.06,1277781.0,64046772.0,13:14:31
688266,泽璟制药,87.16,-0.64,-0.729,87.0,87.17,87.8,87.69,88.48,85.18,2203158.0,190231065.0,13:14:36
688267,中触媒,31.42,-0.02,-0.064,31.4,31.41,31.44,31.55,31.8,30.78,2885069.0,90024222.0,13:14:33
688268,华特气体,65.61,-2.69,-3.939,65.61,65.62,68.3,68.21,68.21,65.61,2656280.0,176276900.0,13:14:35
688269,凯立新材,44.36,-0.3,-0.672,44.34,44.4,44.66,44.25,45.45,43.52,2535924.0,112611460.0,13:14:34
688270,臻镭科技,215.63,-0.3,-0.139,215.63,215.7,215.93,216.0,228.0,211.0,21719396.0,4762952224.0,13:14:35
688271,联影医疗,134.35,0.83,0.622,134.35,134.55,133.52,135.3,135.8,132.68,6203193.0,832352541.0,13:14:35
688272,富吉瑞,29.0,-1.53,-5.011,28.98,29.0,30.53,30.54,30.54,28.81,1476011.0,43303907.0,13:14:33
688273,麦澜德,45.88,-1.07,-2.279,45.82,45.9,46.95,47.09,47.09,45.45,1260488.0,57960808.0,13:14:26
688275,万润新能,74.43,-2.03,-2.655,74.29,74.57,76.46,77.59,77.59,73.66,3410612.0,254920809.0,13:14:34
688276,百克生物,21.39,0.78,3.785,21.39,21.4,20.61,20.6,21.59,20.57,7470553.0,157695171.0,13:14:35
688277,天智航,23.78,-0.21,-0.875,23.78,23.79,23.99,23.52,24.7,23.52,15640326.0,378069720.0,13:14:34
688278,特宝生物,75.33,-0.55,-0.725,75.21,75.33,75.88,76.01,76.7,74.24,1361186.0,101990921.0,13:14:35
688279,峰岹科技,206.57,-13.9,-6.305,206.4,206.78,220.47,220.45,222.41,202.0,1953293.0,405813483.0,13:14:33
688280,精进电动,9.89,-0.72,-6.786,9.88,9.89,10.61,10.52,10.67,9.84,26695262.0,272273186.0,13:14:33
688281,华秦科技,104.87,-4.71,-4.298,104.51,104.86,109.58,110.0,113.65,103.0,3152689.0,340274351.0,13:14:36
688282,理工导航,74.36,-4.43,-5.623,74.36,74.57,78.79,78.0,79.49,73.54,1215823.0,91917998.0,13:14:33
688283,坤恒顺维,47.4,-2.43,-4.877,47.25,47.4,49.83,50.0,50.2,46.5,1574606.0,75403784.0,13:14:35
688285,高铁电气,9.85,-0.02,-0.203,9.82,9.85,9.87,9.85,9.92,9.69,1662050.0,16294297.0,13:14:34
688286,敏芯股份,83.61,-3.39,-3.897,83.51,83.64,87.0,86.9,87.38,83.31,1984371.0,167937585.0,13:14:28
688287,*ST观典,7.03,0.32,4.769,7.03,7.05,6.71,6.71,7.22,6.68,6179005.0,42793629.0,13:14:34
688288,鸿泉技术,27.84,-0.79,-2.759,27.83,27.84,28.63,28.63,28.64,27.68,1504805.0,42174905.0,13:14:37
688289,圣湘生物,22.25,2.08,10.312,22.24,22.25,20.17,21.5,22.45,21.01,26413420.0,570154775.0,13:14:34
688290,景业智能,57.38,-3.08,-5.094,57.38,57.41,60.46,61.0,61.38,57.36,2269964.0,132689178.0,13:14:34
688291,金橙子,48.6,-4.58,-8.612,48.52,48.6,53.18,52.65,53.22,48.46,3849272.0,193116625.0,13:14:34
688292,浩瀚深度,30.5,-3.93,-11.414,30.48,30.5,34.43,34.25,34.42,30.48,11300103.0,359932963.0,13:14:35
688293,奥浦迈,55.97,-1.03,-1.807,55.9,55.94,57.0,57.3,57.31,55.16,669743.0,37359260.0,13:14:35
688295,中复神鹰,33.77,-1.52,-4.307,33.78,33.79,35.29,35.27,35.45,33.73,7588370.0,261623352.0,13:14:37
688296,和达科技,15.2,-0.3,-1.935,15.18,15.2,15.5,15.5,15.61,14.92,1260667.0,19150372.0,13:14:29
688297,中无人机,49.86,-1.56,-3.034,49.85,49.86,51.42,51.5,51.68,49.8,5994643.0,302710786.0,13:14:34
688298,东方生物,28.29,2.89,11.378,28.28,28.29,25.4,25.8,28.56,25.8,11884092.0,325068054.0,13:14:35
688299,长阳科技,19.51,-0.4,-2.009,19.51,19.53,19.91,19.69,19.81,19.1,13691040.0,266340811.0,13:14:37
688300,联瑞新材,67.39,-1.35,-1.964,67.39,67.4,68.74,69.08,69.95,66.8,3308389.0,224728014.0,13:14:36
688301,奕瑞科技,116.94,-2.85,-2.379,116.94,117.13,119.79,119.7,122.0,113.8,2262735.0,262515049.0,13:14:34
688302,海创药业,48.11,-1.07,-2.176,48.04,48.11,49.18,49.18,49.43,47.65,1187214.0,57090340.0,13:14:31
688303,大全能源,25.73,-1.1,-4.1,25.73,25.74,26.83,26.71,26.76,25.43,18001582.0,467032924.0,13:14:36
688305,科德数控,65.8,-1.1,-1.644,65.77,65.8,66.9,67.3,67.35,65.07,2335579.0,153707465.0,13:14:35
688306,均普智能,11.04,-0.72,-6.122,11.04,11.05,11.76,12.09,12.38,11.04,32837236.0,377151555.0,13:14:36
688307,中润光学,47.65,-2.94,-5.811,47.65,47.67,50.59,50.44,50.44,47.0,4034302.0,193566758.0,13:14:35
688308,欧科亿,41.96,-0.6,-1.41,41.95,41.96,42.56,41.96,43.9,40.88,7209941.0,304416637.0,13:14:36
688309,恒誉环保,27.73,-1.19,-4.115,27.72,27.74,28.92,28.85,29.19,27.54,1610810.0,45166740.0,13:14:25
688310,迈得医疗,16.17,-0.35,-2.119,16.17,16.18,16.52,16.65,16.68,15.95,2239812.0,36223435.0,13:14:34
688311,盟升电子,45.09,-3.84,-7.848,45.05,45.09,48.93,48.5,48.78,45.0,7518816.0,348014885.0,13:14:34
688312,燕麦科技,40.1,2.5,6.649,40.1,40.15,37.6,37.7,40.2,36.73,7513519.0,291837015.0,13:14:36
688313,仕佳光子,79.41,-0.57,-0.713,79.41,79.43,79.98,80.0,81.25,78.81,13133564.0,1047035481.0,13:14:34
688314,康拓医疗,38.0,-1.19,-3.036,37.96,37.99,39.19,39.53,39.71,37.72,1472080.0,56370641.0,13:14:34
688315,诺禾致源,16.97,-0.03,-0.176,16.96,16.97,17.0,17.84,18.24,16.7,13618261.0,232575966.0,13:14:34
688316,青云科技,79.42,3.34,4.39,79.42,79.88,76.08,82.08,88.4,77.4,8070424.0,670005921.0,13:14:35
688317,之江生物,25.55,4.26,20.009,25.55,0.0,21.29,24.3,25.55,23.19,12877845.0,320519802.0,13:14:30
688318,财富趋势,143.72,-0.67,-0.464,143.72,143.75,144.39,143.7,146.77,142.01,2777060.0,401197616.0,13:14:36
688319,欧林生物,27.1,0.99,3.792,27.08,27.1,26.11,26.63,27.57,25.65,7039607.0,186109592.0,13:14:34
688320,禾川科技,36.32,-1.9,-4.971,36.32,36.34,38.22,38.48,39.39,36.31,4703911.0,174999011.0,13:14:37
688321,微芯生物,34.67,-0.12,-0.345,34.64,34.66,34.79,34.81,35.29,34.01,10781954.0,372568150.0,13:14:36
688322,奥比中光,99.09,-5.26,-5.041,99.09,99.17,104.35,104.03,106.0,97.72,7926572.0,796178832.0,13:14:34
688323,瑞华泰,31.09,5.18,19.992,31.09,0.0,25.91,28.8,31.09,28.49,24012597.0,727393828.0,13:14:30
688325,赛微微电,103.03,-0.28,-0.271,103.0,103.04,103.31,103.88,106.11,100.18,1067488.0,110347408.0,13:14:25
688326,经纬恒润,144.8,0.85,0.59,144.8,144.81,143.95,140.36,151.0,140.36,4994503.0,736515569.0,13:14:32
688327,云从科技,16.11,-0.36,-2.186,16.11,16.12,16.47,16.65,16.87,16.08,34640005.0,569895677.0,13:14:34
688328,深科达,34.0,-0.82,-2.355,33.99,34.0,34.82,34.81,34.81,33.0,3102407.0,104678110.0,13:14:32
688329,艾隆科技,24.7,-0.23,-0.923,24.69,24.7,24.93,25.53,25.53,24.08,1433666.0,35295389.0,13:14:36
688330,宏力达,39.61,-0.71,-1.761,39.61,39.64,40.32,40.42,40.5,39.54,1457055.0,58099602.0,13:14:29
688331,荣昌生物,100.46,-1.81,-1.77,100.26,100.46,102.27,101.5,102.88,98.56,4836205.0,483952064.0,13:14:36
688332,中科蓝讯,145.63,-2.57,-1.734,145.63,145.7,148.2,146.0,149.3,143.72,2744518.0,400771443.0,13:14:34
688333,铂力特,118.0,-7.0,-5.6,118.0,118.33,125.0,127.5,127.5,117.15,12566737.0,1513413427.0,13:14:35
688334,西高院,24.82,-0.31,-1.234,24.82,24.83,25.13,25.2,25.9,24.81,8377782.0,212325454.0,13:14:34
688335,复洁科技,37.48,-1.45,-3.725,37.46,37.47,38.93,38.54,39.6,37.1,3383330.0,131025016.0,13:14:35
688336,三生国健,57.51,-1.25,-2.127,57.51,57.54,58.76,58.62,58.98,56.88,2432061.0,139607746.0,13:14:36
688337,普源精电,38.28,-2.59,-6.337,38.28,38.29,40.87,40.89,41.04,38.27,4028525.0,157907691.0,13:14:36
688338,赛科希德,29.72,0.73,2.518,29.72,29.76,28.99,29.0,30.1,28.67,1783424.0,52445035.0,13:14:35
688339,亿华通,34.38,-0.4,-1.15,34.27,34.38,34.78,34.11,34.65,32.58,9160183.0,306934477.0,13:14:34
688343,云天励飞,83.83,-3.2,-3.677,83.82,83.87,87.03,86.03,87.47,83.16,9242995.0,783316122.0,13:14:33
688345,博力威,37.01,0.38,1.037,37.0,37.01,36.63,36.73,37.72,36.51,1484684.0,55088832.0,13:14:31
688347,华虹公司,143.71,3.95,2.826,143.65,143.88,139.76,137.48,145.85,137.1,13854803.0,1964672137.0,13:14:34
688348,昱能科技,58.44,-2.49,-4.087,58.43,58.44,60.93,61.85,61.98,58.32,4997702.0,298119152.0,13:14:34
688349,三一重能,27.34,-1.03,-3.631,27.33,27.35,28.37,28.48,28.48,27.31,3340687.0,92757569.0,13:14:34
688350,富淼科技,26.99,-0.31,-1.136,26.95,26.99,27.3,27.28,27.86,26.68,4764094.0,129963736.0,13:14:35
688351,微电生理,24.8,-1.07,-4.136,24.8,24.81,25.87,25.9,26.2,24.6,7510201.0,187500734.0,13:14:36
688352,颀中科技,14.7,-0.68,-4.421,14.69,14.7,15.38,14.8,15.04,14.46,32752188.0,481778185.0,13:14:36
688353,华盛锂电,107.74,-4.26,-3.804,107.7,107.74,112.0,112.15,112.97,106.31,5731022.0,627393739.0,13:14:34
688355,明志科技,20.09,-0.3,-1.471,20.09,20.11,20.39,20.39,20.55,19.7,1194750.0,24000848.0,13:14:37
688356,键凯科技,109.19,0.41,0.377,108.69,109.2,108.78,107.01,110.8,105.02,1112796.0,120658511.0,13:14:34
688357,建龙微纳,36.96,0.06,0.163,36.91,36.95,36.9,36.71,37.6,36.11,1339437.0,49327303.0,13:14:34
688358,祥生医疗,37.27,-1.31,-3.396,37.25,37.28,38.58,38.24,38.8,37.03,1722895.0,64876046.0,13:14:35
688359,三孚新科,74.34,-1.98,-2.594,74.48,74.64,76.32,75.77,76.3,74.13,1270099.0,95280696.0,13:14:36
688360,德马科技,20.95,-1.33,-5.969,20.94,20.95,22.28,22.38,22.38,20.88,6748389.0,144357831.0,13:14:36
688361,中科飞测,190.01,-4.54,-2.334,190.01,190.02,194.55,195.0,196.0,188.14,4425700.0,843861134.0,13:14:37
688362,甬矽电子,46.67,-1.84,-3.793,46.6,46.67,48.51,47.88,48.14,45.1,16812746.0,778416762.0,13:14:36
688363,华熙生物,47.3,0.6,1.285,47.3,47.36,46.7,46.69,47.55,45.93,4623629.0,216069722.0,13:14:37
688365,光云科技,24.65,-1.97,-7.4,24.65,24.68,26.62,26.63,26.99,24.0,20311326.0,513206277.0,13:14:36
688366,昊海生科,47.6,0.49,1.04,47.49,47.6,47.11,47.36,47.78,46.7,687262.0,32437604.0,13:14:30
688367,工大高科,34.34,-0.88,-2.499,34.35,34.4,35.22,35.18,35.53,33.75,2911785.0,100281439.0,13:14:35
688368,晶丰明源,145.0,4.6,3.276,144.75,145.0,140.4,139.0,146.44,138.3,1497770.0,214991786.0,13:14:32
688369,致远互联,30.0,-0.22,-0.728,30.02,30.03,30.22,30.76,31.65,29.76,5228787.0,158444065.0,13:14:36
688370,丛麟科技,27.7,-0.12,-0.431,27.67,27.7,27.82,27.86,28.2,27.35,747565.0,20705122.0,13:14:35
688371,菲沃泰,21.01,-0.63,-2.911,21.0,21.01,21.64,22.0,22.0,20.93,3309986.0,70278439.0,13:14:35
688372,伟测科技,132.79,-8.61,-6.089,132.39,132.79,141.4,138.8,140.98,130.5,4505686.0,603468580.0,13:14:37
688373,盟科药业,6.6,0.04,0.61,6.59,6.6,6.56,6.6,6.63,6.44,11218871.0,73127336.0,13:14:35
688375,国博电子,133.81,-10.18,-7.07,133.71,133.83,143.99,139.39,143.0,133.2,8546576.0,1171751256.0,13:14:35
688376,美埃科技,71.4,-2.5,-3.383,71.4,71.48,73.9,72.14,74.21,71.01,2527415.0,182856186.0,13:14:35
688377,迪威尔,43.61,-0.7,-1.58,43.61,43.63,44.31,44.2,44.6,43.2,1258994.0,55109798.0,13:14:34
688378,奥来德,35.83,-0.17,-0.472,35.76,35.85,36.0,35.8,36.39,34.64,7644700.0,272445547.0,13:14:34
688379,华光新材,52.49,-1.76,-3.244,52.49,52.52,54.25,54.36,55.08,52.16,2676150.0,142170888.0,13:14:43
688380,中微半导,43.12,0.76,1.794,43.12,43.13,42.36,44.27,45.8,42.79,26277211.0,1163004281.0,13:14:41
688381,帝奥微,25.25,-0.57,-2.208,25.24,25.25,25.82,25.84,25.96,25.22,2762704.0,70391992.0,13:14:41
688382,益方生物,25.88,-0.57,-2.155,25.88,25.91,26.45,26.45,26.72,25.11,13732720.0,353419516.0,13:14:41
688383,新益昌,77.74,-4.98,-6.02,77.6,77.73,82.72,82.9,82.9,77.01,1657860.0,131224741.0,13:14:43
688385,复旦微电,81.72,-4.17,-4.855,81.71,81.78,85.89,83.9,86.99,81.6,17674775.0,1480873389.0,13:14:42
688386,泛亚微透,96.54,-3.45,-3.45,96.44,96.55,99.99,99.68,100.79,96.5,1328622.0,130209962.0,13:14:42
688387,信科移动,18.17,-3.7,-16.918,18.17,18.18,21.87,20.5,20.84,18.01,198285170.0,3866412640.0,13:14:42
688388,嘉元科技,44.61,-0.95,-2.085,44.61,44.66,45.56,45.2,45.5,44.0,9474582.0,422762416.0,13:14:41
688389,普门科技,14.44,0.18,1.262,14.43,14.44,14.26,14.26,14.45,14.13,3995396.0,57008724.0,13:14:42
688390,固德威,93.6,1.14,1.233,93.55,93.6,92.46,97.0,100.99,92.54,19175469.0,1838419280.0,13:14:41
688391,钜泉科技,32.65,-0.35,-1.061,32.63,32.64,33.0,33.02,33.3,32.31,1213296.0,39746713.0,13:14:38
688392,骄成超声,139.38,-5.55,-3.829,139.52,139.87,144.93,142.27,144.8,137.38,1290417.0,179986572.0,13:14:33
688393,安必平,28.63,-1.54,-5.104,28.62,28.63,30.17,30.65,30.65,28.21,4482375.0,129960241.0,13:14:38
688395,正弦电气,26.52,-0.29,-1.082,26.5,26.53,26.81,27.28,27.33,26.29,906813.0,24116318.0,13:14:31
688396,华润微,67.73,2.73,4.2,67.72,67.74,65.0,65.08,68.4,65.08,24830638.0,1671635668.0,13:14:42
688398,赛特新材,20.28,0.06,0.297,20.27,20.28,20.22,20.22,20.59,20.0,2764773.0,55967343.0,13:14:41
688399,硕世生物,87.3,8.59,10.913,87.3,87.44,78.71,82.52,87.8,78.8,7995276.0,661514019.0,13:14:41
688400,凌云光,41.59,-1.4,-3.257,41.58,41.59,42.99,43.35,43.98,41.52,9011381.0,381044400.0,13:14:40
688401,路维光电,55.66,-1.74,-3.031,55.63,55.66,57.4,57.5,57.5,55.21,2970909.0,166348870.0,13:14:41
688403,汇成股份,19.95,-1.79,-8.234,19.94,19.95,21.74,21.74,21.87,19.83,52031541.0,1066951946.0,13:14:40
688408,中信博,50.01,-1.14,-2.229,50.01,50.02,51.15,50.69,51.88,49.85,8685553.0,439067598.0,13:14:41
688409,富创精密,92.41,-3.2,-3.347,92.4,92.55,95.61,93.02,94.41,91.6,4320654.0,401379493.0,13:14:43
688410,山外山,17.14,0.03,0.175,17.13,17.14,17.11,17.13,17.29,16.91,4190408.0,71739953.0,13:14:42
688411,海博思创,232.3,-12.35,-5.048,232.31,232.32,244.65,240.5,240.5,232.22,2992654.0,705732207.0,13:14:41
688416,恒烁股份,81.98,-2.12,-2.521,81.78,81.96,84.1,83.0,87.09,80.52,3435693.0,284106463.0,13:14:41
688418,震有科技,48.14,-6.34,-11.637,48.13,48.15,54.48,52.94,53.98,48.0,15677534.0,790437757.0,13:14:40
688419,耐科装备,41.2,-0.06,-0.145,41.16,41.2,41.26,41.45,43.18,40.39,3911248.0,162347659.0,13:14:42
688420,美腾科技,27.08,0.04,0.148,27.06,27.13,27.04,27.17,27.8,26.96,902121.0,24596108.0,13:14:42
688425,铁建重工,5.44,-0.01,-0.183,5.43,5.44,5.45,5.43,5.47,5.4,19010972.0,103233442.0,13:14:41
688426,康为世纪,28.01,0.24,0.864,27.89,28.01,27.77,27.81,28.08,27.0,729477.0,20219935.0,13:14:37
688428,诺诚健华,19.99,-0.3,-1.479,19.98,19.99,20.29,20.32,20.43,19.63,7153090.0,143144213.0,13:14:41
688429,时创能源,14.72,-0.78,-5.032,14.71,14.72,15.5,15.36,15.49,14.62,4992683.0,74487411.0,13:14:43
688432,有研硅,14.1,-0.27,-1.879,14.1,14.11,14.37,14.37,14.49,14.06,9899747.0,140471531.0,13:14:42
688433,华曙高科,92.49,3.22,3.607,91.85,92.49,89.27,89.37,93.06,85.0,5388830.0,482086098.0,13:14:43
688435,英方软件,44.85,-2.13,-4.534,44.83,44.85,46.98,47.12,47.45,44.46,1993465.0,90715535.0,13:14:35
688439,振华风光,64.3,-3.04,-4.514,64.3,64.31,67.34,67.35,67.46,64.28,4534044.0,296057454.0,13:14:41
688443,智翔金泰,28.88,-0.36,-1.231,28.79,28.87,29.24,29.25,29.37,28.1,3788195.0,107960127.0,13:14:43
688448,磁谷科技,52.81,0.13,0.247,52.81,52.9,52.68,50.88,54.02,50.88,2986144.0,157364126.0,13:14:32
688449,联芸科技,54.04,-0.72,-1.315,54.01,54.04,54.76,54.99,55.78,53.56,5904595.0,321215664.0,13:14:41
688450,光格科技,30.15,-0.43,-1.406,30.15,30.26,30.58,30.6,30.6,29.8,811022.0,24486111.0,13:14:41
688455,科捷智能,23.66,0.66,2.87,23.66,23.7,23.0,23.04,23.7,22.11,4016832.0,91385916.0,13:14:41
688456,有研粉材,60.65,-2.47,-3.913,60.65,60.68,63.12,65.0,65.39,60.44,4780699.0,298116107.0,13:14:42
688458,美芯晟,43.56,-0.96,-2.156,43.55,43.57,44.52,44.33,44.77,43.38,2372033.0,103823872.0,13:14:42
688459,哈铁科技,10.14,-0.03,-0.295,10.13,10.14,10.17,10.2,10.2,10.08,1968190.0,19944107.0,13:14:40
688466,金科环境,17.66,-0.06,-0.339,17.66,17.69,17.72,17.79,17.83,17.29,1358103.0,23854211.0,13:14:43
688468,科美诊断,8.36,0.15,1.827,8.36,8.37,8.21,8.25,8.45,8.18,5403248.0,44832913.0,13:14:43
688469,芯联集成,7.59,0.42,5.858,7.59,7.6,7.17,7.5,8.15,7.45,345918839.0,2711160069.0,13:14:43
688472,阿特斯,17.19,-0.86,-4.765,17.19,17.2,18.05,18.19,18.35,17.18,101697333.0,1788467169.0,13:14:43
688475,萤石网络,31.72,-0.56,-1.735,31.72,31.76,32.28,32.18,32.45,31.53,3628766.0,115415093.0,13:14:42
688478,晶升股份,41.88,-1.82,-4.165,41.87,41.88,43.7,43.99,45.4,41.8,5063557.0,220742660.0,13:14:40
688479,友车科技,22.05,-0.4,-1.782,22.04,22.05,22.45,22.45,22.65,22.05,2053203.0,45947445.0,13:14:43
688480,赛恩斯,89.78,5.46,6.475,89.06,89.78,84.32,84.07,91.85,83.93,3379045.0,296166740.0,13:14:41
688484,南芯科技,43.15,-0.62,-1.416,43.15,43.21,43.77,43.65,44.75,42.43,7993300.0,346191518.0,13:14:43
688485,九州一轨,22.3,1.55,7.47,22.3,22.31,20.75,20.56,22.62,19.97,7182413.0,154444435.0,13:14:41
688486,龙迅股份,77.67,-3.46,-4.265,77.66,77.67,81.13,80.66,81.55,77.59,1779803.0,140008025.0,13:14:36
688488,艾迪药业,18.62,-0.02,-0.107,18.6,18.62,18.64,18.73,19.17,17.97,7840403.0,143930532.0,13:14:41
688489,三未信安,43.87,-2.09,-4.547,43.86,43.87,45.96,45.86,46.44,43.68,988418.0,44024715.0,13:14:38
688496,清越科技,6.54,-0.21,-3.111,6.54,6.55,6.75,6.76,6.79,6.51,4222879.0,27939580.0,13:14:39
688498,源杰科技,736.48,15.88,2.204,736.47,737.53,720.6,710.0,754.4,709.0,2154764.0,1589421727.0,13:14:41
688499,利元亨,66.13,-2.42,-3.53,66.13,66.17,68.55,71.3,71.85,65.81,7285290.0,491707339.0,13:14:41
688500,慧辰股份,62.14,-2.42,-3.748,62.14,62.21,64.56,64.44,64.9,61.75,2497599.0,156086758.0,13:14:43
688501,青达环保,27.88,-0.11,-0.393,27.88,27.91,27.99,28.13,28.7,27.88,1973514.0,55885256.0,13:14:41
688502,茂莱光学,405.23,-19.43,-4.575,405.24,406.53,424.66,424.66,426.0,403.0,874180.0,357434127.0,13:14:42
688503,聚和材料,82.73,0.8,0.976,82.7,82.72,81.93,86.0,86.0,79.78,16713887.0,1393947684.0,13:14:41
688505,复旦张江,9.08,0.15,1.68,9.08,9.09,8.93,8.95,9.14,8.81,9035007.0,81286795.0,13:14:43
688506,百利天恒,283.73,-6.88,-2.367,283.23,283.73,290.61,290.19,291.0,282.14,923964.0,263773572.0,13:14:39
688507,索辰科技,114.01,-6.66,-5.519,114.0,114.01,120.67,122.0,122.0,113.64,2300041.0,268162550.0,13:14:43
688508,芯朋微,66.52,-1.58,-2.32,66.47,66.52,68.1,67.77,68.53,65.66,4436903.0,295974104.0,13:14:37
688509,正元地信,5.52,0.06,1.099,5.52,5.53,5.46,5.52,5.71,5.46,21422884.0,119012160.0,13:14:41
688510,航亚科技,36.64,-0.63,-1.69,36.69,36.77,37.27,36.99,37.6,35.5,9502616.0,347406195.0,13:14:43
688511,*ST天微,28.59,-0.31,-1.073,28.52,28.59,28.9,28.9,29.0,28.0,753759.0,21387756.0,13:14:38
688512,慧智微,12.16,-0.27,-2.172,12.15,12.16,12.43,12.42,12.5,12.08,8035323.0,98345891.0,13:14:42
688513,苑东生物,55.7,-2.88,-4.916,55.7,55.73,58.58,57.99,58.3,54.97,1308187.0,73316140.0,13:14:41
688515,裕太微,120.67,-5.33,-4.23,120.67,120.69,126.0,125.41,125.8,119.88,1946572.0,237660075.0,13:14:41
688516,奥特维,92.0,1.99,2.211,92.0,92.01,90.01,100.0,101.0,90.75,27152669.0,2590135771.0,13:14:43
688517,金冠电气,17.77,-0.28,-1.551,17.77,17.79,18.05,18.11,18.11,17.74,4085062.0,73218759.0,13:14:43
688518,联赢激光,32.57,-0.57,-1.72,32.57,32.58,33.14,33.6,33.63,32.2,10336881.0,339091309.0,13:14:42
688519,南亚新材,83.57,-2.58,-2.995,83.53,83.55,86.15,84.81,86.19,82.88,3737340.0,315281377.0,13:14:38
688520,神州细胞,46.0,-0.33,-0.712,46.0,46.06,46.33,46.59,46.83,45.01,2733339.0,124864368.0,13:14:39
688521,芯原股份,218.6,12.0,5.808,218.56,218.6,206.6,216.0,237.79,216.0,20387873.0,4629919307.0,13:14:43
688522,纳睿雷达,43.0,-1.95,-4.338,42.99,43.0,44.95,44.6,44.9,42.81,5633185.0,244965809.0,13:14:42
688523,航天环宇,65.32,-7.67,-10.508,65.32,65.33,72.99,71.0,71.0,65.01,11068501.0,743424177.0,13:14:43
688525,佰维存储,182.36,-4.1,-2.199,182.22,182.36,186.46,188.8,194.3,180.0,23080341.0,4278447094.0,13:14:42
688526,科前生物,17.6,0.94,5.642,17.6,17.63,16.66,16.71,17.81,16.71,9361024.0,161281898.0,13:14:41
688528,秦川物联,11.73,-0.17,-1.429,11.73,11.76,11.9,12.12,12.15,11.58,1654491.0,19505030.0,13:14:27
688529,豪森智能,20.15,-0.43,-2.089,20.17,20.19,20.58,20.5,20.8,20.15,1184631.0,24092476.0,13:14:27
688530,欧莱新材,18.78,-0.91,-4.622,18.76,18.78,19.69,19.5,19.58,18.68,3221179.0,61130004.0,13:14:30
688531,日联科技,76.68,-2.9,-3.644,76.66,76.83,79.58,80.0,80.0,75.5,2800002.0,215325842.0,13:14:43
688533,上声电子,32.52,-1.27,-3.759,32.47,32.52,33.79,33.79,33.79,32.42,2473305.0,81154460.0,13:14:41
688535,华海诚科,127.0,-5.21,-3.941,127.0,127.05,132.21,132.03,132.75,126.56,3088368.0,397278290.0,13:14:43
688536,思瑞浦,182.83,-10.38,-5.372,182.75,182.82,193.21,193.22,193.92,182.33,3769276.0,701503677.0,13:14:43
688538,和辉光电,2.76,-0.05,-1.779,2.76,2.77,2.81,2.8,2.83,2.75,84071529.0,233507741.0,13:14:43
688539,高华科技,45.76,-4.13,-8.278,45.76,45.77,49.89,49.3,49.46,45.46,5637094.0,265985383.0,13:14:42
688543,国科军工,68.6,-3.93,-5.418,68.6,68.68,72.53,71.7,71.77,68.51,7089843.0,493305003.0,13:14:41
688545,兴福电子,48.08,-1.18,-2.395,48.08,48.09,49.26,49.3,49.8,47.33,3823449.0,185304652.0,13:14:35
688548,广钢气体,21.47,-0.54,-2.453,21.47,21.49,22.01,21.82,21.89,21.02,21485477.0,461323372.0,13:14:41
688549,中巨芯,10.42,-0.35,-3.25,10.42,10.43,10.77,10.72,10.74,10.39,23410998.0,246138879.0,13:14:41
688550,瑞联新材,52.54,0.78,1.507,52.54,52.59,51.76,52.0,52.88,50.9,3784329.0,197003868.0,13:14:38
688551,科威尔,41.49,-1.59,-3.691,41.46,41.49,43.08,43.76,43.9,41.44,1701098.0,72092583.0,13:14:35
688552,航天南湖,44.64,-5.36,-10.72,44.64,44.66,50.0,49.02,49.63,44.44,8744608.0,405504173.0,13:14:43
688553,汇宇制药,20.2,-0.53,-2.557,20.18,20.2,20.73,20.68,20.84,20.0,4134325.0,83561748.0,13:14:43
688556,高测股份,15.91,-1.93,-10.818,15.91,15.92,17.84,17.5,17.5,15.78,109629333.0,1806601262.0,13:14:43
688557,兰剑智能,41.41,0.08,0.194,41.41,41.44,41.33,41.34,42.19,41.19,1376960.0,57547451.0,13:14:42
688558,国盛智科,33.47,-0.55,-1.617,33.46,33.47,34.02,34.31,34.33,33.44,1313775.0,44425097.0,13:14:43
688559,海目星,62.6,-5.78,-8.453,62.6,62.62,68.38,67.97,68.37,62.28,13564981.0,880295697.0,13:14:41
688560,明冠新材,21.43,-1.12,-4.967,21.43,21.44,22.55,23.45,23.93,21.27,21952939.0,497905248.0,13:14:41
688561,奇安信,38.28,-1.32,-3.333,38.28,38.29,39.6,39.6,40.57,38.22,8373369.0,326539189.0,13:14:43
688562,航天软件,23.09,-1.64,-6.632,23.09,23.1,24.73,24.65,24.73,23.04,14506395.0,344906428.0,13:14:43
688563,航材股份,66.2,-1.2,-1.78,66.06,66.22,67.4,67.4,67.89,65.8,4746776.0,316025465.0,13:14:41
688565,力源科技,13.12,-0.54,-3.953,13.11,13.12,13.66,13.8,13.83,13.05,3571359.0,47385498.0,13:14:43
688566,吉贝尔,30.16,0.25,0.836,30.17,30.21,29.91,29.85,30.43,29.5,2899620.0,86814631.0,13:14:43
688567,孚能科技,15.74,-0.6,-3.672,15.74,15.75,16.34,16.56,16.58,15.74,18186901.0,290396408.0,13:14:43
688568,中科星图,78.17,-8.49,-9.797,78.19,78.2,86.66,82.01,83.0,77.58,36576148.0,2931262674.0,13:14:43
688569,铁科轨道,22.41,-0.15,-0.665,22.41,22.44,22.56,22.76,22.8,22.38,850914.0,19157572.0,13:14:40
688570,天玛智控,19.2,-0.21,-1.082,19.2,19.21,19.41,19.56,19.57,19.18,843534.0,16287808.0,13:14:40
688571,杭华股份,8.11,-0.03,-0.369,8.1,8.11,8.14,8.13,8.19,8.03,2645866.0,21425848.0,13:14:42
688573,信宇人,24.8,-0.58,-2.285,24.8,24.81,25.38,25.74,25.8,24.52,3039712.0,76131033.0,13:14:43
688575,亚辉龙,15.35,0.34,2.265,15.34,15.35,15.01,15.1,15.45,14.91,8339336.0,126258840.0,13:14:43
688576,西山科技,80.06,-0.3,-0.373,80.06,80.32,80.36,79.87,80.75,78.0,793746.0,62948383.0,13:14:40
688577,浙海德曼,83.93,-2.79,-3.217,83.93,84.13,86.72,87.18,87.68,82.45,970562.0,81759468.0,13:14:40
688578,艾力斯,98.92,-1.34,-1.337,98.92,98.99,100.26,100.3,101.18,97.52,2847569.0,280600046.0,13:14:42
688579,山大地纬,12.42,-0.14,-1.115,12.42,12.43,12.56,12.52,12.62,12.38,4713612.0,58813162.0,13:14:42
688580,伟思医疗,57.4,-1.95,-3.286,57.28,57.36,59.35,59.37,59.74,57.11,1919893.0,111057554.0,13:14:37
688581,安杰思,63.86,-0.44,-0.684,63.86,63.99,64.3,64.3,64.47,63.22,683299.0,43488488.0,13:14:40
688582,芯动联科,70.13,-3.57,-4.844,70.13,70.14,73.7,74.9,74.97,70.11,7121651.0,511145804.0,13:14:41
688583,思看科技,100.26,-3.4,-3.28,100.26,100.28,103.66,102.95,104.49,99.3,781075.0,78697772.0,13:14:41
688584,上海合晶,24.75,-0.55,-2.174,24.74,24.75,25.3,25.03,25.4,24.6,4676990.0,116377253.0,13:14:42
688585,上纬新材,156.02,-5.07,-3.147,156.02,156.12,161.09,160.86,162.59,156.02,2534323.0,403985386.0,13:14:42
688586,江航装备,14.76,-0.91,-5.807,14.76,14.78,15.67,15.56,15.56,14.75,17510626.0,263911366.0,13:14:43
688588,凌志软件,15.17,-0.36,-2.318,15.16,15.17,15.53,15.55,15.6,15.12,4754971.0,72598897.0,13:14:36
688589,力合微,25.39,-0.59,-2.271,25.38,25.39,25.98,25.9,25.99,25.18,3982181.0,101440257.0,13:14:37
688590,新致软件,21.32,-0.93,-4.18,21.32,21.33,22.25,22.2,22.48,21.29,9418073.0,205467436.0,13:14:42
688591,泰凌微,46.99,-1.51,-3.113,46.97,47.01,48.5,48.52,48.82,46.8,6528747.0,309567073.0,13:14:41
688592,司南导航,45.45,-3.37,-6.903,45.45,45.48,48.82,48.36,48.67,45.06,1868666.0,86816807.0,13:14:27
688593,新相微,24.84,1.78,7.719,24.84,24.87,23.06,22.91,25.29,22.7,22749123.0,547277868.0,13:14:43
688595,芯海科技,38.27,-2.55,-6.247,38.26,38.27,40.82,40.79,40.79,38.09,7592240.0,296273109.0,13:14:41
688596,正帆科技,34.03,-1.67,-4.678,34.02,34.07,35.7,35.4,35.71,33.61,10558903.0,361874005.0,13:14:41
688597,煜邦电力,9.87,-0.05,-0.504,9.86,9.87,9.92,9.85,10.03,9.82,6160746.0,61047569.0,13:14:43
688598,金博股份,30.44,-1.65,-5.142,30.44,30.45,32.09,32.7,32.7,30.32,7720724.0,238641110.0,13:14:42
688599,天合光能,20.64,-0.25,-1.197,20.64,20.66,20.89,22.0,22.15,20.59,138188639.0,2937581633.0,13:14:43
688600,皖仪科技,28.3,-0.9,-3.082,28.3,28.33,29.2,29.34,29.63,28.02,1907697.0,54289979.0,13:14:42
688601,力芯微,50.43,-1.65,-3.168,50.4,50.43,52.08,51.45,52.33,50.35,4055518.0,207089481.0,13:14:41
688602,康鹏科技,9.42,-0.17,-1.773,9.41,9.42,9.59,9.64,9.82,9.39,13165293.0,126102823.0,13:14:43
688603,天承科技,82.43,-6.71,-7.527,82.4,82.43,89.14,83.85,89.6,82.01,3138118.0,264059664.0,13:14:43
688605,先锋精科,70.0,-3.8,-5.149,70.0,70.03,73.8,73.2,73.2,68.11,5459311.0,383757537.0,13:14:41
688606,奥泰生物,72.34,1.74,2.465,72.29,72.34,70.6,70.75,72.78,70.58,971851.0,69632284.0,13:14:39
688607,康众医疗,62.1,-1.89,-2.954,62.1,62.23,63.99,64.08,65.79,61.0,3467817.0,219971717.0,13:14:38
688608,恒玄科技,234.17,-12.01,-4.879,234.15,234.2,246.18,243.0,245.6,233.57,3433915.0,814833518.0,13:14:41
688609,九联科技,9.59,-0.57,-5.61,9.59,9.6,10.16,10.02,10.08,9.59,22099684.0,216440932.0,13:14:43
688610,埃科光电,89.28,-3.68,-3.959,89.27,89.35,92.96,91.59,96.57,88.35,2222783.0,203969199.0,13:14:43
688611,杭州柯林,61.77,-4.13,-6.267,61.76,61.77,65.9,65.38,66.96,61.61,1602637.0,102155606.0,13:14:43
688612,威迈斯,32.68,-1.92,-5.549,32.67,32.69,34.6,34.65,34.88,32.36,4456078.0,147423466.0,13:14:43
688613,奥精医疗,23.55,-0.73,-3.007,23.51,23.53,24.28,24.48,24.58,23.38,3288225.0,77757108.0,13:14:40
688615,合合信息,293.25,-13.19,-4.304,293.21,293.25,306.44,309.12,314.84,291.2,2977997.0,889680620.0,13:14:43
688616,西力科技,13.35,-0.27,-1.982,13.34,13.35,13.62,13.71,13.71,13.28,2091768.0,28014909.0,13:14:39
688617,惠泰医疗,234.85,-7.65,-3.155,234.47,234.85,242.5,242.56,245.45,231.0,1558206.0,364456475.0,13:14:42
688618,三旺通信,32.83,0.01,0.03,32.84,32.92,32.82,32.85,34.34,32.31,1663837.0,54953465.0,13:14:40
688619,罗普特,14.25,-0.56,-3.781,14.25,14.26,14.81,14.84,14.88,14.18,2538955.0,36594327.0,13:14:42
688620,安凯微,12.29,-0.58,-4.507,12.28,12.29,12.87,12.66,12.8,12.23,9750787.0,120897753.0,13:14:40
688621,阳光诺和,69.96,-2.87,-3.941,69.75,69.96,72.83,72.83,73.5,67.63,3838752.0,265702285.0,13:14:43
688622,禾信仪器,111.32,-7.89,-6.619,111.31,111.32,119.21,117.0,117.98,110.68,1617209.0,183359137.0,13:14:42
688623,双元科技,105.69,-3.25,-2.983,105.5,106.24,108.94,108.94,108.94,105.11,774743.0,82498991.0,13:14:43
688625,呈和科技,61.55,-0.81,-1.299,61.56,61.69,62.36,64.9,65.26,60.11,3742652.0,235694929.0,13:14:40
688626,翔宇医疗,70.83,-3.07,-4.154,70.84,70.85,73.9,73.48,73.48,70.69,2814861.0,202073218.0,13:14:42
688627,精智达,285.86,10.68,3.881,286.01,286.82,275.18,289.0,295.87,271.0,7573025.0,2163000590.0,13:14:43
688628,优利德,38.89,-0.31,-0.791,38.89,38.91,39.2,39.18,39.36,38.46,1032848.0,40224642.0,13:14:29
688629,华丰科技,101.55,-3.18,-3.036,101.5,101.54,104.73,103.07,104.0,99.51,7673891.0,777677257.0,13:14:44
688630,芯碁微装,185.46,1.9,1.035,185.45,185.46,183.56,184.0,186.81,177.66,4016980.0,730637517.0,13:14:43
688631,莱斯信息,71.5,-4.26,-5.623,71.46,71.5,75.76,75.4,75.4,71.4,2691897.0,197129904.0,13:14:43
688633,星球石墨,26.05,-0.18,-0.686,26.05,26.08,26.23,26.2,26.36,25.92,731278.0,19094604.0,13:14:42
688636,智明达,52.5,-3.27,-5.863,52.5,52.51,55.77,54.74,55.68,52.38,7860188.0,423840322.0,13:14:43
688638,誉辰智能,40.71,-0.48,-1.165,40.71,40.74,41.19,41.4,41.7,40.63,457731.0,18807794.0,13:14:38
688639,华恒生物,38.43,-0.47,-1.208,38.43,38.47,38.9,38.93,39.65,38.1,8190839.0,317431920.0,13:14:42
688646,ST逸飞,38.1,-0.57,-1.474,38.03,38.12,38.67,38.67,39.5,37.7,641869.0,24412199.0,13:14:41
688648,中邮科技,64.0,-2.61,-3.918,63.99,64.0,66.61,66.64,66.64,63.7,2468517.0,159295390.0,13:14:38
688651,盛邦安全,51.68,-3.23,-5.882,51.62,51.7,54.91,55.75,55.75,51.68,2212115.0,117918898.0,13:14:43
688652,京仪装备,120.58,-4.11,-3.296,120.56,120.75,124.69,123.62,123.94,117.55,4695854.0,562535328.0,13:14:42
688653,康希通信,14.69,0.33,2.298,14.68,14.69,14.36,15.88,15.88,14.58,23130968.0,351245783.0,13:14:42
688655,迅捷兴,21.01,0.6,2.94,21.0,21.01,20.41,20.31,21.43,19.93,3697994.0,76094137.0,13:14:43
688656,浩欧博,146.56,-3.79,-2.521,146.56,146.65,150.35,150.52,151.7,145.06,487070.0,71828916.0,13:14:42
688657,浩辰软件,59.78,-0.86,-1.418,59.77,59.78,60.64,60.8,62.6,59.78,992845.0,60388171.0,13:14:42
688658,悦康药业,26.82,-0.33,-1.215,26.82,26.85,27.15,27.05,27.36,26.12,5756063.0,152267901.0,13:14:42
688659,元琛科技,10.44,-0.28,-2.612,10.44,10.45,10.72,10.85,10.85,10.29,3700400.0,38728921.0,13:14:43
688660,电气风电,15.44,-0.78,-4.809,15.44,15.45,16.22,16.38,16.38,15.43,20600236.0,322024007.0,13:14:43
688661,和林微纳,88.45,1.9,2.195,88.1,88.22,86.55,86.55,88.58,85.0,6503496.0,564704851.0,13:14:43
688662,富信科技,51.99,-1.53,-2.859,51.98,51.99,53.52,53.33,53.71,51.18,3691222.0,192781149.0,13:14:43
688663,新风光,56.92,-0.65,-1.129,56.92,56.93,57.57,57.65,59.39,56.0,4478834.0,259582625.0,13:14:43
688665,四方光电,55.09,0.37,0.676,55.08,55.09,54.72,54.74,55.89,53.46,1543929.0,84228808.0,13:14:36
688667,菱电电控,81.3,-1.58,-1.906,80.87,81.19,82.88,82.22,83.35,80.01,695514.0,56146928.0,13:14:43
688668,鼎通科技,151.49,9.49,6.683,151.21,151.49,142.0,140.14,158.0,140.14,13298962.0,2009825721.0,13:14:42
688669,聚石化学,26.1,-1.87,-6.686,26.1,26.11,27.97,28.27,28.27,26.06,2220871.0,59268357.0,13:14:40
688670,金迪克,23.83,2.76,13.099,23.83,23.84,21.07,21.1,24.36,21.1,7617992.0,174769558.0,13:14:41
688671,碧兴物联,25.15,-0.75,-2.896,25.15,25.18,25.9,25.87,26.06,24.68,1240642.0,31136253.0,13:14:44
688676,金盘科技,95.87,-3.04,-3.074,95.87,95.88,98.91,98.9,100.27,95.51,11480301.0,1121534920.0,13:14:42
688677,海泰新光,48.34,-1.13,-2.284,48.34,48.38,49.47,49.46,49.79,48.2,1226328.0,59643803.0,13:14:42
688678,福立旺,23.61,-1.01,-4.102,23.6,23.61,24.62,24.66,24.99,23.5,7708553.0,184438081.0,13:14:38
688679,通源环境,52.88,-1.77,-3.239,52.81,52.87,54.65,52.0,53.89,49.0,4702365.0,245098214.0,13:14:42
688680,海优新材,59.76,-6.51,-9.823,59.76,59.77,66.27,68.6,68.87,59.6,5123178.0,323505286.0,13:14:42
688681,科汇股份,19.57,-1.08,-5.23,19.56,19.57,20.65,20.54,20.57,19.47,4201070.0,82994773.0,13:14:43
688682,霍莱沃,55.47,-6.83,-10.963,55.47,55.48,62.3,62.3,62.3,55.43,3676778.0,212743168.0,13:14:43
688683,莱尔科技,35.78,-0.45,-1.242,35.78,35.8,36.23,36.2,36.5,35.02,1194871.0,42713494.0,13:14:43
688685,迈信林,52.94,-1.26,-2.325,52.9,52.94,54.2,55.75,55.75,52.68,2406176.0,128800577.0,13:14:28
688686,奥普特,125.18,-6.43,-4.886,125.18,125.26,131.61,131.63,133.33,124.4,1149624.0,145756278.0,13:14:43
688687,凯因科技,23.19,0.14,0.607,23.19,23.2,23.05,23.2,23.4,22.76,7048686.0,162814975.0,13:14:44
688689,银河微电,31.57,-0.75,-2.321,31.57,31.58,32.32,32.19,32.85,31.48,2775463.0,88771039.0,13:14:35
688690,纳微科技,28.2,-0.24,-0.844,28.16,28.21,28.44,28.3,28.67,27.71,4239953.0,118848866.0,13:14:44
688691,灿芯股份,144.2,-14.17,-8.947,144.12,144.2,158.37,154.8,161.0,144.2,5929477.0,902441422.0,13:14:42
688692,达梦数据,292.0,-6.98,-2.335,292.02,292.35,298.98,298.98,304.0,291.8,759816.0,225559191.0,13:14:39
688693,锴威特,41.03,-1.25,-2.956,41.02,41.03,42.28,42.2,42.26,40.86,1003299.0,41495836.0,13:14:34
688695,中创股份,29.6,0.02,0.068,29.5,29.57,29.58,29.61,29.8,29.18,729993.0,21512142.0,13:14:39
688696,极米科技,100.77,-4.77,-4.52,100.77,100.8,105.54,105.56,106.5,100.6,1575846.0,161256160.0,13:14:43
688697,纽威数控,16.15,-0.39,-2.358,16.14,16.15,16.54,16.51,16.6,16.13,3376518.0,54997415.0,13:14:40
688698,伟创电气,101.0,-10.0,-9.009,101.02,101.69,111.0,110.0,111.08,100.0,6412057.0,669186203.0,13:14:42
688699,明微电子,54.0,-1.07,-1.943,53.96,54.0,55.07,54.88,57.0,53.8,5009620.0,278033448.0,13:14:44
688700,东威科技,42.25,0.95,2.3,42.21,42.24,41.3,42.0,42.76,41.01,12630382.0,527458143.0,13:14:44
688701,卓锦股份,10.92,0.47,4.498,10.9,10.92,10.45,10.55,11.11,10.23,4085874.0,43472929.0,13:14:43
688702,盛科通信,131.11,-0.39,-0.297,131.02,131.16,131.5,132.06,134.98,129.58,1779352.0,234180561.0,13:14:44
688707,振华新材,15.51,-0.24,-1.524,15.5,15.51,15.75,15.75,15.91,15.43,9335001.0,145697987.0,13:14:42
688708,佳驰科技,66.3,-3.7,-5.286,66.29,66.3,70.0,70.06,70.06,66.26,2054599.0,139447323.0,13:14:44
688709,成都华微,50.02,-4.48,-8.22,50.01,50.02,54.5,53.86,54.17,49.88,13655198.0,703919114.0,13:14:42
688710,益诺思,63.77,-2.63,-3.961,63.31,63.77,66.4,66.81,67.8,62.19,928867.0,60078840.0,13:14:34
688711,宏微科技,32.94,-2.02,-5.778,32.94,32.95,34.96,34.7,35.93,32.88,11981983.0,412899458.0,13:14:42
688716,中研股份,43.28,-2.03,-4.48,43.28,43.32,45.31,46.32,46.32,43.22,4502696.0,199274514.0,13:14:44
688717,艾罗能源,100.51,9.25,10.136,100.51,100.52,91.26,101.0,106.6,99.46,9673823.0,990411786.0,13:14:42
688718,唯赛勃,14.72,-0.12,-0.809,14.7,14.72,14.84,14.8,14.95,14.56,1033555.0,15213774.0,13:14:35
688719,爱科赛博,51.45,-0.56,-1.077,51.36,51.45,52.01,52.05,52.87,50.81,2474271.0,128241034.0,13:14:44
688720,艾森股份,81.0,-1.8,-2.174,81.0,81.18,82.8,82.77,84.5,80.51,2023738.0,166650721.0,13:14:42
688721,龙图光罩,48.52,-2.17,-4.281,48.52,48.54,50.69,50.68,50.98,48.52,2019551.0,99327158.0,13:14:44
688722,同益中,20.7,-1.05,-4.828,20.7,20.71,21.75,21.69,21.69,20.67,6419009.0,135295727.0,13:14:43
688726,拉普拉斯,58.12,2.58,4.645,58.12,58.13,55.54,58.0,60.92,56.66,38481862.0,2259659612.0,13:14:43
688727,恒坤新材,58.97,-3.15,-5.071,59.01,59.05,62.12,62.39,62.39,58.88,5263494.0,315197374.0,13:14:42
688728,格科微,16.75,-0.3,-1.76,16.75,16.76,17.05,17.0,17.23,16.5,16474918.0,275822309.0,13:14:42
688729,屹唐股份,27.3,-0.76,-2.708,27.29,27.3,28.06,27.96,28.1,27.02,8955879.0,245172953.0,13:14:44
688733,壹石通,30.75,-1.55,-4.799,30.71,30.74,32.3,32.4,32.69,30.63,5731838.0,178874666.0,13:14:43
688737,中自科技,26.62,-0.19,-0.709,26.57,26.63,26.81,26.81,27.21,26.28,2853738.0,76421248.0,13:14:36
688739,成大生物,27.36,0.55,2.051,27.36,27.37,26.81,26.87,27.5,26.71,4204860.0,114020373.0,13:14:43
688750,金天钛业,21.5,0.26,1.224,21.49,21.5,21.24,21.5,22.29,21.47,11848800.0,258713674.0,13:14:41
688755,汉邦科技,42.22,-0.14,-0.331,42.19,42.25,42.36,42.87,42.87,42.02,387114.0,16387389.0,13:14:42
688757,胜科纳米,35.02,1.32,3.917,35.01,35.02,33.7,33.4,35.77,33.11,5238973.0,182872506.0,13:14:42
688758,赛分科技,19.77,0.32,1.645,19.76,19.77,19.45,19.47,20.13,19.3,4953794.0,98170004.0,13:14:42
688759,必贝特,55.86,1.51,2.778,55.86,56.21,54.35,54.31,57.47,53.05,2792407.0,155403615.0,13:14:44
688765,禾元生物,82.99,3.8,4.799,82.99,83.0,79.19,79.25,83.5,79.18,2644478.0,215709186.0,13:14:43
688766,普冉股份,220.11,-5.23,-2.321,220.1,220.11,225.34,222.0,227.8,214.48,4689525.0,1031101250.0,13:14:42
688767,博拓生物,40.68,0.84,2.108,40.6,40.69,39.84,40.32,41.35,39.72,3104587.0,125847264.0,13:14:43
688768,容知日新,62.97,-0.8,-1.255,62.97,62.98,63.77,63.59,65.4,62.04,2613909.0,165761754.0,13:14:44
688772,珠海冠宇,20.67,-1.06,-4.878,20.66,20.69,21.73,21.78,21.9,20.51,20837202.0,436876734.0,13:14:42
688775,影石创新,234.06,-4.34,-1.82,234.06,234.07,238.4,238.42,238.94,234.03,1044352.0,246110119.0,13:14:43
688776,国光电气,109.11,-8.89,-7.534,109.01,109.11,118.0,118.0,118.01,108.02,4266311.0,477534334.0,13:14:42
688777,中控技术,85.87,11.07,14.799,85.87,85.93,74.8,80.0,89.18,80.0,56801524.0,4896243415.0,13:14:42
688778,厦钨新能,97.47,-0.53,-0.541,97.34,97.47,98.0,99.8,102.58,95.17,9563899.0,947700395.0,13:14:42
688779,五矿新能,10.96,1.06,10.707,10.95,10.96,9.9,10.49,11.47,10.23,121156481.0,1329978833.0,13:14:42
688783,西安奕材,25.77,-0.89,-3.338,25.77,25.78,26.66,26.51,26.75,25.68,9686249.0,251467311.0,13:14:43
688786,悦安新材,30.77,-2.18,-6.616,30.73,30.77,32.95,32.97,32.99,30.69,4686027.0,146971720.0,13:14:42
688787,海天瑞声,146.9,-4.76,-3.139,146.9,147.06,151.66,152.24,153.89,144.36,2518914.0,373836808.0,13:14:39
688788,科思科技,65.65,-2.48,-3.64,65.65,65.77,68.13,68.2,68.78,65.58,1544933.0,102993424.0,13:14:35
688789,宏华数科,76.6,-1.36,-1.744,76.6,76.7,77.96,77.98,78.36,75.1,1768519.0,135018788.0,13:14:44
688790,昂瑞微,157.79,-5.23,-3.208,157.7,157.75,163.02,163.0,163.9,157.5,759915.0,121444849.0,13:14:43
688793,倍轻松,22.91,-0.28,-1.207,22.91,22.92,23.19,23.19,23.3,22.61,1407612.0,32228443.0,13:14:43
688795,摩尔线程,606.25,-12.28,-1.985,606.25,606.49,618.53,617.0,617.0,597.7,1620302.0,980103102.0,13:14:43
688796,百奥赛图,68.42,-1.46,-2.089,68.46,68.51,69.88,69.88,70.63,67.1,1561732.0,106824921.0,13:14:43
688798,艾为电子,78.16,-2.84,-3.506,78.16,78.18,81.0,80.85,81.78,77.8,3453432.0,273029896.0,13:14:42
688799,华纳药厂,49.13,-2.76,-5.319,49.1,49.13,51.89,51.1,51.1,48.3,5061812.0,249053856.0,13:14:44
688800,瑞可达,89.54,-0.68,-0.754,89.5,89.6,90.22,89.51,90.58,87.76,4429187.0,394432967.0,13:14:39
688802,沐曦股份,574.1,-13.33,-2.269,574.15,574.25,587.43,589.9,589.9,573.31,724623.0,418019299.0,13:14:42
688805,健信超导,48.46,-1.2,-2.416,48.44,48.46,49.66,49.42,49.5,48.42,2293560.0,112102061.0,13:14:39
688807,优迅股份,198.47,-6.71,-3.27,198.47,198.8,205.18,204.88,205.8,198.0,1248676.0,250927127.0,13:14:44
688809,强一股份,344.5,-8.5,-2.408,344.51,345.2,353.0,351.0,362.0,337.0,1680381.0,584215387.0,13:14:42
688819,天能股份,35.94,-1.33,-3.569,35.93,35.95,37.27,37.24,37.24,35.94,3939137.0,142674549.0,13:14:43
688981,中芯国际,122.4,-2.56,-2.049,122.36,122.38,124.96,124.01,125.88,122.22,34100657.0,4211465630.0,13:14:43
000001,平安银行,10.98,-0.01,-0.091,10.98,10.99,10.99,10.98,11.06,10.92,77826046.0,854521800.0,13:14:45
000002,万 科Ａ,4.86,-0.09,-1.818,4.86,4.87,4.95,4.92,4.97,4.81,207047808.0,1008087854.0,13:14:45
000004,*ST国华,12.48,-0.11,-0.874,12.4,12.48,12.59,13.0,13.2,12.35,5237700.0,67567479.0,13:14:45
000006,深振业Ａ,9.41,-0.33,-3.388,9.41,9.42,9.74,9.73,9.78,9.33,24623853.0,233530856.0,13:14:45
000007,全新好,11.66,0.12,1.04,11.66,11.67,11.54,11.5,11.84,11.45,5574000.0,64905196.0,13:14:45
000008,神州高铁,3.24,0.03,0.935,3.23,3.24,3.21,3.22,3.32,3.18,67128793.0,216803843.0,13:14:45
000009,中国宝安,10.25,-0.16,-1.537,10.25,10.27,10.41,10.45,10.52,10.23,27429959.0,283332203.0,13:14:45
000010,美丽生态,3.57,-0.1,-2.725,3.57,3.58,3.67,3.67,3.67,3.57,14662700.0,52717189.0,13:14:45
000011,深物业A,8.97,-0.11,-1.211,8.97,8.98,9.08,9.05,9.07,8.88,4978001.0,44641477.0,13:14:30
000012,南 玻Ａ,4.66,-0.05,-1.062,4.66,4.67,4.71,4.72,4.73,4.65,21818553.0,102120379.0,13:14:45
000014,沙河股份,13.29,-0.47,-3.416,13.29,13.3,13.76,13.65,13.74,13.15,7363901.0,98467263.0,13:14:42
000016,深康佳Ａ,5.08,-0.08,-1.55,5.07,5.08,5.16,5.16,5.18,5.07,21620500.0,110375277.0,13:14:42
000017,深中华A,8.22,0.11,1.356,8.22,8.23,8.11,8.31,8.45,8.21,33973200.0,283009949.0,13:14:45
000019,深粮控股,7.09,-0.01,-0.141,7.09,7.1,7.1,7.12,7.14,7.02,6925121.0,49034166.0,13:14:45
000020,深华发Ａ,15.15,0.01,0.066,15.15,15.16,15.14,15.18,15.29,15.03,2572599.0,38980716.0,13:14:30
000021,深科技,29.59,-0.98,-3.206,29.58,29.59,30.57,30.52,31.05,29.43,81380163.0,2438210251.0,13:14:45
000025,特 力Ａ,19.36,0.41,2.164,19.35,19.36,18.95,18.9,19.66,18.86,16878000.0,326910290.0,13:14:45
000026,飞亚达,16.51,-0.42,-2.481,16.5,16.51,16.93,16.93,16.99,16.51,5939245.0,99413465.0,13:14:45
000027,深圳能源,6.92,-0.03,-0.432,6.91,6.92,6.95,6.95,6.98,6.9,22835610.0,158491242.0,13:14:45
000028,国药一致,26.48,0.92,3.599,26.46,26.48,25.56,26.25,26.8,26.14,12115533.0,319625393.0,13:14:45
000029,深深房Ａ,20.73,-0.66,-3.086,20.7,20.73,21.39,21.33,21.43,20.59,5473113.0,114032946.0,13:14:45
000030,富奥股份,5.61,-0.11,-1.923,5.61,5.62,5.72,5.73,5.77,5.59,11087100.0,62625643.0,13:14:45
000031,大悦城,3.24,-0.1,-2.994,3.24,3.25,3.34,3.31,3.33,3.21,24121370.0,78585293.0,13:14:45
000032,深桑达Ａ,21.7,-0.1,-0.459,21.7,21.71,21.8,21.78,22.3,21.15,19889615.0,430468177.0,13:14:45
000034,神州数码,39.55,-0.83,-2.055,39.55,39.56,40.38,40.5,41.64,39.5,19842591.0,803258426.0,13:14:45
000035,中国天楹,6.29,-0.05,-0.789,6.29,6.3,6.34,6.35,6.39,6.17,29518708.0,185444186.0,13:14:45
000036,华联控股,6.35,-0.64,-9.156,6.34,6.35,6.99,7.09,7.19,6.3,128187977.0,860410136.0,13:14:45
000037,深南电A,9.39,0.15,1.623,9.39,9.4,9.24,9.29,9.78,9.29,27125182.0,257469804.0,13:14:45
000039,中集集团,9.81,-0.11,-1.109,9.81,9.82,9.92,9.92,9.98,9.78,22953430.0,226381760.0,13:14:45
000042,中洲控股,8.02,-0.07,-0.865,8.02,8.03,8.09,8.1,8.1,7.98,3737500.0,29983622.0,13:14:30
000045,深纺织Ａ,13.36,-0.14,-1.037,13.36,13.37,13.5,13.5,13.75,13.36,14829100.0,200933299.0,13:14:45
000048,京基智农,19.24,0.26,1.37,19.24,19.25,18.98,19.31,19.92,18.9,19892858.0,386389999.0,13:14:45
000049,德赛电池,26.66,-0.57,-2.093,26.65,26.66,27.23,27.3,27.36,26.65,6840104.0,183630708.0,13:14:45
000050,深天马Ａ,10.29,-0.22,-2.093,10.29,10.3,10.51,10.46,10.52,10.28,30823174.0,319291768.0,13:14:45
000055,方大集团,4.27,-0.04,-0.928,4.27,4.28,4.31,4.3,4.32,4.27,6864571.0,29495246.0,13:14:45
000056,皇庭国际,2.07,-0.03,-1.429,2.07,2.08,2.1,2.11,2.11,2.05,20849400.0,43191007.0,13:14:45
000058,深 赛 格,9.71,-0.16,-1.621,9.71,9.72,9.87,10.05,10.21,9.71,17112761.0,170262890.0,13:14:45
000059,华锦股份,6.03,-0.05,-0.822,6.03,6.04,6.08,6.18,6.24,5.93,62925530.0,382369613.0,13:14:45
000060,中金岭南,8.18,0.39,5.006,8.17,8.18,7.79,8.08,8.38,8.0,349170876.0,2858369315.0,13:14:45
000061,农 产 品,9.63,-0.25,-2.53,9.62,9.63,9.88,9.84,9.87,9.36,20279137.0,194120795.0,13:14:45
000062,深圳华强,25.41,-0.55,-2.119,25.41,25.42,25.96,25.89,26.25,25.41,11374795.0,292690155.0,13:14:45
000063,中兴通讯,39.65,-0.46,-1.147,39.65,39.66,40.11,40.01,40.65,39.52,72979370.0,2911159915.0,13:14:45
000065,北方国际,12.84,-0.14,-1.079,12.84,12.85,12.98,12.93,12.97,12.75,19097712.0,245434841.0,13:14:45
000066,中国长城,17.29,-1.0,-5.467,17.29,17.3,18.29,18.26,18.47,17.26,248733367.0,4438522287.0,13:14:45
000068,华控赛格,3.49,-0.06,-1.69,3.49,3.5,3.55,3.56,3.57,3.48,11190860.0,39208668.0,13:14:45
000069,华侨城Ａ,2.74,0.0,0.0,2.74,2.75,2.74,2.73,2.78,2.69,66122368.0,180443599.0,13:14:45
000070,特发信息,11.96,0.24,2.048,11.95,11.96,11.72,11.66,11.97,11.6,44358860.0,524652220.0,13:14:45
000078,海王生物,4.2,0.38,9.948,4.2,0.0,3.82,3.86,4.2,3.74,258147922.0,1011527068.0,13:14:45
000088,盐 田 港,4.59,0.03,0.658,4.59,4.6,4.56,4.56,4.61,4.54,29838416.0,136603831.0,13:14:45
000089,深圳机场,7.17,-0.03,-0.417,7.17,7.18,7.2,7.18,7.22,7.11,12513547.0,89632034.0,13:14:45
000090,天健集团,3.87,-0.04,-1.023,3.86,3.87,3.91,3.92,3.93,3.84,16595800.0,64315292.0,13:14:45
000096,广聚能源,11.22,0.02,0.179,11.21,11.22,11.2,11.21,11.33,11.15,6010554.0,67526707.0,13:14:45
000099,中信海直,20.49,-0.78,-3.667,20.48,20.49,21.27,21.27,21.28,20.44,18980966.0,392241488.0,13:14:45
000100,TCL科技,5.02,-0.03,-0.594,5.02,5.03,5.05,5.06,5.15,5.02,395126865.0,2003689955.0,13:14:45
000151,中成股份,13.57,-0.04,-0.294,13.56,13.57,13.61,13.6,13.78,13.41,9390103.0,127505391.0,13:14:45
000153,丰原药业,6.71,0.05,0.751,6.7,6.71,6.66,6.66,6.73,6.62,6539680.0,43612993.0,13:14:42
000155,川能动力,13.71,-0.41,-2.904,13.71,13.72,14.12,14.08,14.27,13.7,60459818.0,842333174.0,13:14:45
000156,华数传媒,8.53,-0.26,-2.958,8.51,8.52,8.79,8.76,8.81,8.43,24656924.0,211723146.0,13:14:45
000157,中联重科,8.79,-0.08,-0.902,8.78,8.79,8.87,8.88,9.03,8.76,86586400.0,766559067.0,13:14:45
000158,常山北明,20.71,-0.51,-2.403,20.71,20.72,21.22,21.2,21.34,20.7,29336186.0,614129057.0,13:14:45
000159,国际实业,7.19,-0.28,-3.748,7.18,7.19,7.47,7.48,7.53,7.15,59186283.0,431229080.0,13:14:45
000166,申万宏源,5.13,0.03,0.588,5.13,5.14,5.1,5.1,5.19,5.1,114450221.0,587741854.0,13:14:45
000301,东方盛虹,12.42,0.34,2.815,12.42,12.43,12.08,12.07,12.69,12.0,49038679.0,608548377.0,13:14:45
000333,美的集团,76.8,0.02,0.026,76.81,76.82,76.78,76.8,77.87,76.02,30827769.0,2367365776.0,13:14:45
000338,潍柴动力,24.68,1.18,5.021,24.68,24.69,23.5,24.12,25.72,24.0,180035772.0,4502428671.0,13:14:45
000400,许继电气,31.56,0.26,0.831,31.56,31.59,31.3,31.3,32.48,31.3,48300817.0,1544956848.0,13:14:45
000401,金隅冀东,4.89,0.03,0.617,4.88,4.89,4.86,4.85,4.9,4.83,12420957.0,60508364.0,13:14:45
000402,金 融 街,2.82,-0.02,-0.704,2.82,2.83,2.84,2.84,2.86,2.81,21500970.0,60822546.0,13:14:42
000403,派林生物,14.29,0.15,1.061,14.29,14.3,14.14,14.16,14.38,14.05,12134542.0,172706757.0,13:14:45
000404,长虹华意,7.06,-0.03,-0.423,7.06,7.07,7.09,7.09,7.12,7.03,5326056.0,37624457.0,13:14:39
000407,胜利股份,5.51,0.16,2.991,5.51,5.52,5.35,5.46,5.66,5.39,148132192.0,819094814.0,13:14:45
000408,藏格矿业,95.02,1.53,1.637,95.02,95.08,93.49,94.0,97.28,93.57,14736088.0,1405228796.0,13:14:45
000409,云鼎科技,11.92,-0.19,-1.569,11.92,11.93,12.11,12.16,12.19,11.92,14254029.0,171690581.0,13:14:45
000410,沈阳机床,8.25,0.41,5.23,8.25,8.26,7.84,7.87,8.62,7.87,96661271.0,809210554.0,13:14:45
000411,英特集团,13.02,-0.46,-3.412,13.01,13.02,13.48,13.31,13.38,12.75,19705783.0,255524489.0,13:14:45
000415,渤海租赁,4.54,0.04,0.889,4.53,4.54,4.5,4.51,4.62,4.43,92737660.0,417772991.0,13:14:45
000417,合百集团,8.57,-0.04,-0.465,8.56,8.57,8.61,8.57,8.76,8.53,34107428.0,294418070.0,13:14:45
000419,通程控股,6.53,-0.09,-1.36,6.52,6.53,6.62,6.61,6.61,6.46,9289720.0,60551687.0,13:14:45
000420,吉林化纤,4.88,-0.11,-2.204,4.88,4.89,4.99,4.99,5.09,4.88,159391537.0,794706764.0,13:14:45
000421,南京公用,7.36,0.08,1.099,7.36,7.37,7.28,7.29,7.47,7.24,16090700.0,118498993.0,13:14:45
000422,湖北宜化,16.47,0.03,0.182,16.46,16.47,16.44,16.66,17.14,16.45,67899327.0,1140700255.0,13:14:45
000423,东阿阿胶,50.48,0.25,0.498,50.48,50.51,50.23,50.23,50.65,50.06,4693962.0,236305810.0,13:14:45
000425,徐工机械,11.03,0.12,1.1,11.03,11.04,10.91,10.96,11.28,10.9,108088388.0,1197533906.0,13:14:45
000426,兴业银锡,63.67,5.79,10.003,63.67,0.0,57.88,63.0,63.67,62.01,62654729.0,3967142217.0,13:14:45
000428,华天酒店,3.53,-0.04,-1.12,3.53,3.54,3.57,3.55,3.57,3.51,12160036.0,43021129.0,13:14:45
000429,粤高速Ａ,11.72,-0.03,-0.255,11.72,11.73,11.75,11.71,11.76,11.62,4577241.0,53483462.0,13:14:45
000430,*ST张股,7.17,-0.13,-1.781,7.16,7.17,7.3,7.29,7.3,7.16,4807050.0,34721026.0,13:14:45
000488,ST晨鸣,2.18,-0.01,-0.457,2.17,2.18,2.19,2.18,2.2,2.17,6140650.0,13376103.0,13:14:27
000498,山东路桥,6.22,-0.03,-0.48,6.22,6.23,6.25,6.25,6.26,6.17,14085053.0,87554479.0,13:14:45
000501,武商集团,10.4,-0.43,-3.97,10.4,10.41,10.83,10.74,10.8,10.38,18211388.0,192859335.0,13:14:45
000503,国新健康,9.93,-0.33,-3.216,9.93,9.94,10.26,10.24,10.25,9.86,23714372.0,236701275.0,13:14:45
000504,*ST生物,8.88,0.03,0.339,8.87,8.88,8.85,8.83,8.95,8.76,4660617.0,41290942.0,13:14:45
000505,京粮控股,7.39,-0.1,-1.335,7.38,7.39,7.49,7.47,7.47,7.32,11826819.0,87305284.0,13:14:45
000506,招金黄金,21.43,1.95,10.01,21.43,0.0,19.48,20.15,21.43,20.15,81913328.0,1720043341.0,13:14:45
000507,珠海港,5.46,-0.02,-0.365,5.45,5.46,5.48,5.55,5.55,5.42,8589588.0,46997836.0,13:14:45
000509,华塑控股,3.54,-0.03,-0.84,3.53,3.54,3.57,3.58,3.62,3.53,13845400.0,49355106.0,13:14:39
000510,新金路,20.09,1.44,7.721,20.09,20.1,18.65,18.6,20.4,18.33,71035562.0,1384975208.0,13:14:45
000513,丽珠集团,36.25,-0.1,-0.275,36.24,36.26,36.35,36.43,36.49,35.81,5225271.0,188640468.0,13:14:45
000514,渝 开 发,5.18,-0.03,-0.576,5.18,5.19,5.21,5.2,5.22,5.11,17307800.0,89400000.0,13:14:45
000516,国际医学,5.2,-0.01,-0.192,5.2,5.21,5.21,5.22,5.26,5.11,55422389.0,286345864.0,13:14:45
000517,荣安地产,1.82,-0.01,-0.546,1.81,1.82,1.83,1.84,1.85,1.8,17965000.0,32744333.0,13:14:42
000518,*ST四环,2.87,0.13,4.745,2.87,2.88,2.74,2.75,2.88,2.75,16138940.0,45351754.0,13:14:45
000519,中兵红箭,19.11,-0.34,-1.748,19.11,19.12,19.45,19.29,19.48,19.1,28683962.0,553277540.0,13:14:45
000520,凤凰航运,4.5,-0.1,-2.174,4.5,4.51,4.6,4.6,4.62,4.5,13566450.0,61545626.0,13:14:42
000521,长虹美菱,6.76,-0.02,-0.295,6.75,6.76,6.78,6.8,6.81,6.7,8909832.0,60161157.0,13:14:45
000523,红棉股份,4.1,-0.1,-2.381,4.1,4.11,4.2,4.18,4.2,4.09,49605611.0,205341845.0,13:14:45
000524,岭南控股,12.5,-0.21,-1.652,12.49,12.5,12.71,12.71,12.71,12.44,7721312.0,96664630.0,13:14:36
000525,红太阳,5.83,-0.16,-2.671,5.83,5.85,5.99,5.96,5.96,5.81,29659106.0,173625861.0,13:14:45
000526,学大教育,39.53,-0.99,-2.443,39.52,39.53,40.52,40.53,40.6,39.41,1553400.0,61898691.0,13:14:42
000528,柳 工,11.72,-0.18,-1.513,11.72,11.73,11.9,11.91,12.1,11.7,32024741.0,379851240.0,13:14:45
000529,广弘控股,6.17,0.01,0.162,6.17,6.18,6.16,6.15,6.22,6.08,6720840.0,41284713.0,13:14:45
000530,冰山冷热,7.27,-0.16,-2.153,7.26,7.27,7.43,7.43,7.45,7.25,20996742.0,154449084.0,13:14:45
000531,穗恒运Ａ,7.25,0.03,0.416,7.24,7.25,7.22,7.22,7.3,7.2,8859820.0,64273317.0,13:14:45
000532,华金资本,16.44,-0.39,-2.317,16.44,16.45,16.83,16.78,16.94,16.43,9159400.0,152541629.0,13:14:45
000533,顺钠股份,9.68,0.13,1.361,9.67,9.68,9.55,9.59,9.87,9.56,48345342.0,471305599.0,13:14:45
000534,万泽股份,28.86,1.66,6.103,28.86,28.9,27.2,27.2,29.31,26.5,23132341.0,645789716.0,13:14:45
000536,华映科技,4.94,-0.1,-1.984,4.93,4.94,5.04,5.04,5.04,4.93,44212669.0,219343665.0,13:14:45
000537,绿发电力,8.7,-0.04,-0.458,8.7,8.71,8.74,8.76,8.8,8.62,16213611.0,140946293.0,13:14:45
000538,云南白药,56.28,0.13,0.232,56.27,56.29,56.15,56.13,56.47,55.92,7240841.0,406833516.0,13:14:45
000539,粤电力Ａ,4.88,0.08,1.667,4.88,4.89,4.8,4.78,4.95,4.78,31334540.0,153329692.0,13:14:45
000541,佛山照明,6.47,-0.01,-0.154,6.46,6.47,6.48,6.52,6.53,6.44,15110587.0,98062588.0,13:14:45
000543,皖能电力,8.46,-0.01,-0.118,8.46,8.47,8.47,8.53,8.54,8.36,34155185.0,288849519.0,13:14:45
000544,中原环保,8.69,0.06,0.695,8.69,8.7,8.63,8.63,8.72,8.6,4551500.0,39420056.0,13:14:42
000545,金浦钛业,3.11,0.02,0.647,3.11,3.12,3.09,3.09,3.19,3.07,50055484.0,157114733.0,13:14:45
000546,金圆股份,6.78,-0.07,-1.022,6.77,6.78,6.85,6.96,7.05,6.77,38616300.0,266738648.0,13:14:45
000547,航天发展,26.81,-2.61,-8.872,26.81,26.82,29.42,28.42,28.84,26.6,158102662.0,4349719026.0,13:14:45
000548,湖南投资,5.73,-0.03,-0.521,5.73,5.74,5.76,5.76,5.81,5.69,7253800.0,41714306.0,13:14:39
000550,江铃汽车,18.36,0.28,1.549,18.35,18.36,18.08,18.22,18.43,18.01,5752197.0,104711560.0,13:14:45
000551,创元科技,15.3,-0.68,-4.255,15.29,15.3,15.98,15.8,15.88,15.26,25736194.0,399885031.0,13:14:45
000552,甘肃能化,2.42,0.02,0.833,2.42,2.43,2.4,2.41,2.44,2.39,54907788.0,132553060.0,13:14:45
000553,安道麦A,6.2,-0.04,-0.641,6.19,6.2,6.24,6.21,6.26,6.16,5908886.0,36683298.0,13:14:39
000554,泰山石油,7.7,0.31,4.195,7.69,7.7,7.39,7.52,7.81,7.48,43069553.0,328989542.0,13:14:45
000555,神州信息,16.54,-0.94,-5.378,16.53,16.54,17.48,17.54,17.55,16.53,34370692.0,580784562.0,13:14:45
000557,西部创业,5.05,-0.02,-0.394,5.05,5.06,5.07,5.05,5.08,5.01,12178473.0,61376358.0,13:14:45
000558,天府文旅,5.17,-0.12,-2.268,5.17,5.18,5.29,5.27,5.28,5.17,31462762.0,163728403.0,13:14:45
000559,万向钱潮,18.87,-0.82,-4.165,18.86,18.87,19.69,19.81,20.3,18.8,150370309.0,2930069744.0,13:14:45
000560,我爱我家,3.04,-0.1,-3.185,3.04,3.05,3.14,3.14,3.16,3.02,125818355.0,386400174.0,13:14:45
000561,烽火电子,12.4,-0.75,-5.703,12.39,12.4,13.15,13.15,13.15,12.37,76245577.0,974024276.0,13:14:45
000563,陕国投Ａ,3.61,-0.03,-0.824,3.61,3.62,3.64,3.64,3.65,3.6,39088462.0,141546068.0,13:14:45
000564,供销大集,2.44,-0.02,-0.813,2.43,2.44,2.46,2.46,2.47,2.43,162455685.0,396824706.0,13:14:45
000565,渝三峡Ａ,8.89,0.09,1.023,8.89,8.9,8.8,8.45,9.22,8.36,66886020.0,580997184.0,13:14:45
000566,海南海药,7.05,0.22,3.221,7.04,7.05,6.83,6.83,7.13,6.68,64497025.0,442995784.0,13:14:45
000567,海德股份,5.99,-0.11,-1.803,5.99,6.0,6.1,6.09,6.1,5.97,15258320.0,91790565.0,13:14:45
000568,泸州老窖,111.02,-1.02,-0.91,111.02,111.04,112.04,112.06,112.97,109.4,10875066.0,1204883131.0,13:14:45
000570,苏常柴Ａ,5.84,-0.03,-0.511,5.84,5.85,5.87,5.87,5.91,5.82,6734688.0,39509639.0,13:14:45
000571,新大洲A,6.68,-0.11,-1.62,6.68,6.69,6.79,6.91,6.95,6.64,19791326.0,133965359.0,13:14:45
000572,海马汽车,7.04,-0.28,-3.825,7.04,7.05,7.32,7.31,7.31,7.03,58960400.0,420671999.0,13:14:45
000573,粤宏远Ａ,4.48,-0.05,-1.104,4.47,4.48,4.53,4.53,4.53,4.41,13433427.0,59999533.0,13:14:42
000576,甘化科工,11.65,0.1,0.866,11.63,11.65,11.55,11.56,11.82,11.31,19618500.0,226321947.0,13:14:45
000581,威孚高科,21.48,-0.27,-1.241,21.48,21.49,21.75,21.85,21.93,21.35,11968268.0,258252233.0,13:14:45
000582,北部湾港,9.75,0.01,0.103,9.75,9.76,9.74,9.7,9.93,9.54,44256052.0,430410031.0,13:14:45
000586,汇源通信,13.96,0.04,0.287,13.96,13.97,13.92,13.97,14.23,13.65,5827901.0,81041754.0,13:14:36
000589,贵州轮胎,5.11,-0.04,-0.777,5.11,5.12,5.15,5.15,5.15,5.08,21442483.0,109639282.0,13:14:45
000590,古汉医药,11.71,-0.1,-0.847,11.7,11.71,11.81,11.81,11.81,11.59,3724900.0,43569717.0,13:14:45
000591,太阳能,5.59,-0.1,-1.757,5.58,5.59,5.69,5.86,5.98,5.57,371726494.0,2143866876.0,13:14:45
000592,平潭发展,9.93,-0.85,-7.885,9.92,9.93,10.78,10.79,10.82,9.88,283168036.0,2911658093.0,13:14:45
000593,德龙汇能,17.08,0.98,6.087,17.08,17.11,16.1,16.26,17.49,16.12,39014996.0,664468177.0,13:14:45
000595,*ST宝实,6.47,0.04,0.622,6.46,6.47,6.43,6.46,6.58,6.4,11152500.0,72323889.0,13:14:45
000596,古井贡酒,124.43,-1.63,-1.293,124.4,124.44,126.06,125.27,127.5,121.87,4370406.0,542659350.0,13:14:42
000597,东北制药,5.55,0.17,3.16,5.55,5.56,5.38,5.44,5.59,5.42,29899802.0,164449405.0,13:14:45
000598,兴蓉环境,7.36,0.03,0.409,7.36,7.37,7.33,7.36,7.43,7.25,22683200.0,166513435.0,13:14:45
000599,青岛双星,6.11,-0.22,-3.476,6.11,6.12,6.33,6.33,6.34,6.11,14168500.0,87442765.0,13:14:45
000600,建投能源,8.62,-0.22,-2.489,8.61,8.62,8.84,8.83,8.84,8.61,28354420.0,246463604.0,13:14:45
000601,韶能股份,5.16,-0.02,-0.386,5.16,5.17,5.18,5.18,5.2,5.15,13721891.0,71037098.0,13:14:45
000603,盛达资源,56.65,5.15,10.0,56.65,0.0,51.5,56.49,56.65,55.5,11948784.0,675833931.0,13:14:45
000605,渤海股份,7.11,-0.02,-0.281,7.1,7.11,7.13,7.15,7.18,7.03,4298640.0,30523213.0,13:14:45
000607,华媒控股,4.97,-0.07,-1.389,4.96,4.97,5.04,5.24,5.48,4.9,124065854.0,633915646.0,13:14:45
000608,*ST阳光,3.46,-0.09,-2.535,3.45,3.46,3.55,3.49,3.54,3.4,18551415.0,64048647.0,13:14:45
000609,ST中迪,7.79,-0.33,-4.064,7.79,7.8,8.12,8.12,8.16,7.74,8582600.0,67727266.0,13:14:45
000610,西安旅游,12.67,-0.32,-2.463,12.67,12.68,12.99,12.98,12.98,12.66,11125701.0,142131892.0,13:14:45
000612,焦作万方,14.85,0.74,5.245,14.85,14.86,14.11,14.28,15.09,14.15,83241886.0,1217290764.0,13:14:45
000615,*ST美谷,3.23,-0.09,-2.711,3.23,3.24,3.32,3.31,3.31,3.23,6777540.0,22044789.0,13:14:45
000617,中油资本,9.14,-0.15,-1.615,9.14,9.15,9.29,9.26,9.3,9.13,62651578.0,576585389.0,13:14:45
000619,海螺新材,6.54,0.0,0.0,6.54,6.55,6.54,6.55,6.61,6.48,8338600.0,54519638.0,13:14:45
000620,盈新发展,3.41,-0.2,-5.54,3.41,3.42,3.61,3.67,3.7,3.33,375887600.0,1311477561.0,13:14:45
000623,吉林敖东,20.74,0.22,1.072,20.74,20.76,20.52,20.54,20.9,20.52,16344973.0,339250293.0,13:14:45
000625,长安汽车,11.58,-0.12,-1.026,11.58,11.59,11.7,11.7,11.7,11.58,53305268.0,618804440.0,13:14:45
000626,远大控股,8.23,0.05,0.611,8.23,8.24,8.18,8.2,8.33,8.05,10417600.0,85327318.0,13:14:45
000628,高新发展,50.3,-0.5,-0.984,50.3,50.31,50.8,50.6,51.33,49.6,6781194.0,341657478.0,13:14:45
000629,钒钛股份,4.24,0.39,10.13,4.24,0.0,3.85,3.88,4.24,3.88,222516595.0,923776039.0,13:14:45
000630,铜陵有色,7.46,0.6,8.746,7.45,7.46,6.86,7.3,7.55,7.1,951384135.0,7017059380.0,13:14:45
000631,顺发恒能,4.11,0.21,5.385,4.1,4.11,3.9,3.83,4.11,3.81,49665006.0,198373510.0,13:14:45
000632,三木集团,5.22,-0.19,-3.512,5.22,5.23,5.41,5.37,5.4,5.2,20926400.0,110380912.0,13:14:45
000633,合金投资,8.1,0.02,0.248,8.1,8.11,8.08,8.17,8.31,8.07,22871620.0,187185645.0,13:14:45
000635,英 力 特,10.16,0.0,0.0,10.16,10.17,10.16,10.16,10.49,10.09,7097400.0,72966609.0,13:14:45
000636,风华高科,20.6,-0.28,-1.341,20.59,20.6,20.88,20.88,21.24,20.43,38667422.0,800634952.0,13:14:45
000637,茂化实华,4.64,0.05,1.089,4.64,4.65,4.59,4.59,4.68,4.59,11704930.0,54299572.0,13:14:39
000638,*ST万方,3.01,-0.16,-5.047,0.0,3.01,3.17,3.01,3.01,3.01,990000.0,2979900.0,13:14:21
000639,西王食品,3.24,-0.07,-2.115,3.23,3.24,3.31,3.31,3.32,3.22,35157056.0,114262492.0,13:14:45
000650,仁和药业,6.22,0.06,0.974,6.22,6.23,6.16,6.15,6.26,6.14,29118710.0,180187333.0,13:14:45
000651,格力电器,39.16,-0.27,-0.685,39.15,39.16,39.43,39.43,39.58,39.02,43386690.0,1701545845.0,13:14:45
000652,泰达股份,4.5,0.11,2.506,4.5,4.51,4.39,4.45,4.55,4.35,29652988.0,131644535.0,13:14:45
000655,金岭矿业,11.03,0.35,3.277,11.02,11.03,10.68,10.72,11.23,10.72,23963201.0,262938444.0,13:14:45
000656,*ST金科,1.47,-0.02,-1.342,1.47,1.48,1.49,1.49,1.49,1.47,48584600.0,71811542.0,13:14:42
000657,中钨高新,49.4,4.43,9.851,49.38,49.4,44.97,45.66,49.47,44.8,91427215.0,4395788459.0,13:14:45
000659,珠海中富,4.44,-0.04,-0.893,4.44,4.45,4.48,4.5,4.6,4.41,25964320.0,116073937.0,13:14:39
000661,长春高新,101.32,2.52,2.551,101.32,101.36,98.8,99.01,101.91,98.46,7263190.0,725296538.0,13:14:45
000663,永安林业,7.95,-0.17,-2.094,7.94,7.95,8.12,8.1,8.14,7.91,13539386.0,108165948.0,13:14:45
000665,湖北广电,5.56,-0.17,-2.967,5.55,5.56,5.73,5.66,5.66,5.55,28292041.0,157884836.0,13:14:45
000668,*ST荣控,14.58,0.61,4.366,14.55,14.58,13.97,14.22,14.67,13.91,2781870.0,39984888.0,13:14:45
000669,ST金鸿,3.03,0.08,2.712,3.03,3.04,2.95,2.95,3.05,2.93,14237004.0,42694965.0,13:14:42
000670,盈方微,9.91,0.22,2.27,9.91,9.92,9.69,9.45,10.29,9.24,171291685.0,1672003103.0,13:14:45
000672,上峰水泥,13.55,-0.29,-2.095,13.54,13.55,13.84,13.8,13.88,13.52,12430120.0,169769600.0,13:14:45
000676,智度股份,9.33,-0.38,-3.913,9.33,9.34,9.71,9.75,9.77,9.3,39460567.0,373773232.0,13:14:45
000677,恒天海龙,4.45,-0.14,-3.05,4.45,4.46,4.59,4.58,4.6,4.44,18955238.0,85284175.0,13:14:45
000678,襄阳轴承,14.51,-0.58,-3.844,14.51,14.52,15.09,15.01,15.04,14.5,17551768.0,257733477.0,13:14:45
000679,大连友谊,7.3,-0.18,-2.406,7.29,7.3,7.48,7.5,7.5,7.29,3646200.0,26849912.0,13:14:45
000680,山推股份,12.71,0.08,0.633,12.71,12.72,12.63,12.63,12.98,12.62,14221701.0,181626155.0,13:14:45
000681,视觉中国,26.7,-1.2,-4.301,26.69,26.7,27.9,28.29,28.47,26.5,71878952.0,1961026575.0,13:14:45
000682,东方电子,13.85,-0.1,-0.717,13.85,13.86,13.95,13.87,14.16,13.85,23532833.0,328951399.0,13:14:45
000683,博源化工,8.57,-0.11,-1.267,8.56,8.57,8.68,8.7,8.79,8.52,37131715.0,320801839.0,13:14:45
000685,中山公用,12.42,-0.15,-1.193,12.41,12.42,12.57,12.53,12.61,12.36,15424491.0,192498768.0,13:14:45
000686,东北证券,9.24,0.01,0.108,9.24,9.25,9.23,9.23,9.34,9.19,48300277.0,447160595.0,13:14:45
000688,国城矿业,31.78,2.12,7.148,31.76,31.78,29.66,30.37,32.63,29.74,39751305.0,1266648396.0,13:14:45
000690,宝新能源,4.5,-0.01,-0.222,4.5,4.51,4.51,4.52,4.55,4.47,36867700.0,166126902.0,13:14:45
000691,*ST亚太,8.89,-0.19,-2.093,8.85,8.89,9.08,9.28,9.28,8.68,9832300.0,87469866.0,13:14:45
000692,惠天热电,3.71,-0.02,-0.536,3.71,3.72,3.73,3.73,3.75,3.67,10007600.0,37109173.0,13:14:42
000695,滨海能源,12.6,-0.26,-2.022,12.6,12.61,12.86,12.88,12.98,12.6,7059800.0,89724917.0,13:14:45
000697,ST炼石,8.94,0.09,1.017,8.93,8.94,8.85,8.85,8.98,8.81,6578265.0,58609747.0,13:14:39
000698,ST沈化,4.11,0.06,1.481,4.1,4.11,4.05,4.05,4.13,4.02,10184346.0,41523183.0,13:14:45
000700,模塑科技,13.54,-1.5,-9.973,0.0,13.54,15.04,15.2,15.65,13.54,85318635.0,1208041728.0,13:14:45
000701,厦门信达,6.46,-0.42,-6.105,6.45,6.46,6.88,6.91,6.95,6.45,36852850.0,243295679.0,13:14:45
000702,正虹科技,6.97,0.02,0.288,6.96,6.97,6.95,7.0,7.02,6.89,4084588.0,28406439.0,13:14:39
000703,恒逸石化,11.59,-0.11,-0.94,11.59,11.6,11.7,11.59,11.92,11.3,26234970.0,305562306.0,13:14:45
000705,浙江震元,9.75,0.07,0.723,9.75,9.76,9.68,9.68,9.81,9.61,6249200.0,60577623.0,13:14:45
000707,双环科技,6.57,0.07,1.077,6.56,6.57,6.5,6.53,6.62,6.47,11958300.0,78359293.0,13:14:45
000708,中信特钢,16.0,-0.09,-0.559,16.0,16.01,16.09,16.14,16.18,15.86,12069700.0,193409191.0,13:14:45
000709,河钢股份,2.56,0.01,0.392,2.56,2.57,2.55,2.54,2.59,2.54,114096968.0,292943549.0,13:14:45
000710,贝瑞基因,13.35,0.16,1.213,13.34,13.35,13.19,13.18,13.56,13.0,15995400.0,212057531.0,13:14:45
000711,ST京蓝,1.77,0.04,2.312,1.77,1.78,1.73,1.8,1.81,1.75,100137816.0,178668093.0,13:14:45
000712,锦龙股份,12.07,-0.16,-1.308,12.07,12.08,12.23,12.26,12.3,12.07,12241100.0,148965431.0,13:14:45
000713,国投丰乐,6.97,0.02,0.288,6.97,6.98,6.95,6.94,7.0,6.92,8165299.0,56878321.0,13:14:45
000715,中兴商业,6.46,-0.19,-2.857,6.46,6.47,6.65,6.6,6.65,6.36,17892010.0,115937825.0,13:14:45
000716,黑芝麻,6.32,-0.11,-1.711,6.32,6.33,6.43,6.41,6.42,6.3,18875200.0,119869781.0,13:14:45
000717,中南股份,2.75,0.0,0.0,2.74,2.75,2.75,2.76,2.79,2.71,27937126.0,76720965.0,13:14:42
000718,苏宁环球,2.39,-0.05,-2.049,2.39,2.4,2.44,2.44,2.45,2.38,27581476.0,66305000.0,13:14:45
000719,中原传媒,12.46,-0.09,-0.717,12.44,12.45,12.55,12.57,12.61,12.33,4892626.0,60888482.0,13:14:45
000720,新能泰山,3.78,-0.01,-0.264,3.78,3.79,3.79,3.79,3.87,3.75,37237067.0,141710780.0,13:14:45
000721,西安饮食,9.32,-0.15,-1.584,9.32,9.33,9.47,9.43,9.49,9.32,12167000.0,114068813.0,13:14:45
000722,湖南发展,12.91,-0.05,-0.386,12.91,12.92,12.96,12.96,13.23,12.85,11182531.0,145886286.0,13:14:45
000723,美锦能源,4.93,-0.05,-1.004,4.93,4.94,4.98,4.97,4.99,4.9,52202800.0,257899667.0,13:14:45
000725,京东方Ａ,4.49,0.04,0.899,4.49,4.5,4.45,4.48,4.55,4.47,645630644.0,2915316636.0,13:14:45
000726,鲁 泰Ａ,7.7,-0.16,-2.036,7.69,7.7,7.86,7.86,7.88,7.62,18717101.0,144331152.0,13:14:45
000727,冠捷科技,2.67,-0.06,-2.198,2.67,2.68,2.73,2.73,2.74,2.67,69466000.0,187353178.0,13:14:45
000728,国元证券,8.52,0.04,0.472,8.52,8.53,8.48,8.48,8.61,8.48,44701324.0,382590154.0,13:14:45
000729,燕京啤酒,12.3,-0.1,-0.806,12.3,12.31,12.4,12.38,12.48,12.25,16599275.0,204862895.0,13:14:45
000731,四川美丰,6.96,0.02,0.288,6.96,6.97,6.94,6.94,7.02,6.9,7441900.0,51825112.0,13:14:42
000733,振华科技,57.0,-2.38,-4.008,57.0,57.08,59.38,59.87,59.87,56.91,18106022.0,1048107898.0,13:14:45
000735,罗 牛 山,7.93,-0.13,-1.613,7.93,7.94,8.06,8.0,8.03,7.88,28695363.0,227759848.0,13:14:45
000736,*ST中地,5.86,-0.12,-2.007,5.86,5.87,5.98,5.95,5.95,5.84,6926766.0,40727160.0,13:14:39
000737,北方铜业,17.52,0.96,5.797,17.52,17.53,16.56,17.2,18.18,17.01,187618758.0,3276535632.0,13:14:45
000738,航发控制,24.17,-1.16,-4.58,24.17,24.19,25.33,24.88,25.3,24.12,43108977.0,1058829818.0,13:14:45
000739,普洛药业,19.47,0.97,5.243,19.47,19.48,18.5,18.58,19.48,18.51,12660009.0,240146501.0,13:14:45
000750,国海证券,4.32,-0.02,-0.461,4.32,4.33,4.34,4.34,4.37,4.29,79993342.0,346737571.0,13:14:45
000751,锌业股份,6.24,0.52,9.091,6.24,6.25,5.72,6.05,6.29,6.05,277175804.0,1722354033.0,13:14:45
000752,ST西发,10.99,0.03,0.274,10.97,10.98,10.96,10.97,11.04,10.76,2994712.0,32569934.0,13:14:45
000753,漳州发展,7.48,-0.22,-2.857,7.47,7.48,7.7,7.75,7.75,7.47,28303800.0,214091541.0,13:14:45
000755,山西高速,5.32,0.02,0.377,5.32,5.33,5.3,5.29,5.34,5.24,5967491.0,31616282.0,13:14:45
000756,新华制药,17.01,0.75,4.613,17.01,17.02,16.26,16.5,17.12,16.38,34520209.0,577259681.0,13:14:45
000757,浩物股份,5.21,-0.06,-1.139,5.2,5.21,5.27,5.26,5.28,5.16,8865300.0,46147676.0,13:14:45
000758,中色股份,8.67,0.58,7.169,8.67,8.68,8.09,8.28,8.9,8.23,210290212.0,1794455438.0,13:14:45
000759,中百集团,7.28,-0.38,-4.961,7.27,7.28,7.66,7.49,7.5,7.22,42798300.0,313510699.0,13:14:45
000761,本钢板材,3.62,0.07,1.972,3.62,3.63,3.55,3.55,3.82,3.55,27891400.0,101996340.0,13:14:45
000762,西藏矿业,30.14,0.29,0.972,30.14,30.15,29.85,30.2,30.66,29.9,31286203.0,946091518.0,13:14:45
000766,通化金马,26.02,-0.45,-1.7,26.02,26.05,26.47,26.58,26.63,25.77,11925108.0,311143835.0,13:14:45
000767,晋控电力,3.03,-0.03,-0.98,3.03,3.04,3.06,3.05,3.06,3.01,38588065.0,117301217.0,13:14:45
000768,中航西飞,29.39,-0.94,-3.099,29.38,29.39,30.33,30.68,30.74,29.35,43623802.0,1304280391.0,13:14:45
000776,广发证券,22.75,0.44,1.972,22.74,22.75,22.31,22.22,22.95,22.19,70281402.0,1595521783.0,13:14:45
000777,中核科技,26.14,-0.92,-3.4,26.14,26.15,27.06,26.94,27.05,26.12,14605036.0,387609567.0,13:14:45
000778,新兴铸管,4.72,0.05,1.071,4.72,4.73,4.67,4.67,4.78,4.62,87817212.0,410509520.0,13:14:45
000779,甘咨询,8.77,-0.11,-1.239,8.76,8.77,8.88,8.88,8.88,8.7,3658800.0,32095189.0,13:14:09
000782,恒申新材,5.72,0.02,0.351,5.72,5.73,5.7,5.68,5.85,5.61,15636212.0,89516825.0,13:14:45
000783,长江证券,8.77,0.08,0.921,8.77,8.78,8.69,8.66,8.9,8.65,79462394.0,697055880.0,13:14:45
000785,居然智家,3.16,-0.11,-3.364,3.16,3.17,3.27,3.25,3.26,3.16,86717438.0,276898731.0,13:14:45
000786,北新建材,27.74,0.29,1.056,27.74,27.75,27.45,27.5,28.36,27.4,23425743.0,654657046.0,13:14:45
000788,北大医药,6.75,0.17,2.584,6.74,6.75,6.58,6.61,6.8,6.56,36820486.0,245942140.0,13:14:45
000789,万年青,5.51,-0.02,-0.362,5.5,5.52,5.53,5.5,5.55,5.42,5986659.0,32877017.0,13:14:33
000790,华神科技,4.12,0.07,1.728,4.11,4.12,4.05,4.08,4.13,4.05,18120731.0,74013700.0,13:14:45
000791,甘肃能源,6.93,0.01,0.145,6.93,6.94,6.92,6.93,6.97,6.87,17690342.0,122559767.0,13:14:45
000792,盐湖股份,36.07,0.47,1.32,36.07,36.08,35.6,35.8,37.38,35.61,120483629.0,4401439394.0,13:14:45
000793,ST华闻,2.78,0.04,1.46,2.77,2.78,2.74,2.72,2.81,2.68,21477401.0,58529079.0,13:14:42
000795,英洛华,10.62,-0.04,-0.375,10.62,10.63,10.66,10.7,10.74,10.59,18805977.0,200345229.0,13:14:45
000796,凯撒旅业,6.1,-0.18,-2.866,6.1,6.11,6.28,6.26,6.26,6.08,49664817.0,305428933.0,13:14:45
000797,中国武夷,3.18,-0.14,-4.217,3.18,3.19,3.32,3.31,3.32,3.18,48735545.0,157152195.0,13:14:45
000798,中水渔业,10.62,-0.31,-2.836,10.61,10.62,10.93,10.93,10.93,10.61,9973200.0,106800845.0,13:14:45
000799,酒鬼酒,52.29,-0.92,-1.729,52.28,52.29,53.21,53.02,53.22,51.46,7440145.0,388984372.0,13:14:45
000800,一汽解放,6.99,-0.01,-0.143,6.98,6.99,7.0,7.0,7.02,6.95,10305122.0,71931232.0,13:14:45
000801,四川九洲,16.15,-0.64,-3.812,16.15,16.16,16.79,16.8,16.87,16.13,24325104.0,396465567.0,13:14:45
000802,北京文化,4.57,-0.09,-1.931,4.56,4.57,4.66,4.65,4.66,4.56,13557563.0,62280578.0,13:14:42
000803,山高环能,9.87,0.02,0.203,9.86,9.87,9.85,9.79,10.14,9.66,20219532.0,199472726.0,13:14:45
000807,云铝股份,33.62,0.98,3.002,33.62,33.64,32.64,33.0,34.08,33.0,77303501.0,2595052631.0,13:14:39
000809,和展能源,3.57,-0.03,-0.833,3.56,3.57,3.6,3.61,3.64,3.52,13438900.0,47806184.0,13:14:33
000810,创维数字,11.87,-0.53,-4.274,11.87,11.88,12.4,12.4,12.45,11.86,19184771.0,231534665.0,13:14:39
000811,冰轮环境,16.66,-0.15,-0.892,16.65,16.66,16.81,16.88,17.1,16.5,23947829.0,399970447.0,13:14:39
000812,陕西金叶,4.79,-0.06,-1.237,4.79,4.8,4.85,4.84,4.84,4.77,12661129.0,60780349.0,13:14:39
000813,德展健康,3.91,-0.05,-1.263,3.91,3.92,3.96,3.95,3.96,3.87,28838224.0,112522123.0,13:14:39
000815,美利云,12.15,0.18,1.504,12.14,12.15,11.97,12.1,12.35,12.01,20616391.0,251504625.0,13:14:39
000816,智慧农业,4.11,0.09,2.239,4.1,4.11,4.02,4.06,4.42,4.06,233852572.0,995932153.0,13:14:39
000818,航锦科技,21.37,0.1,0.47,21.35,21.36,21.27,21.25,21.9,21.21,19591610.0,421564636.0,13:14:39
000819,岳阳兴长,17.0,-0.17,-0.99,17.0,17.01,17.17,17.0,17.27,16.75,7766721.0,132142615.0,13:14:39
000820,*ST节能,4.03,-0.21,-4.953,0.0,4.03,4.24,4.3,4.32,4.03,9911600.0,40670265.0,13:13:30
000821,ST京机,13.19,0.63,5.016,13.19,0.0,12.56,13.19,13.19,12.88,47471846.0,624743570.0,13:14:33
000822,山东海化,5.89,0.04,0.684,5.88,5.89,5.85,5.86,5.99,5.82,15845340.0,93773602.0,13:14:39
000823,超声电子,14.79,-0.15,-1.004,14.78,14.79,14.94,15.06,15.06,14.62,18030368.0,266554901.0,13:14:39
000825,太钢不锈,5.5,-0.07,-1.257,5.5,5.51,5.57,5.58,5.65,5.49,87684757.0,486737449.0,13:14:39
000826,启迪环境,2.29,-0.04,-1.717,2.28,2.29,2.33,2.33,2.35,2.27,31600244.0,72750713.0,13:14:39
000828,东莞控股,10.98,-0.03,-0.272,10.98,10.99,11.01,11.02,11.06,10.91,5707318.0,62631530.0,13:14:39
000829,天音控股,10.76,-0.2,-1.825,10.76,10.77,10.96,10.9,10.99,10.71,20897701.0,226321138.0,13:14:39
000830,鲁西化工,19.06,-1.39,-6.797,19.06,19.07,20.45,20.0,20.1,18.96,47245028.0,917327903.0,13:14:39
000831,中国稀土,56.6,1.11,2.0,56.57,56.6,55.49,55.93,58.12,55.81,53859451.0,3071838430.0,13:14:39
000833,粤桂股份,23.35,0.05,0.215,23.35,23.36,23.3,23.6,23.99,22.81,46095072.0,1080041371.0,13:14:39
000837,秦川机床,13.16,-0.36,-2.663,13.16,13.17,13.52,13.56,13.62,13.16,17263024.0,231031632.0,13:14:39
000838,财信发展,2.88,-0.07,-2.373,2.87,2.88,2.95,2.95,2.97,2.86,20869879.0,60325981.0,13:14:39
000839,国安股份,2.89,0.0,0.0,2.89,2.9,2.89,2.9,2.93,2.87,78439736.0,227756085.0,13:14:39
000848,承德露露,8.55,-0.04,-0.466,8.55,8.56,8.59,8.59,8.61,8.5,7668941.0,65504755.0,13:14:39
000850,华茂股份,6.38,-0.04,-0.623,6.37,6.38,6.42,6.42,6.57,6.25,18908506.0,121500837.0,13:14:39
000852,石化机械,8.1,0.09,1.124,8.09,8.1,8.01,8.02,8.18,8.0,26116000.0,211303441.0,13:14:39
000856,冀东装备,10.68,-0.07,-0.651,10.68,10.69,10.75,10.79,10.8,10.61,3130150.0,33485503.0,13:14:39
000858,五 粮 液,102.1,-0.89,-0.864,102.12,102.13,102.99,102.96,103.5,101.06,22674274.0,2318117465.0,13:14:39
000859,国风新材,11.19,-1.15,-9.319,11.2,11.21,12.34,12.18,12.26,11.11,87817759.0,1023631692.0,13:14:39
000860,顺鑫农业,14.59,-0.21,-1.419,14.59,14.6,14.8,14.78,14.78,14.52,10183377.0,148765249.0,13:14:39
000862,银星能源,6.4,0.0,0.0,6.39,6.4,6.4,6.38,6.48,6.3,15881792.0,101427218.0,13:14:39
000863,三湘印象,6.07,-0.21,-3.344,6.06,6.07,6.28,6.29,6.29,5.89,39991498.0,240944579.0,13:14:39
000868,安凯客车,5.0,-0.07,-1.381,5.0,5.01,5.07,5.05,5.07,4.99,7260000.0,36392968.0,13:14:39
000869,张 裕Ａ,21.11,-0.04,-0.189,21.11,21.12,21.15,21.15,21.22,21.01,1048900.0,22143663.0,13:14:39
000875,吉电股份,6.92,-0.01,-0.144,6.92,6.93,6.93,6.89,7.05,6.83,98170901.0,681572182.0,13:14:39
000876,新 希 望,8.8,0.12,1.382,8.79,8.8,8.68,8.69,8.81,8.56,67495767.0,585087523.0,13:14:39
000877,天山股份,5.69,-0.03,-0.524,5.68,5.69,5.72,5.7,5.74,5.66,16645680.0,94860108.0,13:14:39
000878,云南铜业,24.82,1.31,5.572,24.81,24.82,23.51,24.37,25.34,24.3,130511416.0,3247357060.0,13:14:39
000880,潍柴重机,36.81,-1.44,-3.765,36.81,36.82,38.25,38.99,40.38,36.75,53348318.0,2058457769.0,13:14:39
000881,中广核技,9.24,-0.06,-0.645,9.23,9.24,9.3,9.3,9.41,9.19,19370845.0,180082993.0,13:14:39
000882,华联股份,2.02,-0.01,-0.493,2.01,2.02,2.03,2.03,2.04,2.01,50298200.0,101736604.0,13:14:39
000883,湖北能源,4.66,-0.01,-0.214,4.65,4.66,4.67,4.66,4.67,4.63,19835300.0,92274662.0,13:14:39
000885,城发环境,14.24,0.02,0.141,14.24,14.25,14.22,14.22,14.33,14.1,5147430.0,73052388.0,13:14:39
000886,海南高速,6.47,-0.11,-1.672,6.46,6.47,6.58,6.57,6.58,6.43,19165200.0,124237358.0,13:14:39
000887,中鼎股份,22.14,-1.2,-5.141,22.13,22.14,23.34,23.28,23.48,22.13,46430546.0,1048122961.0,13:14:39
000888,峨眉山Ａ,13.51,-0.09,-0.662,13.51,13.52,13.6,13.55,13.63,13.43,8589602.0,116216939.0,13:14:39
000889,中嘉博创,3.67,-0.16,-4.178,3.66,3.68,3.83,3.83,3.83,3.65,21150791.0,78752417.0,13:14:39
000890,法尔胜,5.31,-0.21,-3.804,5.31,5.32,5.52,5.54,5.55,5.31,15607200.0,83980327.0,13:14:39
000892,欢瑞世纪,8.03,-0.35,-4.177,8.03,8.04,8.38,8.38,8.58,8.02,34507000.0,284405911.0,13:14:39
000893,亚钾国际,58.28,-1.54,-2.574,58.28,58.29,59.82,59.43,60.96,58.18,11836700.0,702625910.0,13:14:39
000895,双汇发展,25.64,0.12,0.47,25.63,25.64,25.52,25.51,25.73,25.21,11290808.0,287815660.0,13:14:39
000897,津滨发展,2.33,-0.01,-0.427,2.32,2.33,2.34,2.34,2.35,2.3,28284858.0,65681148.0,13:14:39
000898,鞍钢股份,2.68,0.01,0.375,2.67,2.68,2.67,2.69,2.74,2.66,60756782.0,163828589.0,13:14:39
000899,赣能股份,10.91,-0.05,-0.456,10.91,10.92,10.96,11.01,11.09,10.87,8570700.0,93785160.0,13:14:39
000900,现代投资,4.27,0.02,0.471,4.26,4.27,4.25,4.27,4.27,4.21,10390798.0,44101897.0,13:14:39
000901,航天科技,25.52,-2.27,-8.168,25.51,25.52,27.79,27.3,27.3,25.46,60252507.0,1576093810.0,13:14:39
000902,新洋丰,17.01,0.18,1.07,17.01,17.02,16.83,16.88,17.25,16.83,12834800.0,218749685.0,13:14:39
000903,ST云动,2.66,-0.05,-1.845,2.66,2.67,2.71,2.7,2.71,2.65,22495615.0,60164441.0,13:14:39
000905,厦门港务,13.02,-0.32,-2.399,13.02,13.03,13.34,13.34,13.35,12.88,19204458.0,249949782.0,13:14:39
000906,浙商中拓,6.2,0.06,0.977,6.19,6.2,6.14,6.14,6.22,6.11,6469952.0,39853897.0,13:14:39
000908,*ST景峰,7.74,0.07,0.913,7.73,7.74,7.67,7.55,7.78,7.46,11614720.0,88028552.0,13:14:39
000909,ST数源,5.68,-0.09,-1.56,5.68,5.69,5.77,5.8,5.8,5.64,2242300.0,12759428.0,13:14:21
000910,大亚圣象,7.76,-0.02,-0.257,7.76,7.77,7.78,7.78,7.8,7.71,4090100.0,31723171.0,13:14:39
000911,广农糖业,7.68,0.08,1.053,7.68,7.69,7.6,7.6,7.85,7.5,10823301.0,82785507.0,13:14:36
000912,泸天化,4.51,0.02,0.445,4.51,4.52,4.49,4.49,4.55,4.46,13372751.0,60316008.0,13:14:39
000913,钱江摩托,15.66,-0.31,-1.941,15.66,15.67,15.97,15.96,15.96,15.61,5323900.0,83810996.0,13:14:39
000915,华特达因,32.13,-0.24,-0.741,32.11,32.13,32.37,32.48,32.49,31.9,3066202.0,98451399.0,13:14:39
000917,电广传媒,11.44,-0.42,-3.541,11.44,11.45,11.86,11.88,11.93,11.38,69063688.0,801364283.0,13:14:39
000919,金陵药业,8.01,-0.02,-0.249,8.01,8.02,8.03,8.06,8.09,7.95,9504501.0,76138996.0,13:14:39
000920,沃顿科技,13.64,0.12,0.888,13.64,13.65,13.52,13.49,13.85,13.3,8315820.0,112613205.0,13:14:39
000921,海信家电,24.09,-0.47,-1.914,24.09,24.1,24.56,24.46,24.55,24.06,9841766.0,238196114.0,13:14:39
000922,佳电股份,14.58,-0.35,-2.344,14.58,14.59,14.93,14.96,15.13,14.56,15253215.0,226726295.0,13:14:39
000923,河钢资源,25.73,0.71,2.838,25.73,25.74,25.02,25.76,26.52,25.4,24827178.0,642039412.0,13:14:39
000925,众合科技,9.16,-0.28,-2.966,9.16,9.17,9.44,9.41,9.41,9.12,26850435.0,247918723.0,13:14:39
000926,福星股份,2.35,-0.04,-1.674,2.35,2.36,2.39,2.4,2.45,2.32,42343004.0,100759325.0,13:14:39
000927,中国铁物,2.84,-0.03,-1.045,2.84,2.85,2.87,2.88,2.9,2.84,100230501.0,286661377.0,13:14:39
000928,中钢国际,6.81,0.01,0.147,6.81,6.82,6.8,6.84,6.87,6.75,24734287.0,168586982.0,13:14:39
000929,*ST兰黄,10.41,-0.55,-5.018,0.0,10.41,10.96,10.97,10.97,10.41,4977100.0,52221896.0,13:14:36
000930,中粮科技,6.54,0.15,2.347,6.53,6.54,6.39,6.38,6.67,6.33,37072973.0,239350981.0,13:14:39
000931,中 关 村,5.23,0.0,0.0,5.23,5.24,5.23,5.22,5.26,5.18,9160077.0,47810864.0,13:14:36
000932,华菱钢铁,6.12,-0.04,-0.649,6.12,6.13,6.16,6.2,6.28,6.12,87406718.0,541749019.0,13:14:39
000933,神火股份,32.95,1.02,3.194,32.96,32.99,31.93,32.61,33.6,32.36,31937087.0,1051696324.0,13:14:39
000935,四川双马,27.02,-0.42,-1.531,27.02,27.03,27.44,27.34,27.38,27.0,4304234.0,116867104.0,13:14:39
000936,华西股份,8.71,-0.22,-2.464,8.71,8.72,8.93,8.92,9.09,8.69,34273275.0,303586211.0,13:14:39
000937,冀中能源,5.53,0.02,0.363,5.53,5.54,5.51,5.51,5.57,5.48,18965586.0,104696099.0,13:14:39
000938,紫光股份,25.97,-0.59,-2.221,25.96,25.97,26.56,26.53,27.08,25.92,60977243.0,1608727985.0,13:14:39
000948,南天信息,17.28,-0.59,-3.302,17.28,17.29,17.87,17.83,17.86,17.28,7507803.0,131412751.0,13:14:39
000949,新乡化纤,7.02,-0.23,-3.172,7.02,7.03,7.25,7.21,7.28,7.01,61582546.0,438733208.0,13:14:39
000950,重药控股,6.49,0.06,0.933,6.49,6.5,6.43,6.53,6.56,6.34,56626589.0,363740080.0,13:14:39
000951,中国重汽,17.69,0.14,0.798,17.69,17.7,17.55,17.61,17.92,17.61,11510123.0,204609802.0,13:14:39
000952,广济药业,7.82,0.15,1.956,7.81,7.82,7.67,7.74,7.94,7.57,14838481.0,115206764.0,13:14:39
000953,河化股份,7.38,0.04,0.545,7.37,7.38,7.34,7.34,7.47,7.31,8038300.0,59478039.0,13:14:39
000955,欣龙控股,5.74,-0.08,-1.375,5.74,5.75,5.82,5.82,5.89,5.67,15715300.0,90345398.0,13:14:39
000957,中通客车,11.61,-0.23,-1.943,11.61,11.62,11.84,11.88,11.88,11.6,12074810.0,141280322.0,13:14:39
000958,电投产融,6.7,-0.09,-1.325,6.7,6.71,6.79,6.78,6.83,6.7,27519270.0,185595100.0,13:14:39
000959,首钢股份,5.68,0.02,0.353,5.68,5.69,5.66,5.72,5.85,5.65,48554568.0,279262540.0,13:14:39
000960,锡业股份,45.51,3.53,8.409,45.51,45.52,41.98,44.35,46.18,44.22,53058207.0,2410732529.0,13:14:39
000962,东方钽业,39.19,0.28,0.72,39.18,39.2,38.91,39.97,41.02,39.07,23945455.0,961769913.0,13:14:39
000963,华东医药,37.65,-0.03,-0.08,37.65,37.66,37.68,37.7,37.85,37.28,7708177.0,288727957.0,13:14:39
000965,天保基建,4.1,-0.05,-1.205,4.1,4.11,4.15,4.13,4.14,4.07,22486310.0,92238228.0,13:14:39
000966,长源电力,4.52,-0.02,-0.441,4.52,4.53,4.54,4.53,4.56,4.48,33161000.0,150234541.0,13:14:39
000967,盈峰环境,7.32,-0.43,-5.548,7.32,7.33,7.75,7.75,7.78,7.32,34556599.0,258860801.0,13:14:39
000968,蓝焰控股,8.12,0.17,2.138,8.12,8.13,7.95,8.09,8.33,8.01,50464368.0,411491792.0,13:14:39
000969,安泰科技,25.19,-1.03,-3.928,25.18,25.19,26.22,26.06,26.15,25.15,48294048.0,1234800725.0,13:14:39
000970,中科三环,14.61,-0.05,-0.341,14.61,14.62,14.66,14.68,14.82,14.54,32113162.0,470922938.0,13:14:39
000972,*ST中基,3.94,-0.11,-2.716,3.94,3.95,4.05,3.99,4.01,3.89,12256300.0,48407402.0,13:14:33
000973,佛塑科技,12.72,-0.29,-2.229,12.71,12.72,13.01,13.01,13.03,12.6,28169550.0,360831612.0,13:14:39
000975,山金国际,36.02,1.47,4.255,36.04,36.06,34.55,35.9,37.58,35.74,40782319.0,1488595986.0,13:14:39
000977,浪潮信息,65.32,0.44,0.678,65.31,65.32,64.88,65.09,68.06,65.09,55225644.0,3679150235.0,13:14:39
000978,桂林旅游,7.19,-0.09,-1.236,7.19,7.2,7.28,7.27,7.32,7.11,8536320.0,61358390.0,13:14:39
000980,众泰汽车,3.51,0.05,1.445,3.52,3.53,3.46,3.52,3.72,3.5,142507267.0,512483335.0,13:14:39
000981,山子高科,4.73,-0.29,-5.777,4.72,4.73,5.02,5.02,5.09,4.71,699917039.0,3394062966.0,13:14:39
000983,山西焦煤,6.97,0.07,1.014,6.97,6.98,6.9,6.89,7.02,6.88,51958064.0,362185732.0,13:14:39
000985,大庆华科,21.19,0.26,1.242,21.16,21.2,20.93,20.91,21.38,20.76,2113200.0,44544373.0,13:14:39
000987,越秀资本,11.41,0.28,2.516,11.4,11.41,11.13,11.55,12.24,11.32,243205787.0,2888233685.0,13:14:39
000988,华工科技,78.1,-0.13,-0.166,78.09,78.1,78.23,78.0,80.0,77.57,25218663.0,1985078830.0,13:14:39
000989,九芝堂,9.09,0.08,0.888,9.08,9.09,9.01,9.01,9.14,8.94,8697787.0,78507075.0,13:14:39
000990,诚志股份,9.01,-0.2,-2.172,9.0,9.01,9.21,9.16,9.27,8.89,62545580.0,563573485.0,13:14:39
000993,闽东电力,12.8,-0.1,-0.775,12.8,12.81,12.9,12.86,13.09,12.8,15370284.0,199280701.0,13:14:39
000995,皇台酒业,12.71,-0.25,-1.929,12.7,12.71,12.96,12.9,12.93,12.65,3745600.0,47805164.0,13:14:39
000997,新 大 陆,28.34,-0.31,-1.082,28.34,28.35,28.65,28.67,29.14,27.93,15207620.0,432992291.0,13:14:39
000998,隆平高科,9.69,0.06,0.623,9.68,9.69,9.63,9.62,9.74,9.59,17609023.0,170407505.0,13:14:33
000999,华润三九,28.68,0.34,1.2,28.68,28.69,28.34,28.34,28.73,28.34,7681413.0,219136804.0,13:14:39
001201,东瑞股份,15.05,0.14,0.939,15.04,15.05,14.91,14.91,15.15,14.91,3064772.0,46058040.0,13:14:39
001202,炬申股份,18.32,-1.98,-9.754,18.31,18.32,20.3,19.48,19.48,18.31,15648997.0,293057781.0,13:14:39
001203,大中矿业,33.35,0.2,0.603,33.32,33.34,33.15,33.0,34.98,33.0,57062377.0,1939514374.0,13:14:39
001205,盛航股份,16.22,-0.25,-1.518,16.21,16.22,16.47,16.45,16.45,16.22,2263400.0,36853727.0,13:14:36
001206,依依股份,27.99,-0.48,-1.686,27.98,28.0,28.47,28.45,28.53,27.91,1521740.0,42841639.0,13:14:36
001207,联科科技,28.29,0.64,2.315,28.29,28.31,27.65,27.9,28.64,27.66,6587300.0,185655752.0,13:14:36
001208,华菱线缆,23.69,-1.23,-4.936,23.68,23.69,24.92,25.3,25.39,23.67,37122900.0,905078863.0,13:14:39
001209,洪兴股份,20.8,-0.44,-2.072,20.8,20.81,21.24,21.38,21.38,20.74,1771800.0,37019213.0,13:14:33
001210,金房能源,22.34,-0.33,-1.456,22.33,22.34,22.67,22.52,22.79,22.22,1796834.0,40348827.0,13:14:36
001211,双枪科技,29.52,-0.78,-2.574,29.52,29.53,30.3,30.33,30.55,29.45,1491100.0,44497025.0,13:14:39
001212,中旗新材,54.39,0.72,1.342,54.32,54.37,53.67,53.18,56.3,52.5,9443981.0,516650405.0,13:14:39
001213,中铁特货,4.19,-0.02,-0.475,4.19,4.2,4.21,4.2,4.22,4.17,15001790.0,62920521.0,13:14:39
001215,千味央厨,45.53,0.41,0.909,45.53,45.55,45.12,45.32,46.67,45.13,2476700.0,113849485.0,13:14:36
001216,华瓷股份,18.13,-0.26,-1.414,18.12,18.13,18.39,18.37,18.66,18.1,4484700.0,82097458.0,13:14:39
001217,华尔泰,13.36,-0.27,-1.981,13.36,13.37,13.63,13.57,13.62,13.35,6657900.0,89687829.0,13:14:39
001218,丽臣实业,25.2,-0.21,-0.826,25.18,25.2,25.41,25.38,25.4,24.8,1484574.0,37167821.0,13:14:39
001219,青岛食品,14.83,-0.03,-0.202,14.83,14.84,14.86,14.85,14.94,14.66,2605630.0,38540159.0,13:14:39
001221,悍高集团,69.31,1.36,2.001,69.31,69.4,67.95,67.77,71.0,67.2,3025843.0,209636168.0,13:14:39
001222,源飞宠物,23.4,-0.38,-1.598,23.37,23.4,23.78,23.78,23.86,23.29,1304939.0,30622744.0,13:14:39
001223,欧克科技,57.41,-4.67,-7.523,57.41,57.42,62.08,63.19,63.5,57.22,3508460.0,206642016.0,13:14:39
001225,和泰机电,79.51,1.34,1.714,79.51,79.57,78.17,78.22,83.0,77.1,1158600.0,93300213.0,13:14:39
001226,拓山重工,49.65,-1.23,-2.417,49.63,49.7,50.88,50.77,51.58,49.6,916400.0,45965364.0,13:14:39
001227,兰州银行,2.32,0.0,0.0,2.32,2.33,2.32,2.33,2.33,2.31,38655603.0,89629579.0,13:14:39
001228,永泰运,30.33,-0.29,-0.947,30.33,30.36,30.62,30.86,31.04,29.65,2233400.0,67360035.0,13:14:39
001229,魅视科技,39.81,-1.33,-3.233,39.8,39.81,41.14,41.13,41.13,39.7,1427600.0,57377640.0,13:14:33
001230,劲旅环境,23.75,-0.11,-0.461,23.75,23.76,23.86,23.96,23.99,23.44,1978899.0,46934255.0,13:14:39
001231,农心科技,24.52,-0.2,-0.809,24.51,24.52,24.72,24.73,24.79,24.5,1883700.0,46386300.0,13:14:39
001233,海安集团,85.39,1.78,2.129,85.37,85.4,83.61,83.99,86.3,82.3,2930646.0,247740767.0,13:14:39
001234,泰慕士,27.51,-0.61,-2.169,27.51,27.52,28.12,28.15,28.15,27.51,1375900.0,38081040.0,13:14:36
001236,弘业期货,10.23,-0.17,-1.635,10.23,10.24,10.4,10.38,10.44,10.18,7870800.0,80769574.0,13:14:39
001238,浙江正特,56.53,-0.88,-1.533,56.19,56.62,57.41,57.44,58.49,55.5,710250.0,40373547.0,13:14:30
001239,永达股份,17.07,-0.19,-1.101,17.05,17.06,17.26,17.28,17.32,16.98,3440800.0,58805779.0,13:14:33
001255,博菲电气,39.81,-2.06,-4.92,39.8,39.81,41.87,41.4,41.4,39.55,4356700.0,175397193.0,13:14:39
001256,炜冈科技,22.26,-0.15,-0.669,22.26,22.28,22.41,22.48,22.71,22.26,1586700.0,35534625.0,13:14:39
001258,立新能源,7.73,-0.06,-0.77,7.72,7.73,7.79,7.81,7.83,7.72,7657800.0,59522540.0,13:14:39
001259,利仁科技,31.95,-0.24,-0.746,31.9,31.95,32.19,32.23,32.39,31.56,1146200.0,36823651.0,13:14:39
001260,坤泰股份,23.67,-1.37,-5.471,23.66,23.67,25.04,25.04,25.79,23.62,4595900.0,113980036.0,13:14:48
001266,宏英智能,33.86,-0.69,-1.997,33.86,33.87,34.55,34.55,34.97,33.83,1882560.0,64390958.0,13:14:48
001267,汇绿生态,25.9,1.83,7.603,25.9,25.92,24.07,24.01,25.98,24.01,38795500.0,974291372.0,13:14:48
001268,联合精密,35.28,-0.6,-1.672,35.26,35.29,35.88,35.88,36.26,35.08,1338450.0,47454712.0,13:14:27
001269,欧晶科技,25.08,-0.47,-1.84,25.07,25.08,25.55,25.87,26.1,25.03,3317540.0,84117187.0,13:14:48
001270,*ST铖昌,143.02,6.81,5.0,143.02,0.0,136.21,143.02,143.02,143.02,696792.0,99655192.0,13:14:48
001277,速达股份,46.31,4.21,10.0,46.31,0.0,42.1,42.1,46.31,41.5,2483804.0,112396757.0,13:14:30
001278,一彬科技,20.99,-0.46,-2.145,20.99,21.0,21.45,21.6,21.65,20.96,2621000.0,55664768.0,13:14:48
001279,强邦新材,35.8,-0.02,-0.056,35.8,35.82,35.82,35.99,36.09,35.75,520387.0,18665940.0,13:14:48
001280,中国铀业,99.5,8.78,9.678,99.44,99.5,90.72,90.91,99.56,89.19,34528797.0,3311200810.0,13:14:48
001282,三联锻造,22.0,-0.65,-2.87,21.98,22.0,22.65,22.78,22.78,21.97,2937189.0,65138340.0,13:14:45
001283,豪鹏科技,71.63,-2.23,-3.019,71.62,71.65,73.86,74.0,74.08,71.58,3196858.0,231199907.0,13:14:48
001285,瑞立科密,61.35,-0.8,-1.287,61.33,61.37,62.15,62.17,63.05,60.88,3032657.0,188127519.0,13:14:45
001286,陕西能源,9.92,0.04,0.405,9.92,9.93,9.88,9.89,9.98,9.79,13980392.0,138384632.0,13:14:48
001287,中电港,25.14,-1.24,-4.701,25.13,25.15,26.38,26.41,26.43,25.08,32713552.0,835208331.0,13:14:48
001288,运机集团,38.15,3.47,10.006,38.15,0.0,34.68,34.98,38.15,34.5,4409528.0,165098567.0,13:14:36
001289,龙源电力,15.87,0.07,0.443,15.86,15.87,15.8,15.82,15.99,15.81,4139189.0,65822761.0,13:14:48
001296,长江材料,29.31,-0.69,-2.3,29.3,29.31,30.0,29.88,30.46,29.22,6969000.0,207430758.0,13:14:48
001298,好上好,31.85,-1.22,-3.689,31.83,31.85,33.07,32.74,32.94,31.8,9693761.0,312873133.0,13:14:48
001299,美能能源,13.28,-0.02,-0.15,13.28,13.29,13.3,13.13,13.43,13.13,4483743.0,59604127.0,13:14:42
001300,三柏硕,17.23,-0.53,-2.984,17.22,17.23,17.76,17.86,17.86,17.15,2815600.0,48831089.0,13:14:45
001301,尚太科技,77.27,-4.49,-5.492,77.27,77.29,81.76,81.95,82.01,76.88,5749300.0,449617956.0,13:14:48
001306,夏厦精密,86.43,-2.33,-2.625,86.43,86.45,88.76,90.0,93.48,86.3,1355079.0,120148411.0,13:14:45
001308,康冠科技,21.87,-0.43,-1.928,21.87,21.88,22.3,22.38,22.39,21.78,2592593.0,56952054.0,13:14:48
001309,德明利,275.25,-3.45,-1.238,275.25,275.8,278.7,278.71,284.0,268.24,7954068.0,2184653492.0,13:14:48
001311,多利科技,40.73,1.43,3.639,40.73,40.76,39.3,40.01,42.21,39.78,8365162.0,343140530.0,13:14:48
001313,粤海饲料,8.01,0.19,2.43,8.0,8.01,7.82,7.82,8.08,7.8,11393398.0,90854534.0,13:14:48
001314,亿道信息,48.35,-0.06,-0.124,48.33,48.34,48.41,48.76,48.9,47.8,3765025.0,181889568.0,13:14:45
001316,润贝航科,47.7,-5.3,-10.0,0.0,47.7,53.0,52.98,53.5,47.7,7916495.0,390670776.0,13:14:45
001317,三羊马,49.24,-1.89,-3.696,49.22,49.26,51.13,50.8,51.2,49.05,2676326.0,133507774.0,13:14:48
001318,阳光乳业,15.57,-0.45,-2.809,15.57,15.58,16.02,15.92,15.92,15.57,4595600.0,72150434.0,13:14:45
001319,铭科精技,29.83,-0.15,-0.5,29.82,29.83,29.98,30.1,31.17,29.8,5707506.0,174235633.0,13:14:48
001322,箭牌家居,8.53,-0.12,-1.387,8.52,8.53,8.65,8.64,8.64,8.43,4962100.0,42305458.0,13:14:48
001323,慕思股份,26.37,-0.23,-0.865,26.37,26.38,26.6,26.63,26.69,26.18,850160.0,22416987.0,13:14:48
001324,长青科技,19.25,-0.16,-0.824,19.21,19.24,19.41,19.47,19.53,19.07,1811338.0,34861824.0,13:14:39
001325,元创股份,52.14,0.6,1.164,52.13,52.15,51.54,51.52,52.48,51.39,1767726.0,91971945.0,13:14:45
001326,联域股份,52.47,0.56,1.079,52.3,52.44,51.91,51.96,53.1,51.53,1276578.0,66662119.0,13:14:45
001328,登康口腔,40.01,-0.54,-1.332,40.01,40.03,40.55,40.58,40.99,40.0,955967.0,38561632.0,13:14:48
001330,博纳影业,9.69,0.37,3.97,9.68,9.69,9.32,9.32,9.87,9.23,112408400.0,1084562594.0,13:14:48
001331,胜通能源,54.66,-4.28,-7.262,54.66,54.67,58.94,59.48,61.78,54.0,8995401.0,517081118.0,13:14:45
001332,锡装股份,58.85,-1.51,-2.502,58.85,58.91,60.36,60.49,62.1,58.77,1085785.0,65009010.0,13:14:48
001333,光华股份,25.95,0.59,2.326,25.94,25.95,25.36,25.57,26.23,25.24,3206769.0,82789626.0,13:14:48
001335,信凯科技,54.39,0.64,1.191,54.38,54.41,53.75,54.1,54.98,53.31,1419604.0,77153015.0,13:14:48
001336,楚环科技,27.11,0.0,0.0,27.07,27.11,27.11,27.24,27.24,26.58,1609300.0,43232261.0,13:14:48
001337,四川黄金,55.25,5.02,9.994,55.25,0.0,50.23,53.7,55.25,52.56,33297627.0,1813694246.0,13:14:48
001338,永顺泰,12.79,0.1,0.788,12.78,12.79,12.69,12.72,12.85,12.58,6268034.0,79824016.0,13:14:45
001339,智微智能,54.04,-1.43,-2.578,54.03,54.04,55.47,55.73,56.14,53.93,3556200.0,195404363.0,13:14:48
001356,富岭股份,13.17,-0.28,-2.082,13.16,13.18,13.45,13.4,13.45,13.17,5184405.0,68813451.0,13:14:45
001358,兴欣新材,28.48,-0.6,-2.063,28.42,28.48,29.08,28.87,28.98,28.01,1693660.0,48141943.0,13:14:39
001359,平安电工,78.88,2.08,2.708,78.73,78.87,76.8,76.03,79.97,76.03,1641186.0,128199076.0,13:14:45
001360,南矿集团,28.81,1.78,6.585,28.8,28.81,27.03,27.86,29.69,27.27,13348831.0,378978164.0,13:14:48
001366,播恩集团,14.33,0.0,0.0,14.31,14.33,14.33,14.31,14.48,14.2,2331337.0,33364495.0,13:14:48
001367,海森药业,24.46,0.21,0.866,24.43,24.46,24.25,24.25,24.5,24.25,1122898.0,27384429.0,13:14:48
001368,通达创智,28.78,-0.12,-0.415,28.79,28.81,28.9,28.9,29.62,28.32,2199867.0,63753283.0,13:14:48
001369,双欣环保,15.12,-0.17,-1.112,15.11,15.12,15.29,15.24,15.26,15.09,10459811.0,158562657.0,13:14:48
001373,翔腾新材,43.19,-1.16,-2.616,43.16,43.23,44.35,44.21,46.5,41.8,2319200.0,100057487.0,13:14:45
001376,百通能源,21.27,0.05,0.236,21.28,21.31,21.22,21.23,22.56,20.8,17116305.0,372089435.0,13:14:48
001378,德冠新材,24.87,-0.06,-0.241,24.86,24.88,24.93,24.86,25.05,24.68,984500.0,24432308.0,13:14:24
001379,腾达科技,25.61,0.11,0.431,25.6,25.61,25.5,25.91,26.63,25.56,16514078.0,430982601.0,13:14:48
001380,华纬科技,24.36,-0.37,-1.496,24.36,24.37,24.73,24.73,24.95,24.36,2312207.0,56774224.0,13:14:45
001382,新亚电缆,21.4,-0.16,-0.742,21.4,21.42,21.56,21.5,21.7,21.38,2731844.0,58747552.0,13:14:45
001386,马可波罗,23.76,-0.43,-1.778,23.75,23.76,24.19,24.1,24.39,23.68,6322991.0,151668635.0,13:14:48
001387,雪祺电气,14.8,-0.1,-0.671,14.78,14.8,14.9,14.91,14.93,14.7,3089210.0,45708456.0,13:14:45
001388,信通电子,45.63,-0.08,-0.175,45.62,45.63,45.71,45.41,46.0,44.68,1723590.0,78156907.0,13:14:48
001389,广合科技,102.3,2.64,2.649,102.3,102.34,99.66,99.33,106.55,98.68,13334024.0,1384577049.0,13:14:48
001390,古麒绒材,24.74,-0.51,-2.02,24.73,24.74,25.25,25.24,25.26,24.73,2921007.0,72750931.0,13:14:39
001391,国货航,5.97,-0.07,-1.159,5.97,5.98,6.04,6.0,6.01,5.95,22668599.0,135341395.0,13:14:48
001395,亚联机械,44.81,0.42,0.946,44.8,44.81,44.39,44.88,46.25,44.71,1504865.0,67945914.0,13:14:48
001396,誉帆科技,42.3,0.11,0.261,42.3,42.31,42.19,42.12,42.52,41.87,1376693.0,58141654.0,13:14:45
001400,江顺科技,109.41,-12.16,-10.002,0.0,109.41,121.57,126.23,128.13,109.41,3750659.0,444720009.0,13:14:48
001696,宗申动力,22.06,-0.79,-3.457,22.05,22.06,22.85,22.81,22.81,22.04,23264942.0,519462036.0,13:14:48
001872,招商港口,19.53,0.15,0.774,19.53,19.54,19.38,19.42,19.62,19.31,2114789.0,41153384.0,13:14:45
001896,豫能控股,6.44,0.04,0.625,6.44,6.45,6.4,6.4,6.55,6.37,39553740.0,256105906.0,13:14:48
001914,招商积余,11.6,-0.15,-1.277,11.6,11.61,11.75,11.8,11.83,11.54,6538600.0,76094257.0,13:14:45
001965,招商公路,9.47,0.05,0.531,9.47,9.48,9.42,9.43,9.49,9.38,11598176.0,109430193.0,13:14:48
001979,招商蛇口,9.8,-0.07,-0.709,9.8,9.81,9.87,9.86,9.98,9.7,56929022.0,559679102.0,13:14:48
002001,新 和 成,27.95,0.0,0.0,27.94,27.95,27.95,27.83,28.55,27.6,34234334.0,959980970.0,13:14:48
002003,伟星股份,10.19,0.0,0.0,10.17,10.19,10.19,10.2,10.22,10.0,13895961.0,140826845.0,13:14:48
002004,华邦健康,5.95,0.3,5.31,5.95,5.96,5.65,5.82,6.08,5.7,130127181.0,763286936.0,13:14:48
002005,ST德豪,3.07,-0.07,-2.229,3.07,3.08,3.14,3.17,3.23,3.06,27283800.0,85891502.0,13:14:48
002006,精工科技,22.69,-0.89,-3.774,22.69,22.71,23.58,23.58,23.74,22.66,20871739.0,482133635.0,13:14:39
002007,华兰生物,16.42,0.81,5.189,16.41,16.42,15.61,15.71,16.5,15.62,49208871.0,791015900.0,13:14:39
002008,大族激光,51.45,0.0,0.0,51.45,51.48,51.45,51.12,52.6,50.45,26481265.0,1364217111.0,13:14:39
002009,天奇股份,26.11,2.37,9.983,26.11,0.0,23.74,26.11,26.11,26.11,6351340.0,165833487.0,13:14:39
002010,传化智联,6.86,-0.25,-3.516,6.86,6.87,7.11,7.07,7.13,6.8,62698339.0,434072684.0,13:14:39
002011,盾安环境,13.24,-0.31,-2.288,13.23,13.24,13.55,13.55,13.62,13.22,15445900.0,206504072.0,13:14:39
002012,凯恩股份,6.18,-0.06,-0.962,6.17,6.18,6.24,6.24,6.26,6.16,6102400.0,37858354.0,13:14:39
002014,永新股份,12.1,-0.01,-0.083,12.09,12.11,12.11,12.18,12.25,12.05,2401632.0,29198305.0,13:14:36
002015,协鑫能科,10.97,-0.32,-2.834,10.97,10.98,11.29,11.34,11.42,10.96,28629067.0,318712908.0,13:14:39
002016,世荣兆业,6.27,0.05,0.804,6.26,6.27,6.22,6.25,6.37,6.2,10450700.0,65780936.0,13:14:39
002017,东信和平,23.58,-0.7,-2.883,23.57,23.58,24.28,24.27,24.45,23.4,20424123.0,486614311.0,13:14:39
002019,亿帆医药,12.86,0.04,0.312,12.86,12.87,12.82,12.84,12.95,12.56,12726800.0,162119375.0,13:14:39
002020,京新药业,17.73,-0.32,-1.773,17.73,17.74,18.05,18.1,18.1,17.53,13015134.0,229887492.0,13:14:39
002021,中捷资源,3.29,-0.07,-2.083,3.29,3.3,3.36,3.35,3.42,3.26,56912215.0,188977034.0,13:14:39
002022,科华生物,6.95,0.63,9.968,6.95,0.0,6.32,6.46,6.95,6.46,32336805.0,216112894.0,13:14:39
002023,海特高新,14.26,-0.46,-3.125,14.26,14.27,14.72,14.72,14.72,14.16,30385296.0,436669360.0,13:14:39
002024,ST易购,1.61,-0.02,-1.227,1.61,1.62,1.63,1.63,1.63,1.61,16053861.0,25925848.0,13:14:39
002025,航天电器,51.96,-3.87,-6.932,51.95,51.96,55.83,55.28,55.28,51.79,28462939.0,1509592643.0,13:14:39
002026,山东威达,16.82,0.17,1.021,16.81,16.82,16.65,16.79,17.29,16.66,18023352.0,305596921.0,13:14:39
002027,分众传媒,7.29,-0.15,-2.016,7.29,7.3,7.44,7.3,7.33,7.14,246826592.0,1791408001.0,13:14:39
002028,思源电气,190.52,1.96,1.039,190.52,190.55,188.56,187.52,194.57,187.1,8062336.0,1543710716.0,13:14:39
002029,七 匹 狼,12.38,-0.5,-3.882,12.39,12.41,12.88,12.79,12.86,12.35,17926092.0,225631064.0,13:14:39
002030,达安基因,7.01,0.64,10.047,7.01,0.0,6.37,7.0,7.01,6.88,47997179.0,336323691.0,13:14:39
002031,巨轮智能,7.94,-0.27,-3.289,7.94,7.95,8.21,8.24,8.28,7.93,77421260.0,624594765.0,13:14:39
002032,苏 泊 尔,44.31,0.09,0.204,44.31,44.35,44.22,44.21,44.59,44.12,1644549.0,72929549.0,13:14:39
002033,丽江股份,9.49,-0.09,-0.939,9.49,9.5,9.58,9.54,9.58,9.42,9969469.0,94607121.0,13:14:39
002034,旺能环境,17.07,-0.03,-0.175,17.06,17.07,17.1,17.1,17.14,16.92,2258086.0,38483537.0,13:14:39
002035,华帝股份,6.33,-0.04,-0.628,6.32,6.33,6.37,6.38,6.4,6.27,7525306.0,47569440.0,13:14:39
002036,联创电子,11.71,-0.61,-4.951,11.71,11.72,12.32,12.42,12.42,11.71,79730630.0,954911539.0,13:14:39
002037,保利联合,9.94,-0.14,-1.389,9.93,9.94,10.08,10.07,10.08,9.87,6888866.0,68663352.0,13:14:39
002038,双鹭药业,8.05,0.19,2.417,8.05,8.06,7.86,7.85,8.14,7.82,40064730.0,319362791.0,13:14:39
002039,黔源电力,17.98,-0.07,-0.388,17.98,17.99,18.05,18.05,18.1,17.97,4944251.0,89177469.0,13:14:39
002040,南 京 港,10.61,0.16,1.531,10.6,10.61,10.45,10.46,10.74,10.34,18169770.0,192325800.0,13:14:39
002041,登海种业,9.98,0.09,0.91,9.98,9.99,9.89,9.9,10.03,9.84,15267830.0,152081527.0,13:14:39
002042,华孚时尚,4.25,-0.07,-1.62,4.24,4.25,4.32,4.32,4.34,4.23,20891400.0,89286153.0,13:14:39
002043,兔 宝 宝,14.92,0.1,0.675,14.92,14.93,14.82,14.77,15.21,14.53,10673090.0,158096358.0,13:14:39
002044,美年健康,7.25,-0.48,-6.21,7.25,7.26,7.73,7.66,7.78,7.18,287321503.0,2129218806.0,13:14:39
002045,国光电器,14.4,-0.4,-2.703,14.4,14.41,14.8,14.77,14.79,14.4,14237126.0,206963717.0,13:14:39
002046,国机精工,44.55,-4.42,-9.026,44.56,44.58,48.97,48.12,48.33,44.2,26995090.0,1235236159.0,13:14:39
002047,*ST宝鹰,4.59,0.1,2.227,4.58,4.6,4.49,4.56,4.68,4.39,31402410.0,141796941.0,13:14:36
002048,宁波华翔,33.51,-1.65,-4.693,33.5,33.52,35.16,35.0,35.28,33.42,25047794.0,854632831.0,13:14:39
002049,紫光国微,84.83,-3.09,-3.515,84.81,84.83,87.92,87.93,87.95,84.37,30302938.0,2599137035.0,13:14:39
002050,三花智控,52.18,-1.86,-3.442,52.18,52.19,54.04,54.04,54.89,51.8,168830552.0,8954015418.0,13:14:39
002051,中工国际,8.85,-0.08,-0.896,8.85,8.86,8.93,8.9,8.93,8.8,10640890.0,94383034.0,13:14:39
002052,同洲电子,12.49,-0.34,-2.65,12.48,12.49,12.83,12.8,12.88,12.45,16698660.0,210244833.0,13:14:39
002053,云南能投,11.91,-0.49,-3.952,11.91,11.93,12.4,12.31,12.33,11.8,12974591.0,155264978.0,13:14:39
002054,德美化工,8.56,-0.04,-0.465,8.56,8.57,8.6,8.6,8.69,8.5,18947205.0,162990087.0,13:14:39
002055,ST得润,6.12,-0.01,-0.163,6.11,6.12,6.13,6.16,6.18,6.06,16809701.0,102756290.0,13:14:39
002056,横店东磁,21.37,-0.48,-2.197,21.37,21.38,21.85,21.83,21.9,21.27,26908557.0,578236415.0,13:14:39
002057,中钢天源,11.26,0.03,0.267,11.25,11.26,11.23,11.26,11.37,11.15,19825329.0,223342527.0,13:14:39
002058,*ST威尔,24.1,-0.58,-2.35,24.08,24.13,24.68,25.05,25.05,24.05,2100081.0,51153067.0,13:14:27
002059,云南旅游,5.47,-0.13,-2.321,5.47,5.48,5.6,5.59,5.59,5.46,17073000.0,93901697.0,13:14:33
002060,广东建工,3.82,-0.01,-0.261,3.82,3.83,3.83,3.84,3.85,3.78,20099661.0,76696344.0,13:14:39
002061,浙江交科,4.12,-0.02,-0.483,4.12,4.14,4.14,4.15,4.16,4.1,22152105.0,91456528.0,13:14:39
002062,宏润建设,10.04,-0.34,-3.276,10.04,10.05,10.38,10.34,10.36,9.89,33637502.0,339514428.0,13:14:36
002063,远光软件,6.74,-0.15,-2.177,6.73,6.74,6.89,6.89,6.92,6.72,44382668.0,300984271.0,13:14:39
002064,华峰化学,12.54,-0.24,-1.878,12.53,12.54,12.78,12.6,12.78,12.34,43641954.0,547058846.0,13:14:39
002065,东华软件,10.06,-0.01,-0.099,10.06,10.07,10.07,10.4,10.54,10.03,89031728.0,912349619.0,13:14:39
002066,瑞泰科技,20.94,-0.43,-2.012,20.94,20.95,21.37,21.58,21.58,20.8,3619574.0,76212478.0,13:14:39
002067,景兴纸业,5.68,-0.23,-3.892,5.67,5.68,5.91,5.9,5.94,5.67,73580880.0,424595139.0,13:14:39
002068,黑猫股份,9.17,0.04,0.438,9.17,9.18,9.13,9.16,9.27,8.9,17276742.0,156464696.0,13:14:39
002069,獐子岛,3.8,-0.06,-1.554,3.8,3.81,3.86,3.87,3.88,3.78,7475765.0,28557986.0,13:14:39
002072,凯瑞德,7.41,-0.17,-2.243,7.4,7.41,7.58,7.58,7.67,7.37,3623300.0,27089753.0,13:14:39
002073,软控股份,8.57,-0.13,-1.494,8.57,8.58,8.7,8.71,8.79,8.56,25500555.0,220343802.0,13:14:39
002074,国轩高科,40.44,-1.07,-2.578,40.44,40.45,41.51,42.0,42.1,40.41,42387490.0,1737977391.0,13:14:39
002075,沙钢股份,6.18,-0.07,-1.12,6.18,6.19,6.25,6.2,6.49,6.18,87141108.0,548580070.0,13:14:39
002076,*ST星光,2.5,0.12,5.042,2.5,0.0,2.38,2.39,2.5,2.39,32585657.0,80875596.0,13:14:39
002077,大港股份,17.24,-1.6,-8.493,17.24,17.25,18.84,18.15,18.35,17.2,59113878.0,1045193359.0,13:14:39
002078,太阳纸业,16.21,0.05,0.309,16.19,16.21,16.16,16.13,16.45,16.08,22280209.0,363684024.0,13:14:39
002079,苏州固锝,10.82,-0.29,-2.61,10.82,10.83,11.11,11.03,11.15,10.82,46223421.0,505472411.0,13:14:39
002080,中材科技,39.0,-0.67,-1.689,38.98,39.07,39.67,38.96,39.8,38.8,23700665.0,929552162.0,13:14:39
002081,金 螳 螂,3.7,-0.07,-1.857,3.7,3.71,3.77,3.76,3.78,3.68,34978850.0,129693059.0,13:14:39
002082,万邦德,16.61,-0.28,-1.658,16.6,16.61,16.89,16.8,16.94,16.5,6969900.0,116479567.0,13:14:39
002083,孚日股份,12.04,-0.4,-3.215,12.03,12.04,12.44,12.33,12.45,11.96,39823451.0,486291132.0,13:14:39
002084,海鸥住工,4.06,-0.05,-1.217,4.06,4.07,4.11,4.1,4.13,4.04,15264268.0,62420882.0,13:14:39
002085,万丰奥威,16.15,-0.66,-3.926,16.15,16.16,16.81,16.85,16.85,16.15,44001972.0,721808475.0,13:14:39
002086,东方海洋,2.34,-0.05,-2.092,2.34,2.35,2.39,2.38,2.39,2.33,30039253.0,70624182.0,13:14:30
002088,鲁阳节能,13.41,0.54,4.196,13.37,13.41,12.87,13.39,13.93,13.15,25575033.0,346175755.0,13:14:39
002090,金智科技,12.81,-0.06,-0.466,12.8,12.81,12.87,12.87,13.09,12.8,11874140.0,153330236.0,13:14:39
002091,江苏国泰,9.31,-0.15,-1.586,9.31,9.32,9.46,9.48,9.54,9.31,23859254.0,224080373.0,13:14:39
002092,中泰化学,6.29,-0.12,-1.872,6.28,6.29,6.41,6.34,6.48,6.24,74659500.0,473450365.0,13:14:39
002093,国脉科技,11.53,-0.33,-2.782,11.52,11.53,11.86,11.85,11.89,11.51,20102229.0,234070308.0,13:14:39
002094,青岛金王,7.98,-0.18,-2.206,7.97,7.98,8.16,8.19,8.19,7.96,28963886.0,232428567.0,13:14:39
002095,生 意 宝,18.77,-0.51,-2.645,18.75,18.76,19.28,19.29,19.37,18.7,5224800.0,99028225.0,13:14:36
002096,易普力,13.86,-0.05,-0.359,13.86,13.88,13.91,13.91,13.99,13.73,7172800.0,99416295.0,13:14:39
002097,山河智能,12.13,-0.57,-4.488,12.13,12.14,12.7,12.75,12.75,12.13,41581040.0,513926258.0,13:14:39
002098,浔兴股份,10.66,-0.08,-0.745,10.65,10.66,10.74,10.74,10.9,10.59,7784389.0,83639090.0,13:14:36
002099,海翔药业,6.4,-0.17,-2.588,6.4,6.41,6.57,6.54,6.56,6.35,17440800.0,111716722.0,13:14:39
002100,天康生物,7.13,0.09,1.278,7.13,7.14,7.04,7.03,7.15,6.99,24445459.0,172772270.0,13:14:39
002101,广东鸿图,12.63,-0.31,-2.396,12.62,12.63,12.94,13.0,13.0,12.62,7468846.0,95040292.0,13:14:39
002102,能特科技,3.64,0.01,0.275,3.64,3.65,3.63,3.63,3.72,3.58,42649436.0,154654006.0,13:14:39
002103,广博股份,9.75,-0.21,-2.108,9.75,9.76,9.96,9.91,9.94,9.72,12460600.0,122095527.0,13:14:39
002104,恒宝股份,18.19,-0.52,-2.779,18.19,18.2,18.71,18.61,18.78,18.18,23058738.0,423827776.0,13:14:39
002105,信隆健康,7.24,-0.23,-3.079,7.24,7.25,7.47,7.43,7.43,7.2,10387200.0,75699912.0,13:14:39
002106,莱宝高科,11.57,-0.16,-1.364,11.56,11.57,11.73,11.73,11.8,11.53,11167102.0,129752033.0,13:14:36
002107,沃华医药,7.6,0.05,0.662,7.59,7.6,7.55,7.56,7.63,7.49,9490380.0,71761534.0,13:14:39
002108,沧州明珠,5.1,-0.14,-2.672,5.1,5.11,5.24,5.25,5.27,5.1,42383646.0,218880999.0,13:14:39
002109,兴化股份,4.01,0.0,0.0,4.01,4.02,4.01,4.0,4.06,3.99,11374030.0,45815927.0,13:14:39
002110,三钢闽光,4.63,-0.03,-0.644,4.62,4.63,4.66,4.65,4.69,4.56,31699213.0,146278559.0,13:14:39
002111,威海广泰,10.92,-0.15,-1.355,10.91,10.92,11.07,11.06,11.06,10.91,6499340.0,71274850.0,13:14:39
002112,三变科技,24.05,0.09,0.376,24.05,24.08,23.96,24.08,25.68,23.8,89177967.0,2215711834.0,13:14:39
002114,罗平锌电,10.71,0.12,1.133,10.71,10.72,10.59,10.85,11.1,10.63,41930440.0,454856324.0,13:14:39
002115,三维通信,14.25,-1.14,-7.407,14.24,14.25,15.39,15.5,15.63,14.15,170203506.0,2511702432.0,13:14:39
002116,中国海诚,10.88,0.0,0.0,10.88,10.89,10.88,10.88,11.02,10.8,5079446.0,55317673.0,13:14:39
002117,东港股份,11.83,-0.23,-1.907,11.83,11.84,12.06,12.06,12.11,11.83,8569085.0,102148337.0,13:14:39
002119,康强电子,22.42,-0.98,-4.188,22.42,22.43,23.4,23.09,24.0,22.4,46027944.0,1067037285.0,13:14:39
002120,韵达股份,7.05,-0.04,-0.564,7.05,7.06,7.09,7.1,7.14,6.99,26611514.0,187770436.0,13:14:39
002121,科陆电子,9.92,-0.17,-1.685,9.91,9.92,10.09,10.0,10.2,9.85,44169417.0,441247579.0,13:14:39
002122,ST汇洲,3.22,0.01,0.312,3.22,3.23,3.21,3.2,3.27,3.19,34044865.0,109716722.0,13:14:39
002123,梦网科技,12.61,-0.35,-2.701,12.61,12.62,12.96,12.98,13.1,12.61,18469378.0,235760140.0,13:14:39
002124,天邦食品,2.75,0.02,0.733,2.75,2.76,2.73,2.73,2.77,2.71,43308569.0,118285739.0,13:14:39
002125,湘潭电化,15.15,-0.18,-1.174,15.15,15.16,15.33,15.6,15.68,15.1,31249666.0,477827807.0,13:14:39
002126,银轮股份,39.66,-0.39,-0.974,39.57,39.66,40.05,39.88,41.75,39.21,24933181.0,1011049083.0,13:14:39
002127,南极电商,3.31,-0.08,-2.36,3.31,3.32,3.39,3.4,3.41,3.31,36487400.0,121675287.0,13:14:39
002128,电投能源,29.16,0.08,0.275,29.17,29.19,29.08,29.29,29.68,28.91,19738538.0,578041160.0,13:14:39
002129,TCL中环,9.35,-0.4,-4.103,9.34,9.35,9.75,9.64,9.69,9.33,137972763.0,1303358898.0,13:14:39
002130,沃尔核材,33.76,2.32,7.379,33.74,33.76,31.44,31.5,34.28,31.48,136339401.0,4519390289.0,13:14:39
002131,利欧股份,8.01,-0.39,-4.643,8.01,8.02,8.4,8.28,8.46,7.77,912472792.0,7395980827.0,13:14:39
002132,恒星科技,4.04,-0.01,-0.247,4.04,4.05,4.05,4.05,4.1,4.01,42222294.0,171334756.0,13:14:39
002133,广宇集团,3.75,0.02,0.536,3.74,3.75,3.73,3.73,3.77,3.7,15547640.0,57971375.0,13:14:39
002134,天津普林,25.59,-2.21,-7.95,25.59,25.6,27.8,27.8,27.82,25.13,15153800.0,396913008.0,13:14:39
002135,东南网架,5.67,-0.08,-1.391,5.67,5.68,5.75,5.76,5.92,5.65,22904383.0,132718056.0,13:14:39
002136,安 纳 达,13.48,-0.1,-0.736,13.49,13.5,13.58,13.73,13.86,13.48,12295101.0,168023704.0,13:14:39
002137,实益达,8.97,-0.18,-1.967,8.97,8.98,9.15,9.21,9.21,8.94,11461946.0,103549655.0,13:14:39
002138,顺络电子,39.39,-0.49,-1.229,39.4,39.43,39.88,39.8,40.74,39.16,17623725.0,700499811.0,13:14:39
002139,拓邦股份,13.95,-0.46,-3.192,13.95,13.97,14.41,14.43,14.48,13.94,33557666.0,474256730.0,13:14:39
002140,东华科技,12.38,-0.07,-0.562,12.37,12.38,12.45,12.43,12.59,12.32,8965717.0,111496247.0,13:14:39
002141,贤丰控股,4.02,-0.17,-4.057,4.02,4.03,4.19,4.04,4.19,3.99,66033200.0,267893691.0,13:14:39
002142,宁波银行,30.33,1.35,4.658,30.33,30.34,28.98,28.98,30.78,28.84,54356765.0,1642198275.0,13:14:39
002144,宏达高科,13.64,-0.05,-0.365,13.64,13.65,13.69,13.74,13.8,13.5,3386100.0,46321301.0,13:14:39
002145,钛能化学,5.41,0.08,1.501,5.41,5.42,5.33,5.37,5.57,5.36,114967319.0,628632540.0,13:14:39
002146,荣盛发展,1.68,-0.05,-2.89,1.67,1.68,1.73,1.73,1.74,1.67,140669269.0,238291919.0,13:14:39
002148,北纬科技,8.81,-0.28,-3.08,8.8,8.81,9.09,9.11,9.12,8.8,14007020.0,124815504.0,13:14:39
002149,西部材料,42.96,-0.6,-1.377,42.96,42.97,43.56,43.0,45.6,41.0,81556611.0,3546680797.0,13:14:39
002150,正泰电源,23.82,0.06,0.253,23.81,23.82,23.76,24.24,24.58,23.0,24854850.0,585903392.0,13:14:39
002151,北斗星通,45.64,-4.05,-8.151,45.63,45.64,49.69,49.0,49.0,45.45,54054647.0,2528099791.0,13:14:39
002152,广电运通,13.32,-0.46,-3.338,13.31,13.32,13.78,13.76,13.76,13.31,25196700.0,339599214.0,13:14:39
002153,石基信息,13.11,-0.48,-3.532,13.11,13.12,13.59,13.68,13.94,13.06,50861131.0,680570857.0,13:14:39
002154,报 喜 鸟,3.98,-0.05,-1.241,3.98,3.99,4.03,4.03,4.04,3.97,16935510.0,67632015.0,13:14:39
002155,湖南黄金,25.27,2.3,10.013,25.27,0.0,22.97,25.27,25.27,25.27,6839893.0,172844096.0,13:14:39
002156,通富微电,52.57,-3.77,-6.692,52.56,52.58,56.34,56.04,56.95,52.0,154798786.0,8344880776.0,13:14:39
002157,正邦科技,3.39,0.04,1.194,3.39,3.4,3.35,3.34,3.4,3.29,156566569.0,522787053.0,13:14:39
002158,汉钟精机,25.86,-0.97,-3.615,25.86,25.87,26.83,27.18,27.2,25.8,7027808.0,183598140.0,13:14:39
002159,三特索道,15.88,-0.13,-0.812,15.88,15.89,16.01,16.0,16.02,15.73,2346600.0,37224691.0,13:14:30
002160,常铝股份,6.46,0.21,3.36,6.46,6.47,6.25,6.27,6.8,6.27,101349521.0,658850212.0,13:14:39
002161,远 望 谷,8.44,0.09,1.078,8.44,8.45,8.35,8.4,8.88,8.35,36238743.0,308652735.0,13:14:39
002162,悦心健康,5.04,-0.12,-2.326,5.03,5.04,5.16,5.14,5.15,5.03,16113790.0,81787448.0,13:14:39
002163,海南发展,16.72,-1.08,-6.067,16.72,16.73,17.8,17.61,17.75,16.59,71039981.0,1215713275.0,13:14:39
002164,宁波东力,14.02,-0.45,-3.11,14.01,14.02,14.47,14.55,14.55,14.0,18942730.0,269378485.0,13:14:39
002165,红 宝 丽,10.9,0.99,9.99,10.9,0.0,9.91,10.09,10.9,10.01,188011872.0,1967823811.0,13:14:39
002166,莱茵生物,9.51,0.45,4.967,9.51,9.52,9.06,9.09,9.55,9.07,27995123.0,261041516.0,13:14:39
002167,东方锆业,14.73,0.18,1.237,14.73,14.75,14.55,14.79,15.3,14.6,71642846.0,1069913453.0,13:14:39
002168,*ST惠程,4.4,-0.07,-1.566,4.4,4.41,4.47,4.48,4.51,4.37,7254442.0,32036244.0,13:14:36
002169,智光电气,12.13,0.19,1.591,12.13,12.14,11.94,11.83,12.6,11.79,42405349.0,516656716.0,13:14:39
002170,芭田股份,13.48,0.22,1.659,13.46,13.48,13.26,13.36,13.93,13.3,57793381.0,786653765.0,13:14:39
002171,楚江新材,14.59,-0.26,-1.751,14.58,14.59,14.85,14.95,15.09,14.53,90656814.0,1343114356.0,13:14:39
002172,澳洋健康,4.44,-0.02,-0.448,4.43,4.44,4.46,4.45,4.47,4.39,21060052.0,93160341.0,13:14:39
002173,创新医疗,28.35,-1.53,-5.12,28.34,28.35,29.88,30.19,30.28,28.05,46908977.0,1352019425.0,13:14:39
002174,游族网络,12.3,-0.55,-4.28,12.3,12.31,12.85,12.64,12.8,12.22,38730163.0,480165300.0,13:14:39
002175,东方智造,4.41,-0.11,-2.434,4.41,4.42,4.52,4.52,4.54,4.41,32635796.0,145030101.0,13:14:39
002176,江特电机,10.61,-0.11,-1.026,10.6,10.61,10.72,10.76,11.02,10.6,90641839.0,982657365.0,13:14:42
002177,御银股份,7.8,-0.34,-4.177,7.8,7.81,8.14,8.11,8.12,7.8,46926940.0,372557263.0,13:14:42
002178,延华智能,6.48,-0.23,-3.428,6.48,6.49,6.71,6.69,6.71,6.48,18941700.0,124612855.0,13:14:42
002179,中航光电,36.42,-1.15,-3.061,36.42,36.43,37.57,37.59,37.59,36.4,42427349.0,1558573803.0,13:14:42
002180,纳思达,21.55,-0.59,-2.665,21.54,21.55,22.14,21.92,22.01,21.4,12100956.0,262085264.0,13:14:42
002181,粤 传 媒,11.24,-0.44,-3.767,11.23,11.24,11.68,11.68,11.87,11.15,63732602.0,729128331.0,13:14:42
002182,宝武镁业,19.95,-0.19,-0.943,19.94,19.95,20.14,20.74,20.99,19.8,58906442.0,1202067909.0,13:14:42
002183,怡 亚 通,5.77,0.05,0.874,5.77,5.78,5.72,5.85,6.0,5.71,216355406.0,1265099082.0,13:14:42
002184,海得控制,13.87,-0.27,-1.909,13.86,13.87,14.14,14.13,14.2,13.85,6581764.0,92226980.0,13:14:42
002185,华天科技,13.42,-0.86,-6.022,13.42,13.43,14.28,14.2,14.49,13.38,248053750.0,3418376262.0,13:14:42
002186,全 聚 德,12.16,-0.14,-1.138,12.16,12.17,12.3,12.29,12.32,12.1,5446730.0,66471124.0,13:14:42
002187,广百股份,8.37,-0.29,-3.349,8.36,8.37,8.66,8.76,8.9,8.34,49861347.0,431622837.0,13:14:42
002188,中天服务,6.77,-0.02,-0.295,6.77,6.78,6.79,6.74,6.93,6.61,13630402.0,92650627.0,13:14:42
002189,中光学,22.89,-1.11,-4.625,22.89,22.9,24.0,23.99,24.0,22.88,4321000.0,100750720.0,13:14:42
002190,成飞集成,37.11,-0.91,-2.393,37.11,37.12,38.02,38.03,38.1,37.1,6161581.0,230374123.0,13:14:42
002191,劲嘉股份,4.45,-0.09,-1.982,4.45,4.46,4.54,4.55,4.56,4.44,19139192.0,85828448.0,13:14:42
002192,融捷股份,60.15,-1.12,-1.828,60.14,60.15,61.27,61.94,62.56,59.6,13890756.0,849359281.0,13:14:42
002193,如意集团,6.08,-0.02,-0.328,6.07,6.08,6.1,6.1,6.19,6.02,7624600.0,46457155.0,13:14:42
002194,武汉凡谷,13.51,-0.57,-4.048,13.51,13.52,14.08,13.96,14.0,13.48,23735264.0,324989794.0,13:14:42
002195,岩山科技,10.02,-0.49,-4.662,10.01,10.02,10.51,10.67,10.68,9.95,620969147.0,6338396426.0,13:14:42
002196,方正电机,17.51,-0.41,-2.288,17.51,17.52,17.92,17.92,18.88,17.46,107202043.0,1952031945.0,13:14:42
002197,证通电子,9.53,-0.19,-1.955,9.52,9.53,9.72,9.72,9.9,9.48,16417800.0,159377607.0,13:14:39
002198,嘉应制药,7.21,-0.01,-0.139,7.2,7.21,7.22,7.25,7.33,7.09,14116200.0,101381633.0,13:14:42
002199,*ST东晶,9.99,-0.21,-2.059,9.99,10.01,10.2,10.16,10.2,9.82,2815800.0,28026818.0,13:14:42
002200,*ST交投,7.13,-0.26,-3.518,7.12,7.13,7.39,7.35,7.38,7.1,2947259.0,21245210.0,13:14:36
002201,九鼎新材,15.88,1.08,7.297,15.88,15.89,14.8,15.33,16.0,14.88,154785540.0,2404744851.0,13:14:42
002202,金风科技,28.51,-1.07,-3.617,28.51,28.52,29.58,29.79,30.53,28.2,440239445.0,12990079787.0,13:14:42
002203,海亮股份,15.33,0.19,1.255,15.33,15.34,15.14,15.33,15.78,15.26,44186953.0,685497409.0,13:14:42
002204,大连重工,7.71,-0.13,-1.658,7.71,7.72,7.84,7.89,7.96,7.71,41669176.0,326150113.0,13:14:42
002205,国统股份,14.22,-0.07,-0.49,14.22,14.23,14.29,14.29,14.35,14.1,2137948.0,30396007.0,13:14:39
002206,海 利 得,7.08,0.06,0.855,7.08,7.09,7.02,7.09,7.18,6.98,23509470.0,165968219.0,13:14:42
002207,准油股份,9.26,0.32,3.579,9.25,9.26,8.94,9.2,9.48,9.06,39969841.0,369443422.0,13:14:42
002208,合肥城建,14.77,-0.19,-1.27,14.76,14.77,14.96,15.04,15.3,14.65,40434080.0,605169380.0,13:14:42
002209,达 意 隆,16.58,-0.38,-2.241,16.57,16.58,16.96,17.12,17.17,16.56,5542800.0,92528606.0,13:14:42
002210,飞马国际,3.19,-0.15,-4.491,3.19,3.2,3.34,3.32,3.34,3.19,84901478.0,274960895.0,13:14:42
002211,ST宏达,3.57,0.02,0.563,3.56,3.57,3.55,3.54,3.59,3.47,6538000.0,23010169.0,13:14:09
002212,天融信,9.13,-0.32,-3.386,9.13,9.14,9.45,9.47,9.53,9.13,33311298.0,308772219.0,13:14:42
002213,大为股份,28.75,-0.75,-2.542,28.75,28.76,29.5,29.61,29.93,28.75,16733701.0,488063334.0,13:14:42
002214,*ST大立,20.78,-0.57,-2.67,20.74,20.78,21.35,21.16,21.33,20.57,6235385.0,129969578.0,13:14:42
002215,诺 普 信,11.27,-0.31,-2.677,11.27,11.28,11.58,11.55,11.56,11.14,21044089.0,237513416.0,13:14:42
002216,三全食品,11.71,-0.08,-0.679,11.71,11.72,11.79,11.79,11.84,11.6,5313903.0,62175457.0,13:14:42
002217,合力泰,3.13,-0.05,-1.572,3.13,3.14,3.18,3.18,3.2,3.13,74599104.0,234708546.0,13:14:42
002218,拓日新能,6.01,0.55,10.073,6.01,0.0,5.46,6.01,6.01,6.01,18445940.0,110860099.0,13:14:42
002219,新里程,2.47,-0.09,-3.516,2.47,2.48,2.56,2.56,2.57,2.45,119570450.0,298439252.0,13:14:42
002221,东华能源,8.68,0.06,0.696,8.68,8.69,8.62,8.66,8.79,8.59,16779589.0,145623263.0,13:14:42
002222,福晶科技,66.18,-1.88,-2.762,66.17,66.18,68.06,67.77,68.35,66.0,10202968.0,682532991.0,13:14:42
002223,鱼跃医疗,41.16,0.01,0.024,41.16,41.17,41.15,41.31,42.19,40.33,10331300.0,424365922.0,13:14:42
002224,三 力 士,4.69,-0.02,-0.425,4.69,4.7,4.71,4.7,4.72,4.66,15290900.0,71742236.0,13:14:39
002225,濮耐股份,6.71,-0.11,-1.613,6.69,6.71,6.82,6.8,6.89,6.69,29599424.0,200365166.0,13:14:42
002226,江南化工,6.18,-0.01,-0.162,6.18,6.19,6.19,6.17,6.28,6.17,29874598.0,185798760.0,13:14:42
002227,奥 特 迅,12.61,-0.26,-2.02,12.6,12.62,12.87,12.84,12.87,12.6,3150300.0,40005236.0,13:14:36
002228,合兴包装,4.58,-0.18,-3.782,4.57,4.58,4.76,4.76,4.77,4.57,37555900.0,174302662.0,13:14:42
002229,鸿博股份,16.2,0.03,0.186,16.19,16.2,16.17,16.41,16.67,16.1,30309716.0,496627232.0,13:14:42
002230,科大讯飞,57.89,-0.86,-1.464,57.88,57.89,58.75,59.7,60.0,57.73,64899270.0,3818946759.0,13:14:42
002231,*ST奥维,0.69,-0.04,-5.479,0.0,0.69,0.73,0.69,0.69,0.69,2318800.0,1599972.0,13:14:21
002232,启明信息,19.31,-0.63,-3.159,19.3,19.31,19.94,20.1,20.19,19.3,7251320.0,141975885.0,13:14:42
002233,塔牌集团,9.69,0.06,0.623,9.69,9.7,9.63,9.63,9.76,9.59,8809001.0,85117936.0,13:14:42
002234,民和股份,9.36,0.21,2.295,9.35,9.36,9.15,9.12,9.42,9.11,7434375.0,69175134.0,13:14:42
002235,安妮股份,9.92,-0.47,-4.524,9.92,9.93,10.39,10.36,10.49,9.92,31207051.0,315871802.0,13:14:42
002236,大华股份,20.18,-0.77,-3.675,20.18,20.19,20.95,20.88,20.88,20.06,72111475.0,1466776081.0,13:14:42
002237,恒邦股份,18.92,1.72,10.0,18.92,0.0,17.2,18.3,18.92,18.3,86032122.0,1619832944.0,13:14:42
002238,天威视讯,8.5,-0.14,-1.62,8.5,8.51,8.64,8.66,8.91,8.48,10276287.0,89065855.0,13:14:42
002239,奥特佳,3.32,0.0,0.0,3.32,3.33,3.32,3.4,3.46,3.31,177829274.0,598700378.0,13:14:42
002240,盛新锂能,40.31,-1.56,-3.726,40.31,40.33,41.87,42.16,42.8,39.0,63369981.0,2618471767.0,13:14:42
002241,歌尔股份,28.21,-1.11,-3.786,28.2,28.21,29.32,29.18,29.18,28.14,100871832.0,2878170643.0,13:14:42
002242,九阳股份,10.69,-0.21,-1.927,10.69,10.7,10.9,10.93,11.08,10.63,8615980.0,92745539.0,13:14:42
002243,力合科创,10.86,-0.25,-2.25,10.86,10.87,11.11,11.11,11.29,10.86,15589057.0,172173349.0,13:14:42
002244,滨江集团,10.75,-0.23,-2.095,10.75,10.76,10.98,10.9,11.0,10.62,24141550.0,259814250.0,13:14:42
002245,蔚蓝锂芯,18.89,-0.77,-3.917,18.89,18.9,19.66,19.7,19.74,18.89,70213111.0,1354615410.0,13:14:42
002246,北化股份,21.71,-1.51,-6.503,21.7,21.71,23.22,22.68,22.68,21.7,22429153.0,494195747.0,13:14:42
002247,聚力文化,2.93,0.0,0.0,2.92,2.93,2.93,2.96,2.97,2.9,20848800.0,61108442.0,13:14:42
002248,华东数控,12.51,-0.37,-2.873,12.51,12.52,12.88,12.85,12.88,12.5,12362501.0,156598124.0,13:14:42
002249,大洋电机,11.17,-0.55,-4.693,11.17,11.18,11.72,11.72,11.72,11.16,115949229.0,1320571353.0,13:14:42
002250,联化科技,18.9,0.88,4.883,18.89,18.9,18.02,17.68,19.36,17.48,55016655.0,1031198129.0,13:14:42
002251,步步高,5.16,-0.12,-2.273,5.15,5.16,5.28,5.26,5.26,5.15,72750049.0,377160940.0,13:14:42
002252,上海莱士,6.54,0.2,3.155,6.53,6.54,6.34,6.37,6.55,6.35,78223372.0,504239956.0,13:14:42
002253,*ST智胜,11.15,-0.13,-1.152,11.15,11.17,11.28,11.23,11.41,11.11,2656500.0,29845744.0,13:14:42
002254,泰和新材,13.08,-0.74,-5.355,13.08,13.09,13.82,13.69,13.72,13.08,21059635.0,281840028.0,13:14:42
002255,海陆重工,12.9,-0.51,-3.803,12.9,12.91,13.41,13.34,13.34,12.9,38926300.0,508354772.0,13:14:42
002256,兆新股份,3.9,-0.03,-0.763,3.89,3.9,3.93,3.93,4.0,3.88,65727800.0,258468338.0,13:14:42
002258,利尔化学,16.54,-0.61,-3.557,16.52,16.54,17.15,17.0,17.06,16.49,27395183.0,459133186.0,13:14:42
002259,升达林业,4.99,0.16,3.313,4.99,5.0,4.83,4.93,5.31,4.86,80105729.0,412223818.0,13:14:42
002261,拓维信息,32.98,-0.77,-2.281,32.98,32.99,33.75,33.67,34.49,32.91,40850575.0,1372179119.0,13:14:42
002262,恩华药业,24.29,0.01,0.041,24.29,24.3,24.28,24.28,24.43,24.05,7059308.0,170719966.0,13:14:42
002263,大东南,3.61,-0.09,-2.432,3.61,3.62,3.7,3.72,3.72,3.61,51962418.0,189641072.0,13:14:42
002264,新 华 都,9.89,-0.6,-5.72,9.89,9.9,10.49,10.31,10.47,9.88,50550925.0,510883571.0,13:14:42
002265,建设工业,25.69,-1.22,-4.534,25.69,25.7,26.91,26.89,26.89,25.65,11309537.0,294735237.0,13:14:42
002266,浙富控股,5.01,-0.05,-0.988,5.01,5.02,5.06,5.14,5.26,5.01,241835623.0,1237863311.0,13:14:42
002267,陕天然气,7.9,0.01,0.127,7.9,7.91,7.89,7.88,7.94,7.83,9964201.0,78598651.0,13:14:42
002268,电科网安,19.93,-0.68,-3.299,19.91,19.93,20.61,20.59,20.81,19.91,20870204.0,422208083.0,13:14:42
002269,美邦服饰,1.94,-0.04,-2.02,1.93,1.94,1.98,1.98,1.99,1.93,60145500.0,117266122.0,13:14:42
002270,华明装备,31.18,-0.2,-0.637,31.17,31.18,31.38,31.18,31.88,30.92,15561701.0,490326184.0,13:14:42
002271,东方雨虹,16.96,-0.33,-1.909,16.96,16.97,17.29,17.21,17.21,16.56,47902827.0,808869212.0,13:14:42
002272,川润股份,15.35,-0.34,-2.167,15.35,15.36,15.69,15.69,15.84,15.33,14537182.0,225694870.0,13:14:42
002273,水晶光电,25.14,-1.18,-4.483,25.14,25.16,26.32,26.25,26.3,24.88,61247324.0,1552668652.0,13:14:42
002274,华昌化工,6.56,0.39,6.321,6.55,6.56,6.17,6.18,6.7,6.17,48900214.0,316406070.0,13:14:42
002275,桂林三金,14.82,0.14,0.954,14.82,14.83,14.68,14.72,14.89,14.61,3262900.0,48094118.0,13:14:42
002276,万马股份,17.62,-0.42,-2.328,17.61,17.62,18.04,18.05,18.21,17.6,40689371.0,727796204.0,13:14:42
002277,友阿股份,7.83,-0.22,-2.733,7.82,7.83,8.05,8.0,8.13,7.81,24702182.0,196387372.0,13:14:42
002278,神开股份,13.65,0.35,2.632,13.65,13.66,13.3,13.51,13.83,13.37,32841618.0,447359292.0,13:14:42
002279,久其软件,9.98,-0.31,-3.013,9.97,9.98,10.29,10.28,10.38,9.87,105094077.0,1057535149.0,13:14:42
002281,光迅科技,71.31,0.06,0.084,71.31,71.33,71.25,71.63,74.18,70.9,25793751.0,1871404959.0,13:14:42
002282,博深股份,7.75,-0.04,-0.513,7.75,7.76,7.79,7.8,7.82,7.73,5276400.0,40984924.0,13:14:39
002283,天润工业,7.03,-0.19,-2.632,7.02,7.03,7.22,7.22,7.25,7.02,43004978.0,306408768.0,13:14:42
002284,亚太股份,16.85,-0.59,-3.383,16.84,16.85,17.44,17.5,17.73,16.84,20391289.0,349006610.0,13:14:42
002285,世联行,2.78,-0.12,-4.138,2.78,2.79,2.9,2.88,2.9,2.78,55844840.0,156851706.0,13:14:42
002286,保龄宝,10.06,-0.06,-0.593,10.05,10.06,10.12,10.15,10.18,9.92,8283620.0,82926651.0,13:14:42
002287,奇正藏药,25.02,0.22,0.887,25.02,25.03,24.8,24.95,25.19,24.55,3719471.0,92377004.0,13:14:42
002289,*ST宇顺,29.18,-1.04,-3.441,29.18,29.22,30.22,28.71,29.95,28.71,1875600.0,54738678.0,13:14:39
002290,禾盛新材,58.9,-0.7,-1.174,58.92,58.97,59.6,59.6,60.75,57.89,5440817.0,321537463.0,13:14:42
002291,遥望科技,7.42,-0.15,-1.982,7.41,7.42,7.57,7.62,7.75,7.38,80116458.0,605078622.0,13:14:42
002292,奥飞娱乐,9.09,-0.29,-3.092,9.09,9.1,9.38,9.38,9.48,9.08,41801461.0,384951266.0,13:14:42
002293,罗莱生活,9.95,-0.04,-0.4,9.94,9.95,9.99,10.07,10.1,9.91,5640340.0,56454922.0,13:14:42
002294,信立泰,48.27,-0.88,-1.79,48.28,48.29,49.15,49.44,49.64,48.1,5452787.0,264563165.0,13:14:42
002295,精艺股份,12.76,0.38,3.069,12.76,12.77,12.38,12.46,12.89,12.46,13246241.0,168402647.0,13:14:42
002296,辉煌科技,12.88,-0.34,-2.572,12.87,12.88,13.22,13.1,13.13,12.65,22222600.0,285207088.0,13:14:42
002297,博云新材,12.37,-0.42,-3.284,12.37,12.38,12.79,12.95,12.98,12.37,42827714.0,542342209.0,13:14:42
002298,中电鑫龙,11.22,-0.3,-2.604,11.21,11.22,11.52,11.55,11.6,11.21,30120079.0,342784254.0,13:14:42
002299,圣农发展,16.82,0.07,0.418,16.81,16.82,16.75,16.75,16.89,16.56,9012889.0,150787917.0,13:14:42
002300,太阳电缆,9.44,-0.35,-3.575,9.44,9.45,9.79,9.74,9.89,9.43,38442565.0,372275918.0,13:14:42
002301,齐心集团,8.43,0.05,0.597,8.42,8.43,8.38,8.52,8.86,8.35,31208746.0,267298318.0,13:14:42
002302,西部建设,6.15,-0.09,-1.442,6.15,6.16,6.24,6.24,6.24,6.14,9612400.0,59358852.0,13:14:42
002303,美盈森,4.22,-0.04,-0.939,4.21,4.22,4.26,4.27,4.28,4.19,18735500.0,79007555.0,13:14:42
002304,洋河股份,56.99,-5.56,-8.889,56.98,56.99,62.55,59.0,59.66,56.68,29288812.0,1689122685.0,13:14:42
002305,*ST南置,2.27,-0.07,-2.991,2.27,2.28,2.34,2.32,2.33,2.25,33083761.0,75557807.0,13:14:39
002306,*ST云网,2.32,0.11,4.977,2.32,0.0,2.21,2.28,2.32,2.25,13684204.0,31527993.0,13:14:27
002307,北新路桥,5.15,-0.13,-2.462,5.15,5.16,5.28,5.19,5.25,5.13,37442110.0,194027828.0,13:14:42
002309,中利集团,3.11,-0.02,-0.639,3.11,3.12,3.13,3.19,3.3,3.11,158557500.0,506020359.0,13:14:42
002310,东方新能,2.4,0.0,0.0,2.4,2.41,2.4,2.4,2.45,2.38,48769240.0,117481585.0,13:14:42
002311,海大集团,51.56,0.53,1.039,51.56,51.57,51.03,51.28,51.93,50.48,7021565.0,359148475.0,13:14:42
002312,川发龙蟒,12.45,-0.29,-2.276,12.45,12.46,12.74,12.66,12.79,12.45,68194056.0,859068463.0,13:14:42
002313,日海智能,10.24,-0.33,-3.122,10.24,10.25,10.57,10.6,10.6,10.23,5874300.0,60722440.0,13:14:39
002314,南山控股,3.03,-0.04,-1.303,3.03,3.04,3.07,3.06,3.07,3.0,25640572.0,77796693.0,13:14:42
002315,焦点科技,52.85,-0.87,-1.62,52.84,52.85,53.72,54.29,56.15,52.81,9910150.0,539756075.0,13:14:42
002316,亚联发展,5.36,-0.13,-2.368,5.36,5.37,5.49,5.48,5.5,5.33,14091100.0,76000253.0,13:14:42
002317,众生药业,23.12,1.59,7.385,23.11,23.12,21.53,22.07,23.3,22.03,103922289.0,2345327522.0,13:14:42
002318,久立特材,31.6,-0.88,-2.709,31.6,31.63,32.48,32.33,32.56,31.53,11567417.0,369840541.0,13:14:42
002319,乐通股份,14.81,1.35,10.03,14.81,0.0,13.46,14.03,14.81,13.72,7499283.0,109158047.0,13:14:36
002320,海峡股份,10.61,-0.23,-2.122,10.61,10.62,10.84,10.84,10.86,10.58,22116332.0,235983905.0,13:14:42
002321,华英农业,2.45,0.01,0.41,2.44,2.45,2.44,2.44,2.47,2.41,34134000.0,83122077.0,13:14:42
002322,理工能科,13.5,-0.11,-0.808,13.5,13.51,13.61,13.61,13.66,13.4,4311000.0,58278715.0,13:14:39
002323,雅博股份,1.79,-0.07,-3.763,1.79,1.8,1.86,1.87,1.89,1.77,145960566.0,264436007.0,13:14:42
002324,普利特,18.97,-0.83,-4.192,18.97,18.98,19.8,20.0,20.01,18.96,55459425.0,1081199474.0,13:14:42
002326,永太科技,30.2,0.15,0.499,30.2,30.21,30.05,30.2,30.47,29.47,50708173.0,1519033627.0,13:14:42
002327,富安娜,6.84,-0.01,-0.146,6.84,6.85,6.85,6.86,6.87,6.79,3430030.0,23453807.0,13:14:39
002328,新朋股份,7.15,-0.34,-4.539,7.15,7.16,7.49,7.42,7.44,7.15,27739942.0,201433107.0,13:14:42
002329,皇氏集团,3.86,-0.09,-2.278,3.85,3.86,3.95,3.93,3.94,3.85,20254564.0,78506085.0,13:14:42
002330,得利斯,5.16,0.06,1.176,5.16,5.17,5.1,5.09,5.19,5.05,20034400.0,102854349.0,13:14:42
002331,皖通科技,10.52,0.51,5.095,10.51,10.52,10.01,10.16,10.58,10.02,29631203.0,305553101.0,13:14:42
002332,仙琚制药,9.48,0.1,1.066,9.47,9.48,9.38,9.39,9.5,9.3,16887700.0,158640497.0,13:14:42
002333,罗普斯金,6.15,-0.07,-1.125,6.15,6.16,6.22,6.21,6.25,6.12,7735000.0,47802830.0,13:14:42
002334,英威腾,9.38,-0.18,-1.883,9.37,9.38,9.56,9.55,9.6,9.37,16977409.0,160300576.0,13:14:42
002335,科华数据,63.54,1.38,2.22,63.51,63.54,62.16,66.0,67.0,62.83,26898059.0,1732897268.0,13:14:42
002337,赛象科技,6.7,-0.19,-2.758,6.7,6.71,6.89,6.89,6.9,6.69,12213305.0,82452378.0,13:14:42
002338,奥普光电,58.88,-3.0,-4.848,58.87,58.88,61.88,62.5,62.57,58.69,8181500.0,490476971.0,13:14:42
002339,积成电子,11.99,0.51,4.443,11.98,11.99,11.48,11.59,12.31,11.35,113550660.0,1345088629.0,13:14:42
002340,格林美,9.91,0.25,2.588,9.91,9.92,9.66,9.85,10.18,9.79,337777739.0,3359106656.0,13:14:42
002342,巨力索具,13.88,0.34,2.511,13.87,13.88,13.54,14.52,14.82,13.19,263486137.0,3717929810.0,13:14:42
002343,慈文传媒,7.49,-0.21,-2.727,7.48,7.49,7.7,7.69,7.7,7.46,10663120.0,80506750.0,13:14:42
002344,海宁皮城,5.02,-0.07,-1.375,5.02,5.03,5.09,5.08,5.1,4.99,14363922.0,72221366.0,13:14:42
002345,潮宏基,14.66,0.33,2.303,14.66,14.67,14.33,14.65,15.5,14.5,33635300.0,502681699.0,13:14:42
002346,柘中股份,21.26,0.01,0.047,21.26,21.27,21.25,21.24,21.78,21.12,5467500.0,117325790.0,13:14:39
002347,泰尔股份,9.96,-0.66,-6.215,9.95,9.96,10.62,10.6,10.66,9.95,46395401.0,475407284.0,13:14:42
002348,高乐股份,6.37,0.13,2.083,6.37,6.38,6.24,6.25,6.41,6.25,18603700.0,118050371.0,13:14:42
002349,精华制药,7.98,0.24,3.101,7.98,7.99,7.74,7.79,8.02,7.78,26471854.0,208916696.0,13:14:42
002350,北京科锐,9.55,0.13,1.38,9.54,9.55,9.42,9.5,9.69,9.43,20981566.0,201089187.0,13:14:39
002351,漫步者,12.51,-0.21,-1.651,12.51,12.52,12.72,12.72,12.74,12.5,10558400.0,132687417.0,13:14:42
002352,顺丰控股,38.72,-0.43,-1.098,38.72,38.73,39.15,39.15,39.16,38.56,23649620.0,918266376.0,13:14:42
002353,杰瑞股份,87.5,1.33,1.543,87.49,87.58,86.17,85.8,89.5,85.35,11448218.0,1007279919.0,13:14:42
002354,天娱数科,7.37,-0.24,-3.154,7.36,7.37,7.61,7.66,7.79,7.34,102810874.0,771678001.0,13:14:42
002355,兴民智通,6.46,-0.34,-5.0,6.46,6.47,6.8,6.8,6.8,6.46,25165172.0,165706704.0,13:14:42
002356,赫美集团,4.18,-0.17,-3.908,4.17,4.18,4.35,4.3,4.32,4.16,50529200.0,212552465.0,13:14:42
002357,富临运业,13.18,-0.61,-4.423,13.18,13.19,13.79,13.79,13.94,13.06,12008300.0,161659430.0,13:14:39
002358,森源电气,7.51,0.04,0.535,7.51,7.52,7.47,7.61,7.88,7.51,124661730.0,957706739.0,13:14:42
002360,同德化工,5.27,-0.08,-1.495,5.26,5.27,5.35,5.35,5.44,5.23,10278896.0,54463996.0,13:14:33
002361,神剑股份,11.27,-1.19,-9.551,11.26,11.27,12.46,12.27,12.27,11.23,123949660.0,1443778456.0,13:14:42
002362,汉王科技,22.11,-0.76,-3.323,22.1,22.11,22.87,22.9,23.1,22.07,7333697.0,164666285.0,13:14:42
002363,隆基机械,9.87,-0.46,-4.453,9.87,9.88,10.33,10.39,10.4,9.86,17579530.0,176534439.0,13:14:42
002364,中恒电气,30.85,0.56,1.849,30.84,30.85,30.29,31.05,32.28,30.74,33322796.0,1052613902.0,13:14:42
002365,永安药业,15.96,-0.16,-0.993,15.96,15.97,16.12,16.15,16.25,15.9,8332400.0,133772481.0,13:14:42
002366,融发核电,8.11,-0.25,-2.99,8.1,8.11,8.36,8.38,8.43,8.1,61843802.0,508098367.0,13:14:42
002367,康力电梯,7.98,-0.06,-0.746,7.98,7.99,8.04,8.03,8.07,7.96,5980400.0,47872287.0,13:14:42
002368,太极股份,24.91,-0.8,-3.112,24.91,24.92,25.71,25.69,25.86,24.88,11373369.0,287086507.0,13:14:42
002369,卓翼科技,8.63,-0.22,-2.486,8.63,8.64,8.85,8.84,8.84,8.63,14557949.0,126582421.0,13:14:42
002370,亚太药业,8.0,0.5,6.667,8.0,8.01,7.5,7.55,8.04,7.43,65354683.0,504051645.0,13:14:42
002371,北方华创,496.65,-13.72,-2.688,496.65,496.8,510.37,508.1,508.1,489.0,6647962.0,3303018795.0,13:14:42
002372,伟星新材,11.53,-0.08,-0.689,11.52,11.53,11.61,11.6,11.69,11.45,12919555.0,149328270.0,13:14:42
002373,千方科技,12.69,-0.56,-4.226,12.69,12.7,13.25,13.25,13.33,12.68,43482432.0,561687333.0,13:14:42
002374,中锐股份,3.49,-0.18,-4.905,3.48,3.49,3.67,3.67,3.67,3.48,34323226.0,121376820.0,13:14:42
002375,亚厦股份,4.19,-0.03,-0.711,4.18,4.19,4.22,4.23,4.24,4.15,13960001.0,58373733.0,13:14:42
002376,新北洋,7.99,-0.25,-3.034,7.98,7.99,8.24,8.23,8.27,7.97,21652479.0,174587795.0,13:14:42
002377,国创高新,3.24,0.09,2.857,3.24,3.25,3.15,3.17,3.28,3.17,37384400.0,119880007.0,13:14:42
002378,章源钨业,22.88,1.91,9.108,22.88,22.9,20.97,21.23,23.0,21.19,79692997.0,1782499694.0,13:14:42
002379,宏创控股,30.1,0.63,2.138,30.1,30.11,29.47,29.61,30.41,29.42,15825854.0,473896413.0,13:14:42
002380,科远智慧,31.59,-0.43,-1.343,31.59,31.6,32.02,32.44,34.07,31.56,16733845.0,548902330.0,13:14:42
002381,双箭股份,7.04,-0.02,-0.283,7.04,7.05,7.06,7.07,7.08,6.97,3999800.0,28103225.0,13:14:33
002382,蓝帆医疗,6.07,0.07,1.167,6.06,6.07,6.0,6.07,6.13,5.97,13958229.0,84465327.0,13:14:42
002383,合众思壮,11.47,-0.73,-5.984,11.47,11.48,12.2,12.22,12.28,11.46,34094250.0,400498455.0,13:14:42
002384,东山精密,73.04,-0.06,-0.082,73.04,73.05,73.1,73.0,74.39,72.28,18754581.0,1374387992.0,13:14:42
002385,大北农,4.15,0.07,1.716,4.15,4.16,4.08,4.08,4.19,4.07,141097513.0,582443963.0,13:14:42
002386,天原股份,6.08,-0.01,-0.164,6.07,6.08,6.09,6.15,6.22,6.07,25090976.0,153768496.0,13:14:42
002387,维信诺,9.06,-0.23,-2.476,9.05,9.06,9.29,9.26,9.33,9.05,16469950.0,150719181.0,13:14:42
002388,新亚制程,5.76,-0.19,-3.193,5.76,5.77,5.95,5.92,5.94,5.72,21445722.0,124722216.0,13:14:42
002389,航天彩虹,24.22,-1.13,-4.458,24.22,24.23,25.35,25.39,25.39,24.15,35616167.0,876469738.0,13:14:42
002390,信邦制药,3.43,0.0,0.0,3.43,3.44,3.43,3.43,3.45,3.38,35651982.0,121400578.0,13:14:42
002391,长青股份,6.39,-0.04,-0.622,6.39,6.4,6.43,6.43,6.45,6.36,5522951.0,35381581.0,13:14:24
002392,北京利尔,8.85,-0.19,-2.102,8.84,8.86,9.04,9.04,9.04,8.75,17284450.0,152897640.0,13:14:42
002393,力生制药,23.17,0.59,2.613,23.15,23.17,22.58,23.24,23.48,22.68,5724002.0,132180459.0,13:14:39
002394,联发股份,15.48,-0.03,-0.193,15.47,15.48,15.51,15.7,16.09,15.4,11356678.0,178209937.0,13:14:24
002395,双象股份,18.9,-0.29,-1.511,18.89,18.9,19.19,18.9,19.2,18.86,5201900.0,98903763.0,13:14:42
002396,星网锐捷,29.74,0.76,2.622,29.75,29.8,28.98,28.89,30.3,28.79,28601557.0,850747816.0,13:14:42
002397,梦洁股份,4.6,-0.33,-6.694,4.6,4.61,4.93,4.93,5.03,4.6,34591600.0,163468559.0,13:14:42
002398,垒知集团,6.05,-0.36,-5.616,6.04,6.05,6.41,6.36,6.4,6.04,51555058.0,319230330.0,13:14:42
002399,海普瑞,12.47,0.0,0.0,12.47,12.48,12.47,12.5,12.55,12.28,4656580.0,57717358.0,13:14:42
002400,省广集团,11.13,-0.36,-3.133,11.12,11.13,11.49,11.5,11.79,10.97,215924685.0,2450215551.0,13:14:42
002401,中远海科,16.74,-0.26,-1.529,16.72,16.74,17.0,16.97,17.03,16.72,3349860.0,56382241.0,13:14:42
002402,和而泰,39.04,-1.25,-3.103,39.03,39.04,40.29,40.1,40.49,39.0,36484901.0,1439696199.0,13:14:42
002403,爱仕达,12.71,-0.41,-3.125,12.71,12.72,13.12,13.12,13.16,12.7,3840682.0,49443239.0,13:14:42
002404,嘉欣丝绸,7.2,-0.05,-0.69,7.2,7.21,7.25,7.25,7.29,7.17,7810588.0,56384388.0,13:14:42
002405,四维图新,10.75,-0.49,-4.359,10.75,10.76,11.24,11.32,11.45,10.71,155707502.0,1718283717.0,13:14:42
002406,远东传动,8.37,-0.29,-3.349,8.37,8.38,8.66,8.66,8.68,8.37,18444481.0,156420819.0,13:14:42
002407,多氟多,31.15,-0.56,-1.766,31.12,31.13,31.71,31.88,32.11,30.8,53345110.0,1677047828.0,13:14:42
002408,齐翔腾达,6.05,-0.04,-0.657,6.05,6.06,6.09,6.19,6.4,5.96,113539233.0,695974803.0,13:14:42
002409,雅克科技,92.4,-2.31,-2.439,92.4,92.45,94.71,94.91,95.65,91.3,10627473.0,986228779.0,13:14:42
002410,广联达,14.44,-0.35,-2.366,14.44,14.46,14.79,14.7,14.9,14.42,30627600.0,446872918.0,13:14:42
002412,汉森制药,7.0,0.1,1.449,6.99,7.0,6.9,6.92,7.17,6.84,13301048.0,92963379.0,13:14:42
002413,雷科防务,13.68,-1.32,-8.8,13.67,13.68,15.0,15.01,15.07,13.5,172233402.0,2405436631.0,13:14:42
002414,高德红外,17.87,-0.63,-3.405,17.86,17.87,18.5,18.49,18.62,17.83,70087129.0,1273970775.0,13:14:42
002415,海康威视,32.05,0.1,0.313,32.05,32.06,31.95,32.05,32.15,31.47,57058360.0,1814749594.0,13:14:42
002416,爱施德,13.48,-0.27,-1.964,13.47,13.48,13.75,13.7,13.78,13.47,18832782.0,255880037.0,13:14:42
002418,康盛股份,4.92,-0.08,-1.6,4.91,4.92,5.0,5.01,5.08,4.91,34162600.0,169935981.0,13:14:42
002419,天虹股份,5.79,-0.1,-1.698,5.78,5.79,5.89,5.87,5.91,5.77,18827433.0,109660954.0,13:14:36
002420,毅昌科技,8.51,-0.04,-0.468,8.51,8.52,8.55,8.59,8.79,8.5,29390638.0,253874759.0,13:14:42
002421,达实智能,2.93,-0.1,-3.3,2.93,2.94,3.03,3.03,3.05,2.93,50662600.0,150088098.0,13:14:42
002422,科伦药业,31.72,-0.47,-1.46,31.71,31.73,32.19,32.19,32.29,30.89,14953016.0,468760059.0,13:14:42
002423,中粮资本,11.82,-0.11,-0.922,11.82,11.83,11.93,11.92,12.01,11.78,12421302.0,147417913.0,13:14:42
002424,ST百灵,4.25,-0.02,-0.468,4.25,4.26,4.27,4.27,4.3,4.24,14790900.0,63127425.0,13:14:42
002425,凯撒文化,3.93,-0.11,-2.723,3.93,3.94,4.04,4.06,4.07,3.93,20408401.0,81037425.0,13:14:42
002426,胜利精密,4.61,0.0,0.0,4.61,4.62,4.61,4.64,4.81,4.52,241567737.0,1122178157.0,13:14:42
002427,尤夫股份,7.77,0.17,2.237,7.77,7.78,7.6,7.53,7.88,7.52,37129708.0,287496539.0,13:14:42
002428,云南锗业,39.64,-0.75,-1.857,39.63,39.64,40.39,40.7,42.88,39.5,101602426.0,4202964309.0,13:14:42
002429,兆驰股份,10.24,0.1,0.986,10.24,10.25,10.14,10.0,10.54,9.95,114020405.0,1167332179.0,13:14:42
002430,杭氧股份,32.03,-1.44,-4.302,32.03,32.04,33.47,33.3,33.4,32.03,12263780.0,398872479.0,13:14:42
002431,棕榈股份,2.72,-0.09,-3.203,2.72,2.73,2.81,2.8,2.81,2.71,56113358.0,154102786.0,13:14:42
002432,九安医疗,42.48,0.1,0.236,42.48,42.5,42.38,42.66,42.87,41.8,8003950.0,338729956.0,13:14:42
002434,万里扬,10.86,0.02,0.185,10.84,10.86,10.84,10.8,11.31,10.72,37894166.0,415714618.0,13:14:42
002436,兴森科技,24.73,-0.38,-1.513,24.68,24.73,25.11,25.29,25.34,23.68,99984726.0,2431205999.0,13:14:42
002437,誉衡药业,3.58,0.07,1.994,3.57,3.58,3.51,3.53,3.63,3.49,139923794.0,497378047.0,13:14:42
002438,江苏神通,16.25,-0.38,-2.285,16.23,16.25,16.63,16.6,16.65,16.22,9650732.0,158226955.0,13:14:42
002439,启明星辰,14.84,-0.3,-1.982,14.84,14.85,15.14,15.14,15.19,14.82,13103870.0,195880068.0,13:14:42
002440,闰土股份,9.62,0.23,2.449,9.61,9.63,9.39,9.43,9.95,9.42,69338124.0,667952659.0,13:14:42
002441,众业达,10.16,-0.08,-0.781,10.16,10.17,10.24,10.26,10.27,10.14,7632800.0,77861066.0,13:14:42
002442,龙星科技,6.43,-0.06,-0.924,6.42,6.43,6.49,6.49,6.52,6.38,8236403.0,52987680.0,13:14:42
002443,金洲管道,9.12,-0.21,-2.251,9.12,9.13,9.33,9.37,9.46,9.05,15112900.0,138594617.0,13:14:42
002444,巨星科技,37.17,-1.53,-3.953,37.17,37.22,38.7,38.5,38.64,37.14,11107000.0,416096925.0,13:14:42
002445,中南文化,2.75,-0.06,-2.135,2.75,2.76,2.81,2.82,2.84,2.75,56840494.0,157719548.0,13:14:42
002446,盛路通信,11.3,-0.71,-5.912,11.3,11.31,12.01,11.91,12.05,11.27,89798012.0,1047575508.0,13:14:42
002448,中原内配,14.1,-0.08,-0.564,14.1,14.11,14.18,14.18,14.67,14.1,17619055.0,252440067.0,13:14:39
002449,国星光电,8.73,-0.41,-4.486,8.73,8.74,9.14,8.96,8.96,8.72,20579020.0,180989131.0,13:14:42
002451,摩恩电气,11.21,-0.31,-2.691,11.21,11.22,11.52,11.45,11.66,11.17,23204732.0,265341678.0,13:14:42
002452,长高电新,10.17,-0.07,-0.684,10.17,10.18,10.24,10.33,10.43,10.16,24008500.0,246945806.0,13:14:42
002453,华软科技,6.17,-0.23,-3.594,6.17,6.18,6.4,6.41,6.45,6.17,19275900.0,120330540.0,13:14:42
002454,松芝股份,9.64,-0.17,-1.733,9.63,9.64,9.81,9.83,9.87,9.62,8809946.0,85598092.0,13:14:42
002455,百川股份,7.33,-0.09,-1.213,7.33,7.34,7.42,7.47,7.48,7.32,16362299.0,120913092.0,13:14:42
002456,欧菲光,10.51,-0.34,-3.134,10.51,10.52,10.85,10.84,10.87,10.48,88017076.0,932102480.0,13:14:42
002457,青龙管业,11.71,0.16,1.385,11.7,11.71,11.55,11.5,11.84,11.36,16147431.0,187036007.0,13:14:42
002458,益生股份,9.39,0.18,1.954,9.39,9.4,9.21,9.18,9.52,9.17,17029190.0,159180744.0,13:14:42
002459,晶澳科技,11.98,-0.43,-3.465,11.97,11.98,12.41,12.42,12.56,11.92,89936511.0,1092923610.0,13:14:42
002460,赣锋锂业,74.08,0.21,0.284,74.07,74.08,73.87,75.5,76.15,73.25,65052230.0,4874123341.0,13:14:42
002461,珠江啤酒,9.68,-0.05,-0.514,9.68,9.69,9.73,9.73,9.75,9.6,6010300.0,58170451.0,13:14:39
002462,嘉事堂,16.58,-0.26,-1.544,16.57,16.58,16.84,16.71,16.82,16.5,7476600.0,124252205.0,13:14:42
002463,沪电股份,71.6,-0.5,-0.693,71.59,71.6,72.1,71.8,72.45,70.8,34108174.0,2439987129.0,13:14:42
002465,海格通信,17.63,-1.94,-9.913,17.62,17.63,19.57,19.42,19.48,17.61,331198695.0,6035623905.0,13:14:42
002466,天齐锂业,61.93,-0.87,-1.385,61.92,61.93,62.8,64.0,64.55,61.51,56280981.0,3542579481.0,13:14:42
002467,二六三,6.79,-0.12,-1.737,6.78,6.79,6.91,6.89,7.05,6.78,89756865.0,619599525.0,13:14:42
002468,申通快递,13.35,-0.33,-2.412,13.35,13.36,13.68,13.68,13.73,13.21,17103700.0,229316911.0,13:14:42
002469,三维化学,9.42,-0.12,-1.258,9.42,9.43,9.54,9.54,9.63,9.41,16863038.0,160605757.0,13:14:42
002470,金正大,1.91,-0.03,-1.546,1.9,1.91,1.94,1.94,1.96,1.9,86044000.0,165479489.0,13:14:42
002471,中超控股,7.99,-0.57,-6.659,7.98,7.99,8.56,9.0,9.02,7.96,368805393.0,3115661788.0,13:14:42
002472,双环传动,45.27,-2.19,-4.614,45.27,45.3,47.46,47.99,49.47,45.25,23176301.0,1091949140.0,13:14:42
002474,榕基软件,8.9,-0.95,-9.645,8.9,8.91,9.85,9.68,9.75,8.9,57320500.0,531046169.0,13:14:42
002475,立讯精密,54.35,-1.15,-2.072,54.35,54.36,55.5,55.38,55.4,54.01,89998671.0,4906918223.0,13:14:42
002476,宝莫股份,6.89,-0.06,-0.863,6.89,6.9,6.95,6.95,7.06,6.86,12511180.0,86788739.0,13:14:42
002478,常宝股份,9.8,-0.43,-4.203,9.8,9.81,10.23,10.08,10.14,9.77,27711869.0,274508872.0,13:14:42
002479,富春环保,5.35,0.06,1.134,5.34,5.35,5.29,5.38,5.41,5.32,16873041.0,90358947.0,13:14:42
002480,新筑股份,6.28,-0.15,-2.333,6.28,6.29,6.43,6.41,6.43,6.28,7532000.0,47771705.0,13:14:42
002481,双塔食品,5.17,-0.01,-0.193,5.17,5.18,5.18,5.18,5.19,5.13,10601961.0,54676938.0,13:14:42
002482,广田集团,1.74,-0.02,-1.136,1.73,1.74,1.76,1.76,1.76,1.72,45313033.0,78680499.0,13:14:36
002483,润邦股份,7.59,0.03,0.397,7.59,7.6,7.56,7.55,7.73,7.51,12936956.0,98648782.0,13:14:42
002484,江海股份,30.58,-0.82,-2.611,30.57,30.58,31.4,31.28,31.59,30.21,22496168.0,690813071.0,13:14:42
002485,ST雪发,4.24,-0.13,-2.975,4.24,4.25,4.37,4.36,4.4,4.18,4170300.0,17761881.0,13:14:00
002486,嘉麟杰,3.18,-0.04,-1.242,3.17,3.18,3.22,3.22,3.24,3.16,19603648.0,62637736.0,13:14:42
002487,大金重工,61.65,0.67,1.099,61.65,61.66,60.98,60.99,62.79,60.13,11338907.0,698608435.0,13:14:42
002488,金固股份,12.66,0.24,1.932,12.65,12.66,12.42,12.4,13.0,12.3,57817772.0,738896762.0,13:14:42
002489,浙江永强,3.85,-0.03,-0.773,3.85,3.86,3.88,3.88,3.9,3.81,24149401.0,92937259.0,13:14:42
002490,山东墨龙,8.94,0.46,5.425,8.93,8.95,8.48,8.52,9.14,8.48,78554226.0,693858536.0,13:14:42
002491,通鼎互联,6.26,0.11,1.789,6.25,6.26,6.15,6.15,6.29,6.09,46444230.0,287904455.0,13:14:42
002492,恒基达鑫,8.65,-0.38,-4.208,8.65,8.66,9.03,8.84,9.06,8.34,25595350.0,219673930.0,13:14:42
002493,荣盛石化,13.77,0.05,0.364,13.75,13.77,13.72,13.72,14.07,13.62,41858421.0,580026576.0,13:14:42
002494,华斯股份,5.61,-0.07,-1.232,5.6,5.61,5.68,5.71,5.75,5.57,8387200.0,47150628.0,13:14:42
002495,佳隆股份,2.7,-0.03,-1.099,2.7,2.71,2.73,2.74,2.75,2.69,18239640.0,49536221.0,13:14:42
002496,*ST辉丰,2.01,-0.02,-0.985,2.01,2.02,2.03,2.02,2.02,1.98,10642840.0,21272003.0,13:14:36
002497,雅化集团,25.37,-0.53,-2.046,25.37,25.39,25.9,26.41,26.41,25.1,40127587.0,1032795552.0,13:14:42
002498,汉缆股份,6.12,0.18,3.03,6.12,6.13,5.94,5.99,6.53,5.86,346562639.0,2160367309.0,13:14:42
002500,山西证券,6.11,0.0,0.0,6.11,6.12,6.11,6.1,6.16,6.08,29023100.0,177666643.0,13:14:42
002501,利源股份,2.68,-0.03,-1.107,2.67,2.68,2.71,2.75,2.76,2.67,93565550.0,254203717.0,13:14:42
002506,协鑫集成,3.45,0.31,9.873,3.45,0.0,3.14,3.45,3.45,3.31,358253905.0,1234429227.0,13:14:42
002507,涪陵榨菜,13.24,0.03,0.227,13.24,13.25,13.21,13.19,13.29,13.08,13778341.0,181769631.0,13:14:42
002508,老板电器,20.25,-0.03,-0.148,20.25,20.26,20.28,20.28,20.45,20.11,4597008.0,93083575.0,13:14:42
002510,天汽模,7.72,-0.22,-2.771,7.72,7.73,7.94,7.9,7.91,7.72,37422976.0,291271124.0,13:14:42
002511,中顺洁柔,8.43,0.0,0.0,8.43,8.44,8.43,8.47,8.55,8.39,14261751.0,120683682.0,13:14:42
002512,达华智能,6.31,-0.54,-7.883,6.31,6.32,6.85,6.83,6.84,6.31,90810700.0,593016622.0,13:14:42
002513,蓝丰生化,7.64,-0.05,-0.65,7.64,7.65,7.69,7.7,7.9,7.6,18071005.0,139554114.0,13:14:42
002514,宝馨科技,6.06,-0.13,-2.1,6.06,6.07,6.19,6.27,6.27,6.04,24254600.0,148617225.0,13:14:42
002515,金字火腿,6.08,-0.14,-2.251,6.07,6.08,6.22,6.19,6.22,6.06,26563118.0,163013000.0,13:14:42
002516,旷达科技,6.95,-0.28,-3.873,6.95,6.96,7.23,7.31,7.32,6.94,24412711.0,172046621.0,13:14:42
002517,恺英网络,24.67,-0.95,-3.708,24.62,24.65,25.62,25.6,25.6,24.58,37154555.0,926912950.0,13:14:42
002518,科士达,56.82,-0.93,-1.61,56.82,56.85,57.75,57.69,59.55,56.1,9721440.0,559347289.0,13:14:42
002519,银河电子,8.42,-0.64,-7.064,8.42,8.43,9.06,9.29,9.38,8.41,179009915.0,1583179677.0,13:14:42
002520,日发精机,6.23,-0.23,-3.56,6.23,6.24,6.46,6.47,6.49,6.23,20809273.0,131887903.0,13:14:42
002521,齐峰新材,8.66,-0.03,-0.345,8.65,8.66,8.69,8.62,8.75,8.59,5089989.0,44041645.0,13:14:42
002522,浙江众成,6.09,-0.18,-2.871,6.08,6.09,6.27,6.33,6.36,6.08,32219301.0,199274988.0,13:14:42
002523,天桥起重,4.56,-0.09,-1.935,4.56,4.57,4.65,4.64,4.66,4.56,29853295.0,137435800.0,13:14:42
002524,光正眼科,5.05,0.46,10.022,5.05,0.0,4.59,4.62,5.05,4.56,22809800.0,113174498.0,13:14:33
002526,山东矿机,3.81,-0.07,-1.804,3.81,3.82,3.88,3.88,3.91,3.81,29728962.0,114347629.0,13:14:42
002527,新时达,17.34,-0.72,-3.987,17.33,17.34,18.06,18.35,18.52,17.32,27219301.0,484541140.0,13:14:42
002528,ST英飞拓,2.68,-0.06,-2.19,2.68,2.69,2.74,2.74,2.74,2.67,7310715.0,19706543.0,13:14:42
002529,*ST海源,7.0,-0.08,-1.13,7.0,7.01,7.08,7.09,7.1,6.91,4048900.0,28222892.0,13:14:39
002530,金财互联,10.78,-0.1,-0.919,10.78,10.79,10.88,11.0,11.23,10.7,34210594.0,374779305.0,13:14:42
002531,天顺风能,7.37,-0.15,-1.995,7.37,7.38,7.52,7.53,7.57,7.36,21763489.0,161620692.0,13:14:42
002532,天山铝业,19.16,-0.04,-0.208,19.17,19.18,19.2,19.39,19.86,19.1,52795669.0,1027743249.0,13:14:42
002533,金杯电工,14.05,0.04,0.286,14.04,14.05,14.01,14.0,14.16,13.9,17602039.0,247625895.0,13:14:42
002534,西子洁能,18.76,-0.18,-0.95,18.76,18.77,18.94,19.88,20.25,18.73,28251375.0,549915541.0,13:14:42
002535,林州重机,4.1,-0.01,-0.243,4.1,4.11,4.11,4.1,4.18,4.08,17359550.0,71611665.0,13:14:39
002536,飞龙股份,28.36,-0.39,-1.357,28.36,28.38,28.75,28.54,29.18,28.21,19608098.0,560421197.0,13:14:42
002537,海联金汇,8.66,-0.36,-3.991,8.65,8.66,9.02,8.95,9.05,8.65,37566097.0,330542343.0,13:14:42
002538,司尔特,7.27,0.05,0.693,7.26,7.27,7.22,7.36,7.4,7.22,36460883.0,266692397.0,13:14:42
002539,云图控股,14.15,0.37,2.685,14.12,14.15,13.78,14.11,14.58,14.04,32302031.0,460647317.0,13:14:42
002540,亚太科技,7.79,-0.12,-1.517,7.79,7.8,7.91,7.9,7.94,7.75,29187989.0,228765885.0,13:14:42
002541,鸿路钢构,21.0,-0.52,-2.416,21.01,21.03,21.52,21.53,21.7,20.94,4997380.0,106309148.0,13:14:42
002542,中化岩土,3.54,-0.1,-2.747,3.54,3.55,3.64,3.64,3.64,3.54,28165600.0,100718131.0,13:14:42
002543,万和电气,10.45,0.0,0.0,10.45,10.46,10.45,10.48,10.71,10.37,11887797.0,125312988.0,13:14:42
002544,普天科技,32.47,-1.91,-5.556,32.46,32.47,34.38,34.61,34.61,32.39,26854743.0,897888008.0,13:14:42
002545,东方铁塔,28.37,-0.63,-2.172,28.42,28.52,29.0,29.06,29.6,28.0,28323118.0,814686446.0,13:14:42
002546,新联电子,9.17,-0.39,-4.079,9.16,9.17,9.56,9.48,9.66,9.16,83954690.0,786832469.0,13:14:42
002547,春兴精工,4.69,-0.13,-2.697,4.69,4.7,4.82,4.84,4.86,4.69,26265000.0,124896194.0,13:14:42
002548,金新农,6.35,-0.15,-2.308,6.34,6.35,6.5,6.57,6.85,6.26,38364325.0,250507933.0,13:14:42
002549,凯美特气,22.98,-0.33,-1.416,22.97,22.99,23.31,23.31,23.31,22.9,23261373.0,536338558.0,13:14:42
002550,千红制药,8.42,0.12,1.446,8.41,8.42,8.3,8.37,8.49,8.17,27495247.0,228531109.0,13:14:42
002551,尚荣医疗,3.97,0.06,1.535,3.97,3.98,3.91,3.92,3.99,3.86,21571352.0,84750501.0,13:14:42
002552,宝鼎科技,19.87,0.56,2.9,19.87,19.88,19.31,19.9,20.5,19.69,15119300.0,303000744.0,13:14:42
002553,南方精工,29.58,-0.87,-2.857,29.57,29.58,30.45,30.5,30.74,29.5,27464953.0,825385481.0,13:14:42
002554,惠博普,4.09,-0.05,-1.208,4.09,4.1,4.14,4.14,4.2,4.05,65140492.0,268425040.0,13:14:42
002555,三七互娱,26.89,-0.6,-2.183,26.89,26.9,27.49,27.89,27.9,26.87,46186387.0,1257411364.0,13:14:42
002556,辉隆股份,6.39,0.02,0.314,6.38,6.39,6.37,6.41,6.47,6.38,14856972.0,95468530.0,13:14:42
002557,洽洽食品,23.0,-0.19,-0.819,23.0,23.01,23.19,23.13,23.17,22.81,4607191.0,105830605.0,13:14:42
002558,巨人网络,45.36,-4.45,-8.934,45.29,45.36,49.81,47.51,48.88,45.2,46901033.0,2182079715.0,13:14:42
002559,亚威股份,10.61,-0.31,-2.839,10.61,10.62,10.92,10.92,10.96,10.6,16033500.0,172025191.0,13:14:42
002560,通达股份,11.08,-0.04,-0.36,11.07,11.08,11.12,11.4,11.54,11.06,55286113.0,625109662.0,13:14:39
002561,徐家汇,9.07,-0.19,-2.052,9.07,9.08,9.26,9.16,9.19,8.96,14090277.0,127954802.0,13:14:42
002562,兄弟科技,7.06,-0.03,-0.423,7.05,7.06,7.09,7.07,7.12,6.98,26405000.0,185401592.0,13:14:42
002563,森马服饰,5.44,-0.04,-0.73,5.44,5.45,5.48,5.48,5.49,5.39,19607635.0,106631428.0,13:14:42
002564,天沃科技,7.95,-0.21,-2.574,7.94,7.95,8.16,8.16,8.18,7.91,15465900.0,123626838.0,13:14:42
002565,顺灏股份,16.73,0.25,1.517,16.73,16.74,16.48,16.5,17.2,15.28,134872747.0,2218417460.0,13:14:42
002566,益盛药业,8.29,0.09,1.098,8.28,8.29,8.2,8.19,8.31,8.18,4350150.0,35878704.0,13:14:42
002567,唐人神,4.45,0.16,3.73,4.44,4.45,4.29,4.3,4.47,4.25,63330927.0,275804751.0,13:14:42
002568,百润股份,21.41,-0.73,-3.297,21.41,21.43,22.14,22.07,22.22,21.3,9003447.0,193848095.0,13:14:42
002569,*ST步森,14.94,-0.77,-4.901,0.0,14.94,15.71,15.96,16.05,14.92,6488800.0,98749462.0,13:14:33
002570,贝因美,6.17,-0.07,-1.122,6.17,6.18,6.24,6.24,6.26,6.17,24553880.0,152221885.0,13:14:42
002571,德力股份,12.18,-0.17,-1.377,12.17,12.18,12.35,12.46,12.84,12.09,11676110.0,144223766.0,13:14:42
002572,索菲亚,14.09,-0.21,-1.469,14.09,14.1,14.3,14.25,14.34,14.08,8814558.0,124824561.0,13:14:42
002573,清新环境,3.97,0.0,0.0,3.97,3.98,3.97,3.98,4.0,3.93,11005160.0,43568505.0,13:14:42
002574,明牌珠宝,6.72,0.15,2.283,6.72,6.73,6.57,6.66,6.99,6.6,41289955.0,279301560.0,13:14:42
002575,群兴玩具,6.56,0.24,3.797,6.55,6.56,6.32,6.32,6.86,6.21,48571854.0,314365200.0,13:14:42
002576,通达动力,18.26,-0.21,-1.137,18.26,18.27,18.47,18.5,18.5,18.24,3036100.0,55740670.0,13:14:42
002577,雷柏科技,18.49,-0.24,-1.281,18.48,18.49,18.73,18.61,18.84,18.49,2738200.0,50878606.0,13:14:39
002578,闽发铝业,4.74,0.07,1.499,4.73,4.74,4.67,4.73,4.81,4.68,76466100.0,363239707.0,13:14:42
002579,中京电子,12.72,-0.12,-0.935,12.72,12.73,12.84,12.9,12.94,12.52,35065384.0,444937852.0,13:14:42
002580,圣阳股份,13.24,-0.23,-1.707,13.24,13.25,13.47,13.49,13.53,13.23,8065533.0,107667027.0,13:14:42
002581,ST未名,7.49,0.05,0.672,7.48,7.49,7.44,7.46,7.67,7.41,3696700.0,27726719.0,13:14:42
002582,好想你,14.56,-1.62,-10.012,0.0,14.56,16.18,16.17,16.42,14.56,66531831.0,992426856.0,13:14:39
002583,海能达,11.16,-0.38,-3.293,11.16,11.17,11.54,11.49,11.5,11.15,33634104.0,379155406.0,13:14:42
002584,西陇科学,9.86,-0.02,-0.202,9.86,9.87,9.88,9.82,10.02,9.65,51928500.0,511877742.0,13:14:42
002585,双星新材,7.65,-0.34,-4.255,7.64,7.65,7.99,7.87,7.93,7.61,47892759.0,372681068.0,13:14:42
002586,ST围海,4.78,0.01,0.21,4.77,4.78,4.77,4.77,4.89,4.71,9971100.0,47955301.0,13:14:33
002587,奥拓电子,6.96,-0.21,-2.929,6.96,6.97,7.17,7.17,7.17,6.92,17080400.0,119768901.0,13:14:42
002588,史丹利,10.83,-0.02,-0.184,10.82,10.83,10.85,10.86,11.03,10.79,11028594.0,120166672.0,13:14:42
002589,瑞康医药,3.68,0.09,2.507,3.67,3.68,3.59,3.56,3.75,3.5,109035083.0,391923478.0,13:14:42
002590,万安科技,14.95,-1.25,-7.716,14.95,14.96,16.2,16.15,16.19,14.94,21824496.0,334699862.0,13:14:42
002591,恒大高新,7.77,-0.11,-1.396,7.77,7.78,7.88,7.8,8.08,7.73,18792000.0,147683149.0,13:14:42
002592,ST八菱,11.24,0.32,2.93,11.22,11.24,10.92,11.38,11.47,10.94,11112800.0,125331740.0,13:14:27
002593,日上集团,5.9,-0.09,-1.503,5.89,5.9,5.99,5.99,6.04,5.88,20098700.0,119378186.0,13:14:39
002594,比亚迪,92.71,-0.94,-1.004,92.71,92.75,93.65,93.65,93.66,92.5,26290166.0,2440959593.0,13:14:42
002595,豪迈科技,83.93,-0.46,-0.545,83.91,83.94,84.39,84.39,85.5,83.5,2516300.0,212198069.0,13:14:42
002596,海南瑞泽,4.55,-0.17,-3.602,4.55,4.56,4.72,4.71,4.72,4.53,35776088.0,164121480.0,13:14:42
002597,金禾实业,22.46,-0.42,-1.836,22.46,22.47,22.88,22.85,22.88,22.31,6950078.0,156495576.0,13:14:42
002598,山东章鼓,10.1,-0.14,-1.367,10.08,10.1,10.24,10.31,10.35,10.08,5715500.0,58122582.0,13:14:42
002599,盛通股份,8.31,-0.43,-4.92,8.3,8.31,8.74,8.82,8.82,8.3,19689500.0,166818622.0,13:14:42
002600,领益智造,15.45,-0.44,-2.769,15.45,15.46,15.89,15.82,16.05,15.41,120420056.0,1883507681.0,13:14:42
002601,龙佰集团,21.94,0.14,0.642,21.94,21.96,21.8,21.84,22.55,21.84,24595559.0,545330802.0,13:14:42
002602,世纪华通,19.15,-0.37,-1.895,19.15,19.16,19.52,19.38,19.65,19.1,84237386.0,1626222445.0,13:14:42
002603,以岭药业,19.57,0.96,5.159,19.56,19.57,18.61,18.94,19.68,18.94,48647042.0,936922780.0,13:14:42
002605,姚记科技,26.19,-0.75,-2.784,26.2,26.21,26.94,27.0,27.17,26.19,8426400.0,223237114.0,13:14:42
002606,大连电瓷,10.9,-0.02,-0.183,10.9,10.91,10.92,10.92,11.25,10.76,34013409.0,375903963.0,13:14:42
002607,中公教育,2.91,-0.11,-3.642,2.91,2.92,3.02,3.0,3.05,2.91,204549304.0,606079253.0,13:14:42
002608,江苏国信,7.76,-0.02,-0.257,7.76,7.77,7.78,7.77,7.8,7.69,13021327.0,100911301.0,13:14:42
002609,捷顺科技,10.49,-0.31,-2.87,10.48,10.49,10.8,10.79,10.9,10.45,13102380.0,138870548.0,13:14:42
002611,东方精工,18.89,-0.91,-4.596,18.88,18.89,19.8,19.86,19.94,18.85,63642285.0,1227674119.0,13:14:45
002612,朗姿股份,20.0,-0.92,-4.398,20.0,20.01,20.92,20.83,20.91,19.91,14112982.0,286269728.0,13:14:45
002613,北玻股份,3.96,-0.05,-1.247,3.96,3.97,4.01,4.07,4.1,3.96,25055369.0,100277427.0,13:14:45
002614,奥佳华,7.61,-0.14,-1.806,7.6,7.61,7.75,7.78,7.8,7.6,15757200.0,121105434.0,13:14:45
002615,哈尔斯,8.48,-0.21,-2.417,8.48,8.49,8.69,8.6,8.66,8.47,9681300.0,82958018.0,13:14:45
002616,长青集团,5.74,-0.04,-0.692,5.73,5.74,5.78,5.79,5.8,5.7,8100099.0,46495251.0,13:14:42
002617,露笑科技,9.11,-0.49,-5.104,9.11,9.12,9.6,9.5,9.57,9.11,142696982.0,1324304487.0,13:14:45
002620,ST瑞和,6.44,0.03,0.468,6.44,6.45,6.41,6.38,6.54,6.3,5689150.0,36457512.0,13:14:45
002622,皓宸医疗,3.15,-0.03,-0.943,3.15,3.16,3.18,3.21,3.22,3.12,15933400.0,50291769.0,13:14:45
002623,亚玛顿,22.23,1.52,7.339,22.22,22.23,20.71,20.98,22.78,20.78,33683588.0,736750253.0,13:14:45
002624,完美世界,17.26,-0.6,-3.359,17.26,17.27,17.86,17.79,17.99,17.26,27112564.0,475686191.0,13:14:45
002625,光启技术,49.58,-0.64,-1.274,49.57,49.58,50.22,50.04,50.33,49.03,27500903.0,1363845086.0,13:14:45
002626,金达威,20.31,-0.12,-0.587,20.3,20.31,20.43,20.3,20.48,19.84,8476283.0,170295993.0,13:14:45
002627,三峡旅游,9.72,0.02,0.206,9.72,9.74,9.7,9.64,10.13,9.49,18535169.0,181180573.0,13:14:45
002628,成都路桥,4.87,0.14,2.96,4.87,4.88,4.73,4.86,4.94,4.8,51939565.0,253605560.0,13:14:45
002629,仁智股份,6.27,0.0,0.0,6.27,6.28,6.27,6.36,6.42,6.18,20889400.0,131779987.0,13:14:45
002630,ST华西,2.54,-0.09,-3.422,2.54,2.55,2.63,2.62,2.62,2.54,22161083.0,56981077.0,13:14:42
002631,德尔未来,5.76,-0.13,-2.207,5.76,5.77,5.89,5.9,5.91,5.76,9981231.0,58174040.0,13:14:42
002632,道明光学,12.86,-0.53,-3.958,12.86,12.87,13.39,13.45,13.46,12.85,19105400.0,248909530.0,13:14:42
002633,申科股份,16.59,-0.18,-1.073,16.58,16.59,16.77,17.1,17.12,16.51,1950100.0,32641126.0,13:14:33
002634,棒杰股份,5.42,-0.5,-8.446,5.42,5.43,5.92,5.95,5.99,5.41,19054466.0,107310911.0,13:14:39
002635,安洁科技,14.4,-0.22,-1.505,14.4,14.41,14.62,14.6,14.92,14.35,8505879.0,123783634.0,13:14:42
002636,金安国纪,26.45,0.82,3.199,26.42,26.45,25.63,25.51,27.13,25.23,66191061.0,1711130525.0,13:14:42
002637,赞宇科技,13.21,0.73,5.849,13.21,13.22,12.48,12.48,13.45,12.48,27548835.0,360819835.0,13:14:42
002638,勤上股份,3.15,-0.1,-3.077,3.15,3.16,3.25,3.23,3.23,3.13,27826750.0,88633707.0,13:14:45
002639,雪人集团,22.11,-1.33,-5.674,22.11,22.12,23.44,23.66,23.8,22.11,91380815.0,2088085432.0,13:14:45
002640,跨境通,4.17,-0.09,-2.113,4.17,4.18,4.26,4.22,4.25,4.16,46369552.0,194147594.0,13:14:45
002641,公元股份,4.52,-0.06,-1.31,4.52,4.53,4.58,4.55,4.57,4.51,15224830.0,69048528.0,13:14:42
002642,荣联科技,8.58,-0.24,-2.721,8.57,8.58,8.82,8.8,8.8,8.57,14953110.0,129382903.0,13:14:45
002643,万润股份,17.23,-0.49,-2.765,17.23,17.24,17.72,17.92,18.11,17.23,28689533.0,503481475.0,13:14:45
002644,佛慈制药,9.23,0.19,2.102,9.23,9.24,9.04,9.1,9.3,9.0,11490700.0,105154897.0,13:14:45
002645,华宏科技,16.44,-0.3,-1.792,16.43,16.44,16.74,16.7,16.71,16.3,16748669.0,275892580.0,13:14:45
002646,天佑德酒,8.93,-0.02,-0.223,8.92,8.93,8.95,8.95,8.95,8.85,4407408.0,39230201.0,13:14:42
002647,*ST仁东,9.9,0.45,4.762,9.9,9.91,9.45,9.52,9.92,9.4,19438800.0,190022878.0,13:14:45
002648,卫星化学,22.73,0.55,2.48,22.72,22.73,22.18,22.5,23.17,22.03,69310418.0,1569645332.0,13:14:45
002649,博彦科技,14.07,-0.37,-2.562,14.07,14.08,14.44,14.51,14.54,14.05,16916282.0,240471654.0,13:14:45
002650,ST加加,6.46,-0.12,-1.824,6.45,6.46,6.58,6.58,6.58,6.43,2956600.0,19103042.0,13:14:24
002651,利君股份,11.17,-0.59,-5.017,11.16,11.17,11.76,11.74,11.75,11.16,22202000.0,253024262.0,13:14:42
002652,扬子新材,4.02,-0.12,-2.899,4.02,4.03,4.14,4.14,4.14,3.97,22635180.0,91388826.0,13:14:42
002653,海思科,50.42,-0.18,-0.356,50.39,50.44,50.6,50.6,50.9,50.01,1361200.0,68596339.0,13:14:42
002654,万润科技,15.79,-0.36,-2.229,15.78,15.79,16.15,16.38,16.66,15.65,47687882.0,764458719.0,13:14:42
002655,共达电声,13.23,-0.26,-1.927,13.22,13.23,13.49,13.59,13.65,13.23,12256900.0,163909751.0,13:14:42
002656,*ST摩登,2.77,-0.05,-1.773,2.77,2.79,2.82,2.78,2.81,2.71,17276505.0,47551425.0,13:14:42
002657,中科金财,29.26,-1.23,-4.034,29.25,29.26,30.49,30.49,30.7,29.15,15285915.0,457722272.0,13:14:42
002658,雪迪龙,10.44,-0.3,-2.793,10.44,10.46,10.74,10.3,10.68,10.22,34742508.0,361823575.0,13:14:42
002659,凯文教育,6.56,0.0,0.0,6.56,6.57,6.56,6.58,7.07,6.55,37019900.0,250789610.0,13:14:42
002660,茂硕电源,9.73,-0.16,-1.618,9.73,9.74,9.89,9.9,9.9,9.72,4672603.0,45845906.0,13:14:42
002661,克明食品,9.52,0.03,0.316,9.51,9.52,9.49,9.49,9.57,9.41,2362782.0,22482987.0,13:14:33
002662,峰璟股份,4.27,-0.1,-2.288,4.27,4.28,4.37,4.38,4.39,4.25,43059974.0,185255914.0,13:14:42
002663,普邦股份,2.11,-0.06,-2.765,2.11,2.12,2.17,2.18,2.2,2.09,44228898.0,94095190.0,13:14:42
002664,信质集团,26.18,-1.29,-4.696,26.17,26.18,27.47,27.2,27.2,26.16,11167940.0,296913471.0,13:14:42
002666,德联集团,5.73,-0.1,-1.715,5.73,5.74,5.83,5.83,5.84,5.73,12303900.0,70949074.0,13:14:39
002667,威领股份,19.36,1.76,10.0,19.36,0.0,17.6,18.5,19.36,18.01,12033073.0,229259935.0,13:14:36
002668,TCL智家,10.08,-0.17,-1.659,10.08,10.09,10.25,10.22,10.28,10.03,10998355.0,111237977.0,13:14:42
002669,康达新材,15.27,-0.49,-3.109,15.27,15.28,15.76,15.9,15.92,15.21,10818600.0,167359304.0,13:14:42
002670,国盛证券,16.42,-0.09,-0.545,16.42,16.43,16.51,16.48,16.75,16.42,22174965.0,368063465.0,13:14:42
002671,龙泉股份,5.77,-0.05,-0.859,5.77,5.78,5.82,5.81,5.84,5.74,13349800.0,77269463.0,13:14:42
002672,东江环保,4.81,0.04,0.839,4.8,4.81,4.77,4.77,4.93,4.72,8950712.0,42978634.0,13:14:39
002673,西部证券,8.15,0.04,0.493,8.15,8.16,8.11,8.11,8.2,8.08,35696697.0,290507790.0,13:14:42
002674,兴业科技,14.5,-0.34,-2.291,14.49,14.5,14.84,14.8,14.83,14.28,5056800.0,73247509.0,13:14:42
002675,东诚药业,14.23,-0.32,-2.199,14.23,14.25,14.55,14.56,14.58,14.19,10228900.0,146263298.0,13:14:42
002676,顺威股份,8.72,-0.01,-0.115,8.71,8.72,8.73,8.78,9.14,8.71,23442999.0,208234581.0,13:14:39
002677,浙江美大,9.2,-0.42,-4.366,9.2,9.21,9.62,9.66,9.66,9.2,12502700.0,117597226.0,13:14:42
002678,珠江钢琴,5.28,-0.07,-1.308,5.28,5.29,5.35,5.35,5.38,5.25,7746420.0,41074972.0,13:14:42
002679,福建金森,12.7,-0.45,-3.422,12.7,12.71,13.15,14.26,14.47,12.69,33933411.0,470260846.0,13:14:42
002681,奋达科技,6.77,-0.11,-1.599,6.77,6.78,6.88,6.94,6.99,6.77,47038117.0,323049040.0,13:14:42
002682,龙洲股份,7.07,-0.41,-5.481,7.07,7.08,7.48,7.44,7.44,7.06,36181900.0,260610782.0,13:14:42
002683,广东宏大,48.31,-4.99,-9.362,48.31,48.32,53.3,52.9,53.11,48.1,24294481.0,1207746439.0,13:14:42
002685,华东重机,7.51,-0.09,-1.184,7.5,7.51,7.6,7.81,7.87,7.5,36412814.0,279774833.0,13:14:42
002686,亿利达,6.93,-0.07,-1.0,6.91,6.93,7.0,7.0,7.05,6.88,9902500.0,68831339.0,13:14:42
002687,乔治白,5.04,0.02,0.398,5.04,5.05,5.02,5.07,5.09,4.97,6489289.0,32617601.0,13:14:39
002688,金河生物,6.78,0.39,6.103,6.76,6.77,6.39,6.38,7.0,6.31,45458852.0,300289490.0,13:14:42
002689,ST远智,3.93,-0.06,-1.504,3.92,3.93,3.99,4.06,4.09,3.87,32682549.0,129825170.0,13:14:42
002690,美亚光电,21.1,-0.46,-2.134,21.1,21.12,21.56,21.6,21.6,20.85,7696880.0,162053202.0,13:14:45
002691,冀凯股份,9.14,-0.01,-0.109,9.14,9.15,9.15,9.17,9.3,9.09,8447300.0,77610513.0,13:14:48
002692,远程股份,5.67,-0.14,-2.41,5.67,5.68,5.81,5.79,5.8,5.67,11764000.0,67380892.0,13:14:48
002693,*ST双成,7.85,0.03,0.384,7.85,7.86,7.82,7.8,7.96,7.78,3755000.0,29445829.0,13:14:45
002694,顾地科技,3.8,-0.06,-1.554,3.8,3.81,3.86,3.86,3.87,3.79,7796900.0,29825088.0,13:14:48
002695,煌上煌,12.2,-0.13,-1.054,12.2,12.21,12.33,12.33,12.33,12.11,3709000.0,45304703.0,13:14:48
002696,百洋股份,7.79,-0.01,-0.128,7.78,7.79,7.8,7.78,7.84,7.7,6036057.0,46866154.0,13:14:42
002697,红旗连锁,6.06,-0.29,-4.567,6.05,6.06,6.35,6.3,6.3,6.05,56084789.0,344490566.0,13:14:48
002698,博实股份,17.01,-0.61,-3.462,17.01,17.02,17.62,17.63,17.74,16.98,17502630.0,301157646.0,13:14:45
002700,万憬能源,7.21,-0.02,-0.277,7.2,7.21,7.23,7.22,7.32,7.19,5470802.0,39648486.0,13:14:42
002701,奥瑞金,5.9,-0.06,-1.007,5.9,5.91,5.96,5.95,5.97,5.83,28260240.0,166426588.0,13:14:48
002702,海欣食品,6.75,-0.26,-3.709,6.75,6.76,7.01,6.95,6.98,6.75,22215610.0,151457047.0,13:14:48
002703,浙江世宝,22.32,-1.68,-7.0,22.31,22.32,24.0,24.03,24.43,22.0,53710632.0,1234972230.0,13:14:48
002705,新宝股份,14.7,-0.17,-1.143,14.7,14.72,14.87,14.88,14.9,14.65,4831800.0,71259594.0,13:14:48
002706,良信股份,11.41,-0.22,-1.892,11.41,11.42,11.63,11.63,11.75,11.39,20294500.0,233751265.0,13:14:48
002707,众信旅游,7.95,-0.43,-5.131,7.95,7.96,8.38,8.31,8.39,7.95,40758519.0,330905359.0,13:14:48
002708,光洋股份,13.82,-0.43,-3.018,13.81,13.82,14.25,14.29,14.65,13.81,16291100.0,230745915.0,13:14:48
002709,天赐材料,43.7,-0.55,-1.243,43.68,43.7,44.25,44.74,44.77,43.5,46026383.0,2028820452.0,13:14:48
002712,思美传媒,6.45,-0.1,-1.527,6.44,6.45,6.55,6.66,6.76,6.38,20968180.0,136632493.0,13:14:48
002713,*ST东易,9.08,-0.2,-2.155,9.08,9.09,9.28,9.21,9.25,8.82,21828796.0,195429563.0,13:14:48
002714,牧原股份,46.33,0.32,0.696,46.32,46.33,46.01,46.0,46.58,45.52,34243993.0,1576310646.0,13:14:48
002715,登云股份,17.09,-0.46,-2.621,17.09,17.1,17.55,17.55,17.75,16.88,3522800.0,60530560.0,13:14:45
002716,湖南白银,18.08,1.64,9.976,18.07,18.08,16.44,17.43,18.08,17.43,373730687.0,6662993824.0,13:14:48
002717,ST岭南,1.63,-0.01,-0.61,1.63,1.64,1.64,1.64,1.66,1.62,27056380.0,44339472.0,13:14:48
002718,友邦吊顶,67.0,-0.38,-0.564,66.95,67.05,67.38,68.61,71.59,65.0,2261200.0,155279237.0,13:14:48
002719,麦趣尔,9.1,-0.11,-1.194,9.09,9.1,9.21,9.22,9.29,8.93,4891600.0,44410047.0,13:14:45
002721,金一文化,3.8,0.19,5.263,3.79,3.8,3.61,3.61,3.96,3.61,253065900.0,955252036.0,13:14:48
002722,物产金轮,16.05,-0.1,-0.619,16.05,16.06,16.15,16.12,16.24,15.95,3021624.0,48583972.0,13:14:36
002723,小崧股份,8.82,-0.16,-1.782,8.81,8.82,8.98,8.95,9.1,8.76,10062200.0,89615250.0,13:14:45
002724,海洋王,7.01,-0.08,-1.128,7.01,7.02,7.09,7.1,7.12,7.0,4922420.0,34652866.0,13:14:48
002725,跃岭股份,15.17,-0.48,-3.067,15.16,15.17,15.65,15.66,15.7,15.16,7723000.0,118278247.0,13:14:48
002726,龙大美食,4.28,0.01,0.234,4.28,4.29,4.27,4.27,4.3,4.22,13723433.0,58467769.0,13:14:48
002727,一心堂,14.01,-0.03,-0.214,14.0,14.01,14.04,13.99,14.08,13.71,14105274.0,195458438.0,13:14:48
002728,特一药业,13.19,1.2,10.008,13.19,0.0,11.99,12.14,13.19,12.12,56579499.0,720566645.0,13:14:48
002729,好利科技,18.35,-0.2,-1.078,18.35,18.36,18.55,18.55,18.69,18.2,5365572.0,98741829.0,13:14:45
002730,电光科技,15.65,-0.3,-1.881,15.64,15.65,15.95,15.94,16.02,15.64,3967704.0,62666934.0,13:14:45
002731,萃华珠宝,14.92,1.03,7.415,14.91,14.92,13.89,14.5,15.28,14.45,53213920.0,797346654.0,13:14:48
002732,燕塘乳业,17.56,-0.09,-0.51,17.55,17.56,17.65,17.68,17.68,17.41,1393000.0,24484400.0,13:14:45
002733,雄韬股份,21.05,-0.64,-2.951,21.05,21.06,21.69,21.69,21.8,21.01,8254800.0,176106966.0,13:14:48
002734,利民股份,18.54,0.86,4.864,18.53,18.54,17.68,17.82,18.62,17.81,46463809.0,851177933.0,13:14:48
002735,王子新材,19.35,-0.7,-3.491,19.35,19.36,20.05,19.85,20.09,19.31,20598900.0,406599496.0,13:14:48
002736,国信证券,12.58,0.02,0.159,12.58,12.59,12.56,12.57,12.75,12.56,49221692.0,622165473.0,13:14:48
002737,葵花药业,14.72,0.02,0.136,14.72,14.73,14.7,14.73,14.76,14.6,2717000.0,39835348.0,13:14:48
002738,中矿资源,96.13,-0.37,-0.383,96.13,96.14,96.5,96.5,100.86,95.5,20148380.0,1980552835.0,13:14:48
002739,万达电影,11.68,0.06,0.516,11.68,11.69,11.62,11.66,11.94,11.65,47291190.0,555647020.0,13:14:48
002741,光华科技,22.56,-0.63,-2.717,22.54,22.55,23.19,23.23,23.31,22.52,15730036.0,357794270.0,13:14:48
002742,*ST三圣,4.27,-0.08,-1.839,4.26,4.27,4.35,4.35,4.36,4.24,4042200.0,17325935.0,13:14:48
002743,富煌钢构,5.87,-0.07,-1.178,5.87,5.88,5.94,5.96,5.96,5.82,8484399.0,49882168.0,13:14:45
002745,木林森,10.33,-0.57,-5.229,10.32,10.33,10.9,10.8,10.85,10.22,58567400.0,610564389.0,13:14:48
002746,仙坛股份,6.32,0.01,0.158,6.31,6.32,6.31,6.31,6.34,6.25,13726813.0,86526400.0,13:14:48
002747,埃斯顿,25.38,-0.35,-1.36,25.37,25.38,25.73,25.87,26.47,25.29,23789494.0,612090613.0,13:14:48
002748,世龙实业,12.59,-0.24,-1.871,12.58,12.59,12.83,12.9,12.95,12.57,6540900.0,83136305.0,13:14:48
002749,国光股份,13.61,-0.01,-0.073,13.61,13.62,13.62,13.65,13.82,13.59,3186849.0,43634242.0,13:14:48
002752,昇兴股份,6.79,-0.11,-1.594,6.79,6.8,6.9,6.93,6.96,6.76,15998730.0,109225044.0,13:14:48
002753,永东股份,7.7,-0.04,-0.517,7.69,7.7,7.74,7.75,7.78,7.62,7817450.0,60115790.0,13:14:42
002755,奥赛康,17.06,-0.6,-3.398,17.06,17.07,17.66,17.69,17.78,16.86,12016000.0,205849304.0,13:14:48
002756,永兴材料,56.35,0.22,0.392,56.33,56.35,56.13,57.25,57.89,55.9,16188568.0,919067430.0,13:14:48
002757,南兴股份,20.25,-0.73,-3.48,20.25,20.26,20.98,20.95,21.2,20.23,20028243.0,412932096.0,13:14:48
002758,浙农股份,10.72,-0.02,-0.186,10.72,10.73,10.74,10.72,10.84,10.67,7279212.0,78348078.0,13:14:48
002759,天际股份,43.86,1.51,3.566,43.85,43.86,42.35,42.35,44.25,41.12,63933637.0,2748183308.0,13:14:48
002760,凤形股份,24.07,0.18,0.753,24.07,24.08,23.89,23.96,24.44,23.68,4231800.0,101992952.0,13:14:48
002761,浙江建投,8.78,-0.07,-0.791,8.78,8.79,8.85,8.86,8.88,8.73,9171589.0,80581537.0,13:14:48
002762,*ST金比,7.26,-0.31,-4.095,7.26,7.27,7.57,7.57,7.57,7.25,3056162.0,22442378.0,13:14:48
002763,汇洁股份,7.99,-0.06,-0.745,7.99,8.0,8.05,8.05,8.08,7.93,7607300.0,60977441.0,13:14:42
002765,蓝黛科技,12.58,-0.52,-3.969,12.58,12.59,13.1,13.19,13.28,12.57,22811300.0,292455012.0,13:14:48
002766,索菱股份,6.01,-0.33,-5.205,6.0,6.01,6.34,6.3,6.31,5.99,43566300.0,265904396.0,13:14:48
002767,先锋电子,23.95,0.03,0.125,23.95,23.96,23.92,24.13,24.39,23.88,4199050.0,101322649.0,13:14:48
002768,国恩股份,58.26,-0.6,-1.019,58.25,58.26,58.86,59.0,60.22,57.77,1977900.0,116418673.0,13:14:48
002769,普路通,12.58,-0.47,-3.602,12.57,12.58,13.05,13.04,13.18,12.56,14660094.0,187892406.0,13:14:48
002771,真视通,15.55,-0.34,-2.14,15.55,15.56,15.89,15.94,15.94,15.51,3640400.0,57033537.0,13:14:42
002772,众兴菌业,15.74,0.09,0.575,15.74,15.75,15.65,15.61,15.93,15.48,7010605.0,109990587.0,13:14:48
002773,康弘药业,31.72,-0.86,-2.64,31.72,31.77,32.58,32.52,32.69,31.36,8111400.0,257714543.0,13:14:48
002774,快意电梯,11.36,-0.42,-3.565,11.35,11.36,11.78,11.74,11.74,11.33,10704300.0,122598263.0,13:14:48
002775,文科股份,4.62,0.05,1.094,4.61,4.62,4.57,4.55,4.65,4.48,24392805.0,111299943.0,13:14:48
002777,久远银海,20.14,-0.91,-4.323,20.14,20.15,21.05,21.0,21.0,20.11,15923505.0,324954918.0,13:14:48
002778,中晟高科,22.75,0.34,1.517,22.75,22.76,22.41,22.44,23.09,22.34,3408682.0,77532479.0,13:14:48
002779,中坚科技,107.06,-4.89,-4.368,107.03,107.06,111.95,111.86,112.3,106.63,3843620.0,415504537.0,13:14:48
002780,三夫户外,15.13,-1.59,-9.51,15.13,15.14,16.72,15.8,15.99,15.06,24662768.0,381881150.0,13:14:48
002782,可立克,21.7,-0.77,-3.427,21.69,21.7,22.47,22.28,22.4,21.47,14618445.0,318846395.0,13:14:48
002783,凯龙股份,10.84,-0.2,-1.812,10.84,10.85,11.04,11.04,11.1,10.83,22754452.0,248190494.0,13:14:48
002785,万里石,43.95,-0.68,-1.524,43.97,43.98,44.63,45.2,45.22,42.94,11490697.0,503878782.0,13:14:45
002786,银宝山新,8.88,-0.16,-1.77,8.87,8.88,9.04,9.03,9.03,8.85,5514300.0,49176785.0,13:14:48
002787,华源控股,12.82,-0.91,-6.628,12.81,12.82,13.73,13.73,13.78,12.75,15703700.0,206673461.0,13:14:48
002788,鹭燕医药,16.98,-0.63,-3.578,16.97,16.98,17.61,17.55,17.78,16.46,45069345.0,760844687.0,13:14:48
002789,*ST建艺,10.13,-0.21,-2.031,10.12,10.13,10.34,10.34,10.34,10.04,3401300.0,34409000.0,13:14:03
002790,瑞尔特,8.7,-0.18,-2.027,8.69,8.7,8.88,8.88,8.88,8.67,4440100.0,38851706.0,13:14:48
002791,坚朗五金,22.95,-0.07,-0.304,22.93,22.94,23.02,23.02,23.19,22.71,5548636.0,127331143.0,13:14:48
002792,通宇通讯,53.11,0.94,1.802,53.1,53.11,52.17,53.5,55.5,51.14,96885449.0,5221913640.0,13:14:48
002793,罗欣药业,5.1,0.04,0.791,5.09,5.1,5.06,5.07,5.12,5.01,11274300.0,57057902.0,13:14:48
002795,永和智控,7.08,-0.17,-2.345,7.08,7.09,7.25,7.3,7.3,6.88,28659200.0,202182941.0,13:14:48
002796,世嘉科技,46.36,0.97,2.137,46.36,46.45,45.39,44.04,47.4,44.01,15130532.0,690559905.0,13:14:48
002797,第一创业,7.1,0.0,0.0,7.1,7.11,7.1,7.1,7.19,7.05,66519639.0,473582955.0,13:14:48
002798,帝欧水华,6.69,-0.48,-6.695,6.68,6.69,7.17,7.21,7.22,6.68,19331574.0,132417207.0,13:14:48
002799,环球印务,9.24,-0.21,-2.222,9.23,9.24,9.45,9.46,9.49,9.16,8567700.0,79641070.0,13:14:48
002800,天顺股份,16.89,-0.09,-0.53,16.86,16.88,16.98,16.99,17.3,16.63,4724892.0,80317188.0,13:14:45
002801,微光股份,37.74,-0.66,-1.719,37.74,37.78,38.4,38.33,38.74,37.7,2189890.0,83525092.0,13:14:48
002802,洪汇新材,13.34,-0.01,-0.075,13.33,13.34,13.35,13.42,13.46,13.15,2403580.0,31970403.0,13:14:48
002803,吉宏股份,19.35,-1.05,-5.147,19.35,19.36,20.4,20.34,20.55,19.35,11388700.0,224303783.0,13:14:48
002805,丰元股份,17.14,-0.32,-1.833,17.14,17.15,17.46,17.5,17.71,17.12,11188020.0,194860221.0,13:14:48
002806,华锋股份,13.42,0.02,0.149,13.42,13.43,13.4,13.4,13.53,13.25,5911762.0,79159545.0,13:14:48
002807,江阴银行,4.54,0.02,0.442,4.53,4.54,4.52,4.53,4.55,4.48,29169623.0,131642472.0,13:14:48
002808,*ST恒久,5.54,-0.29,-4.974,0.0,5.54,5.83,5.8,5.8,5.54,4668900.0,26065878.0,13:14:21
002809,红墙股份,14.18,0.93,7.019,14.17,14.18,13.25,13.13,14.58,13.1,45145417.0,626113154.0,13:14:48
002810,山东赫达,17.64,-0.95,-5.11,17.63,17.64,18.59,18.8,18.8,17.6,19233498.0,344969393.0,13:14:48
002811,郑中设计,16.21,-0.38,-2.291,16.2,16.21,16.59,16.54,16.59,16.08,4693100.0,76314678.0,13:14:48
002812,恩捷股份,51.76,-1.12,-2.118,51.76,51.78,52.88,53.28,53.58,51.51,13823297.0,722800704.0,13:14:48
002813,路畅科技,28.47,-1.71,-5.666,28.47,28.48,30.18,29.94,30.1,28.47,3697300.0,107636708.0,13:14:48
002815,崇达技术,15.66,-0.49,-3.034,15.65,15.66,16.15,16.01,16.14,15.51,57683807.0,910798528.0,13:14:48
002816,*ST和科,28.25,0.95,3.48,28.25,28.29,27.3,28.43,28.67,27.83,3874827.0,109602671.0,13:14:48
002817,黄山胶囊,8.13,-0.01,-0.123,8.13,8.14,8.14,8.19,8.19,8.05,4945672.0,40106278.0,13:14:39
002818,富森美,11.69,-0.35,-2.907,11.68,11.69,12.04,11.99,12.0,11.65,6343528.0,74534947.0,13:14:48
002819,东方中科,28.8,-0.96,-3.226,28.8,28.81,29.76,29.77,29.8,28.76,4186100.0,121811196.0,13:14:48
002820,桂发祥,12.51,-0.12,-0.95,12.5,12.51,12.63,12.65,12.76,12.43,5049320.0,63397383.0,13:14:48
002821,凯莱英,101.67,-2.63,-2.522,101.5,101.67,104.3,104.3,104.5,101.2,2899947.0,296119605.0,13:14:48
002822,ST中装,3.63,-0.06,-1.626,3.62,3.63,3.69,3.68,3.68,3.62,11086146.0,40383347.0,13:14:48
002823,凯中精密,16.83,-0.43,-2.491,16.83,16.85,17.26,17.27,17.27,16.8,5780483.0,98364395.0,13:14:48
002824,和胜股份,23.37,0.07,0.3,23.37,23.38,23.3,23.2,23.95,22.56,12590682.0,293157345.0,13:14:48
002825,纳尔股份,10.89,-0.31,-2.768,10.88,10.89,11.2,11.19,11.19,10.88,6714965.0,73808021.0,13:14:48
002826,易明医药,19.21,0.19,0.999,19.18,19.2,19.02,19.03,19.35,18.8,5199300.0,99195420.0,13:14:48
002827,高争民爆,36.46,-0.97,-2.592,36.45,36.46,37.43,37.43,37.45,36.41,3591250.0,132338834.0,13:14:48
002828,贝肯能源,12.69,0.29,2.339,12.68,12.69,12.4,12.48,12.9,12.44,25140080.0,319119847.0,13:14:48
002829,星网宇达,29.67,-0.81,-2.657,29.66,29.67,30.48,30.5,30.64,29.5,9210700.0,275440944.0,13:14:48
002830,名雕股份,21.15,-0.12,-0.564,21.15,21.16,21.27,21.18,21.54,20.53,3856700.0,81002901.0,13:14:48
002831,裕同科技,27.07,-0.68,-2.45,27.07,27.09,27.75,27.74,27.74,27.0,3626820.0,98765645.0,13:14:48
002832,比音勒芬,15.21,-0.15,-0.977,15.21,15.23,15.36,15.36,15.4,15.12,5675980.0,86342909.0,13:14:48
002833,弘亚数控,18.28,-0.32,-1.72,18.27,18.29,18.6,18.56,18.71,18.27,5170103.0,95290824.0,13:14:48
002835,同为股份,17.01,-0.27,-1.563,16.99,17.01,17.28,17.28,17.29,16.95,2050088.0,34945453.0,13:14:48
002836,新宏泽,15.89,-0.31,-1.914,15.88,15.89,16.2,16.1,16.27,15.82,2954804.0,47201278.0,13:14:48
002837,英维克,97.7,0.35,0.36,97.7,97.71,97.35,96.5,100.76,96.25,21584506.0,2123854718.0,13:14:48
002838,道恩股份,29.03,-0.37,-1.259,29.03,29.04,29.4,29.45,29.84,28.95,4781911.0,140265173.0,13:14:42
002839,张家港行,4.49,0.02,0.447,4.49,4.5,4.47,4.47,4.51,4.44,21322550.0,95426529.0,13:14:45
002840,华统股份,9.7,0.04,0.414,9.7,9.71,9.66,9.68,9.75,9.58,9731897.0,93980685.0,13:14:48
002841,视源股份,40.63,-1.71,-4.039,40.62,40.63,42.34,42.19,42.27,40.53,4955540.0,203611764.0,13:14:48
002842,翔鹭钨业,24.51,2.23,10.009,24.51,0.0,22.28,22.3,24.51,22.01,42180580.0,1000202101.0,13:14:48
002843,泰嘉股份,21.8,0.05,0.23,21.77,21.8,21.75,21.76,22.38,21.6,7462991.0,163558644.0,13:14:48
002845,同兴达,15.26,-0.18,-1.166,15.26,15.27,15.44,15.38,15.64,15.21,6386520.0,98095774.0,13:14:45
002846,英联股份,18.06,-0.12,-0.66,18.05,18.06,18.18,18.19,18.6,17.89,15776565.0,288627570.0,13:14:48
002847,盐津铺子,70.46,-0.66,-0.928,70.45,70.46,71.12,71.05,71.51,69.6,2271155.0,159528706.0,13:14:48
002848,*ST高斯,12.67,0.53,4.366,12.65,12.67,12.14,12.75,12.75,12.43,10234540.0,130317444.0,13:14:48
002849,威星智能,19.23,-0.6,-3.026,19.22,19.23,19.83,20.0,20.2,19.16,6534217.0,127328189.0,13:14:48
002850,科达利,163.78,-6.59,-3.868,163.78,163.94,170.37,175.19,176.86,162.39,6303911.0,1053517191.0,13:14:48
002851,麦格米特,126.07,5.45,4.518,126.07,126.14,120.62,119.86,128.88,119.81,18633003.0,2339785014.0,13:14:48
002852,道道全,11.36,-0.05,-0.438,11.36,11.37,11.41,11.43,11.44,11.25,3980727.0,45090756.0,13:14:45
002853,皮阿诺,26.59,-0.45,-1.664,26.59,26.6,27.04,27.01,28.35,26.17,7762802.0,209058289.0,13:14:48
002855,捷荣技术,16.58,-0.37,-2.183,16.58,16.59,16.95,16.95,17.0,16.55,2698600.0,45006692.0,13:14:39
002856,美芝股份,15.59,0.14,0.906,15.54,15.57,15.45,15.45,15.97,15.29,4016460.0,62426940.0,13:14:48
002857,三晖电气,23.87,-0.13,-0.542,23.87,23.88,24.0,24.16,24.61,22.88,7575000.0,179987232.0,13:14:45
002858,力盛体育,15.97,-0.78,-4.657,15.97,15.98,16.75,16.45,16.65,15.9,6717300.0,108620983.0,13:14:48
002859,洁美科技,38.68,0.24,0.624,38.66,38.71,38.44,38.16,39.14,38.16,7665260.0,296173562.0,13:14:48
002860,星帅尔,15.15,0.23,1.542,15.15,15.16,14.92,16.4,16.4,15.11,56843466.0,886241363.0,13:14:48
002861,瀛通通讯,18.73,-0.19,-1.004,18.73,18.74,18.92,18.88,19.24,18.35,5311040.0,99544360.0,13:14:48
002862,实丰文化,19.16,-0.33,-1.693,19.15,19.17,19.49,19.49,19.62,19.1,4330388.0,83341219.0,13:14:48
002863,今飞凯达,6.06,-0.15,-2.415,6.06,6.07,6.21,6.2,6.21,6.06,13751952.0,83975006.0,13:14:48
002864,盘龙药业,37.43,0.32,0.862,37.41,37.43,37.11,36.99,37.75,36.72,4424238.0,165322051.0,13:14:48
002865,钧达股份,106.24,6.8,6.838,106.14,106.2,99.44,109.38,109.38,105.55,31857217.0,3452353889.0,13:14:48
002866,传艺科技,19.21,-0.4,-2.04,19.2,19.21,19.61,19.62,19.75,19.2,7849900.0,152783409.0,13:14:48
002867,周大生,13.27,0.35,2.709,13.26,13.27,12.92,13.09,13.51,12.98,24796536.0,328644153.0,13:14:48
002868,*ST绿康,36.78,-0.5,-1.341,36.76,36.8,37.28,37.28,37.58,36.75,696495.0,25686733.0,13:14:42
002869,金溢科技,25.44,0.09,0.355,25.44,25.45,25.35,25.31,26.1,25.03,7598079.0,194681292.0,13:14:48
002870,香山股份,39.19,-1.19,-2.947,39.19,39.23,40.38,40.3,40.61,38.88,3607200.0,142367411.0,13:14:48
002871,伟隆股份,20.26,0.0,0.0,20.26,20.27,20.26,20.52,20.7,20.16,2711687.0,55261396.0,13:14:48
002872,ST天圣,5.01,-0.08,-1.572,5.01,5.02,5.09,5.08,5.09,4.99,3432350.0,17252811.0,13:14:18
002873,新天药业,10.65,0.04,0.377,10.65,10.66,10.61,10.61,10.71,10.52,4504626.0,47792668.0,13:14:42
002875,安奈儿,17.47,-0.16,-0.908,17.46,17.47,17.63,17.7,17.94,17.43,3349190.0,59007202.0,13:14:48
002876,三利谱,26.83,-1.03,-3.697,26.82,26.83,27.86,27.89,27.89,26.74,6878512.0,186254521.0,13:14:48
002877,智能自控,9.61,-0.19,-1.939,9.61,9.62,9.8,9.79,9.82,9.6,8145720.0,78930156.0,13:14:48
002878,元隆雅图,20.1,-0.01,-0.05,20.1,20.11,20.11,20.55,20.59,19.85,12711200.0,256284350.0,13:14:48
002879,长缆科技,22.31,-0.77,-3.336,22.31,22.32,23.08,22.85,22.9,22.2,10375728.0,233080679.0,13:14:48
002880,卫光生物,27.23,0.61,2.292,27.2,27.24,26.62,26.85,27.23,26.7,1563485.0,42160219.0,13:14:48
002881,美格智能,46.63,-1.82,-3.756,46.63,46.64,48.45,48.2,48.2,46.62,5994281.0,282915309.0,13:14:45
002882,金龙羽,33.75,-0.77,-2.231,33.75,33.76,34.52,34.52,34.8,33.75,5866100.0,200948324.0,13:14:48
002883,中设股份,11.4,-0.11,-0.956,11.4,11.42,11.51,11.51,11.54,11.29,2336920.0,26673892.0,13:14:48
002884,凌霄泵业,17.84,0.0,0.0,17.84,17.85,17.84,17.85,17.97,17.71,2432036.0,43445477.0,13:14:45
002885,京泉华,28.79,-0.81,-2.736,28.79,28.8,29.6,29.37,29.8,28.79,14613719.0,427269684.0,13:14:48
002886,沃特股份,23.53,-1.04,-4.233,23.52,23.53,24.57,24.5,24.5,23.49,9288258.0,221773477.0,13:14:45
002887,绿茵生态,9.84,-0.03,-0.304,9.84,9.85,9.87,9.87,10.02,9.78,3070140.0,30283468.0,13:14:48
002888,惠威科技,20.8,-0.25,-1.188,20.8,20.81,21.05,20.9,21.07,20.71,2112220.0,44050698.0,13:14:30
002889,东方嘉盛,15.34,-0.17,-1.096,15.33,15.34,15.51,15.6,15.6,15.33,2613289.0,40282131.0,13:14:48
002890,弘宇股份,16.25,0.21,1.309,16.24,16.25,16.04,16.16,16.58,16.0,3129182.0,50821505.0,13:14:39
002891,中宠股份,50.44,0.92,1.858,50.44,50.45,49.52,51.0,52.47,50.15,6943157.0,356956767.0,13:14:48
002892,科力尔,13.29,-0.33,-2.423,13.28,13.29,13.62,13.7,13.77,13.28,14887523.0,200740047.0,13:14:48
002893,京能热力,11.76,-0.19,-1.59,11.75,11.76,11.95,11.92,11.95,11.72,5838100.0,69019090.0,13:14:45
002895,川恒股份,41.33,0.08,0.194,41.33,41.34,41.25,41.09,42.5,41.0,12198004.0,509206873.0,13:14:48
002896,中大力德,83.55,-4.61,-5.229,83.51,83.55,88.16,89.02,89.64,83.5,9213875.0,787275178.0,13:14:48
002897,意华股份,53.98,-1.1,-1.997,53.96,53.98,55.08,55.8,55.98,53.16,7448030.0,403090990.0,13:14:48
002898,*ST赛隆,14.02,-0.63,-4.3,14.02,14.05,14.65,14.68,14.77,13.92,1914480.0,27088969.0,13:14:48
002899,英派斯,33.63,-0.59,-1.724,33.63,33.64,34.22,34.56,34.78,33.5,3184670.0,108064477.0,13:14:48
002900,哈三联,13.39,0.26,1.98,13.39,13.4,13.13,13.16,13.49,13.04,5203100.0,68965426.0,13:14:48
002901,大博医疗,48.56,-1.59,-3.17,48.56,48.58,50.15,50.15,50.15,48.31,2084799.0,101632617.0,13:14:48
002902,铭普光磁,21.07,-0.54,-2.499,21.06,21.08,21.61,21.61,21.75,21.04,6921500.0,147512831.0,13:14:48
002903,宇环数控,23.04,-1.22,-5.029,23.03,23.04,24.26,24.29,24.38,23.03,4943000.0,116640815.0,13:14:48
002905,金逸影视,11.27,-0.07,-0.617,11.27,11.28,11.34,11.34,11.44,11.21,5385180.0,61007455.0,13:14:48
002906,华阳集团,33.35,-1.18,-3.417,33.35,33.36,34.53,34.6,34.92,33.28,9465574.0,319183823.0,13:14:45
002907,华森制药,15.49,0.17,1.11,15.48,15.49,15.32,15.33,15.53,15.17,4014114.0,61553075.0,13:14:45
002908,德生科技,10.1,-0.3,-2.885,10.1,10.11,10.4,10.41,10.43,10.1,10050742.0,102487946.0,13:14:48
002909,集泰股份,7.51,-0.14,-1.83,7.51,7.52,7.65,7.65,7.69,7.48,13917808.0,105374234.0,13:14:48
002910,庄园牧场,12.04,-0.14,-1.149,12.04,12.05,12.18,12.19,12.19,11.95,5637201.0,68018963.0,13:14:48
002911,佛燃能源,14.07,0.13,0.933,14.06,14.07,13.94,13.99,14.24,13.76,10884880.0,152850039.0,13:14:48
002912,中新赛克,31.88,-0.98,-2.982,31.83,31.86,32.86,32.79,33.24,31.81,2476276.0,80209949.0,13:14:48
002913,奥士康,42.36,-1.22,-2.799,42.35,42.36,43.58,43.4,43.72,41.93,5214900.0,221976930.0,13:14:48
002915,中欣氟材,24.25,-0.75,-3.0,24.24,24.25,25.0,25.02,25.22,24.18,11381954.0,280706191.0,13:14:48
002916,深南电路,243.87,-3.6,-1.455,243.77,243.91,247.47,246.11,247.31,241.3,6221450.0,1516358601.0,13:14:48
002917,金奥博,14.6,-0.27,-1.816,14.59,14.6,14.87,14.85,14.85,14.56,7378400.0,108064219.0,13:14:45
002918,蒙娜丽莎,16.78,-0.24,-1.41,16.75,16.78,17.02,16.96,17.0,16.48,3810395.0,63613576.0,13:14:45
002919,名臣健康,25.25,-1.47,-5.501,25.25,25.26,26.72,26.72,26.74,25.2,7219881.0,185867709.0,13:14:48
002920,德赛西威,129.22,-5.61,-4.161,129.22,129.24,134.83,134.2,134.2,128.91,10674626.0,1393524614.0,13:14:48
002921,联诚精密,23.55,-0.49,-2.038,23.52,23.55,24.04,24.69,25.12,23.31,8757522.0,211733119.0,13:14:48
002922,伊戈尔,40.56,-0.58,-1.41,40.56,40.58,41.14,40.89,41.85,40.04,16518014.0,675633189.0,13:14:48
002923,润都股份,13.36,-0.14,-1.037,13.36,13.37,13.5,13.56,13.56,13.21,4180934.0,55934413.0,13:14:48
002925,盈趣科技,20.4,-0.51,-2.439,20.38,20.4,20.91,20.85,20.98,20.18,12366037.0,252379340.0,13:14:48
002926,华西证券,9.29,0.01,0.108,9.29,9.3,9.28,9.28,9.38,9.25,18956043.0,176522801.0,13:14:48
002927,泰永长征,19.74,-1.25,-5.955,19.73,19.74,20.99,21.0,21.0,19.71,11031787.0,222574226.0,13:14:48
002928,华夏航空,10.99,-0.03,-0.272,10.98,10.99,11.02,10.99,11.27,10.91,14548088.0,161073483.0,13:14:48
002929,润建股份,45.02,0.09,0.2,45.01,45.04,44.93,45.88,46.95,44.89,7581579.0,347441598.0,13:14:45
002930,宏川智慧,11.09,-0.14,-1.247,11.08,11.09,11.23,11.22,11.48,11.05,5066310.0,56748693.0,13:14:48
002931,锋龙股份,0.0,0.0,0.0,0.0,0.0,99.53,0.0,0.0,0.0,0.0,0.0,13:14:45
002932,明德生物,20.27,0.91,4.7,20.25,20.26,19.36,19.59,20.27,19.59,7063598.0,140829015.0,13:14:48
002933,新兴装备,35.97,-1.11,-2.994,35.97,35.98,37.08,36.99,36.99,35.96,2509046.0,91431798.0,13:14:48
002935,天奥电子,21.96,-1.19,-5.14,21.95,21.96,23.15,23.01,23.05,21.9,14426943.0,323669603.0,13:14:48
002936,郑州银行,1.91,0.0,0.0,1.91,1.92,1.91,1.92,1.92,1.9,55959342.0,106929236.0,13:14:48
002937,兴瑞科技,24.82,0.41,1.68,24.81,24.82,24.41,24.65,25.3,24.12,7894073.0,194599621.0,13:14:48
002938,鹏鼎控股,57.31,-0.98,-1.681,57.31,57.32,58.29,57.88,59.08,56.61,21757173.0,1256156331.0,13:14:48
002939,长城证券,10.02,0.0,0.0,10.02,10.03,10.02,10.01,10.12,9.96,30670351.0,307624087.0,13:14:48
002940,昂利康,34.02,-0.49,-1.42,34.01,34.02,34.51,34.4,34.71,33.51,5341000.0,181717577.0,13:14:48
002941,新疆交建,17.43,-0.26,-1.47,17.43,17.44,17.69,17.71,17.94,17.4,32406686.0,572843782.0,13:14:48
002942,新农股份,21.75,0.07,0.323,21.74,21.75,21.68,21.66,22.0,21.5,2088990.0,45402458.0,13:14:30
002943,宇晶股份,72.09,5.78,8.717,72.09,72.14,66.31,72.94,72.94,69.81,25912653.0,1869235065.0,13:14:48
002945,华林证券,17.64,-0.22,-1.232,17.64,17.65,17.86,17.8,18.13,17.59,28318516.0,504735484.0,13:14:48
002946,新乳业,19.08,-0.11,-0.573,19.07,19.11,19.19,19.15,19.54,19.03,4177531.0,80138751.0,13:14:48
002947,恒铭达,47.68,-0.79,-1.63,47.67,47.68,48.47,48.6,48.76,47.45,5361538.0,256709012.0,13:14:48
002948,青岛银行,4.52,0.0,0.0,4.51,4.52,4.52,4.5,4.54,4.43,39764129.0,178460481.0,13:14:48
002949,华阳国际,16.2,-0.03,-0.185,16.19,16.2,16.23,16.27,16.7,16.16,3955100.0,64949654.0,13:14:48
002950,奥美医疗,12.81,0.8,6.661,12.8,12.81,12.01,12.33,12.98,12.21,22182926.0,278282862.0,13:14:48
002951,金时科技,13.73,-0.42,-2.968,13.73,13.74,14.15,14.28,14.28,13.73,2289300.0,31833162.0,13:14:45
002952,亚世光电,21.17,-0.47,-2.172,21.16,21.17,21.64,21.64,21.77,21.14,1822600.0,38858812.0,13:14:48
002953,日丰股份,13.18,-0.03,-0.227,13.18,13.19,13.21,13.2,13.55,13.12,15743833.0,210106506.0,13:14:48
002955,鸿合科技,27.63,-0.66,-2.333,27.63,27.65,28.29,28.39,28.4,27.54,3098556.0,86029486.0,13:14:42
002956,西麦食品,28.4,-0.15,-0.525,28.39,28.42,28.55,28.57,29.02,28.3,982840.0,28077113.0,13:14:48
002957,科瑞技术,24.28,0.19,0.789,24.28,24.3,24.09,24.09,24.8,23.68,11259997.0,272617155.0,13:14:48
002958,青农商行,3.13,-0.01,-0.318,3.13,3.14,3.14,3.13,3.15,3.11,47958185.0,150224672.0,13:14:48
002959,小熊电器,44.58,-0.36,-0.801,44.57,44.58,44.94,44.95,45.13,44.29,1147300.0,51229002.0,13:14:48
002960,青鸟消防,11.37,-0.27,-2.32,11.37,11.38,11.64,11.63,11.63,11.32,10619224.0,121352711.0,13:14:45
002961,瑞达期货,24.55,-0.5,-1.996,24.52,24.56,25.05,25.0,25.14,24.35,8719237.0,215111383.0,13:14:48
002962,五方光电,15.56,-0.2,-1.269,15.55,15.56,15.76,15.77,15.86,15.51,4267710.0,66582292.0,13:14:48
002963,豪尔赛,15.81,-0.44,-2.708,15.81,15.82,16.25,16.23,16.36,15.81,2413400.0,38669612.0,13:14:48
002965,祥鑫科技,38.1,-2.18,-5.412,38.1,38.11,40.28,40.28,40.66,38.02,10415988.0,405702141.0,13:14:48
002966,苏州银行,8.04,-0.02,-0.248,8.04,8.05,8.06,8.05,8.09,8.0,22777101.0,183174068.0,13:14:48
002967,广电计量,24.47,-0.64,-2.549,24.47,24.49,25.11,25.92,26.66,24.33,14782100.0,372371048.0,13:14:48
002968,新大正,13.8,-0.38,-2.68,13.8,13.81,14.18,13.25,14.18,13.25,6088600.0,83909671.0,13:14:48
002969,嘉美包装,0.0,0.0,0.0,0.0,0.0,23.17,0.0,0.0,0.0,0.0,0.0,13:14:27
002970,锐明技术,57.38,-0.39,-0.675,57.37,57.39,57.77,57.97,58.31,56.7,3493600.0,200816227.0,13:14:42
002971,和远气体,32.54,-0.31,-0.944,32.52,32.55,32.85,33.14,33.45,32.18,4723000.0,154788252.0,13:14:39
002972,科安达,12.5,-0.09,-0.715,12.5,12.51,12.59,12.56,12.62,12.43,1817520.0,22776862.0,13:14:42
002973,侨银股份,14.47,-0.17,-1.161,14.47,14.48,14.64,14.64,14.69,14.37,3055139.0,44299563.0,13:14:45
002975,博杰股份,84.31,-0.65,-0.765,84.31,84.4,84.96,86.57,91.0,83.8,6461810.0,566963617.0,13:14:42
002976,瑞玛精密,28.83,-1.07,-3.579,28.83,28.84,29.9,29.89,29.89,28.7,2954960.0,86031993.0,13:14:36
002977,天箭科技,31.6,-1.53,-4.618,31.6,31.61,33.13,33.0,33.13,31.53,5068633.0,163110852.0,13:14:48
002978,安宁股份,40.4,1.26,3.219,40.41,40.42,39.14,39.71,41.82,39.3,12430067.0,504597395.0,13:14:48
002979,雷赛智能,42.29,-2.0,-4.516,42.28,42.29,44.29,45.25,45.4,42.08,8689750.0,376912462.0,13:14:48
002980,华盛昌,22.65,-0.3,-1.307,22.65,22.67,22.95,22.96,23.09,22.56,1729940.0,39271415.0,13:14:27
002981,朝阳科技,30.14,-0.51,-1.664,30.13,30.14,30.65,30.65,30.81,29.95,1644940.0,49767866.0,13:14:42
002982,湘佳股份,14.29,0.03,0.21,14.28,14.29,14.26,14.35,14.35,14.11,2167684.0,30837954.0,13:14:48
002983,芯瑞达,23.43,-0.77,-3.182,23.42,23.43,24.2,24.33,24.36,23.33,4327414.0,102462593.0,13:14:48
002984,森麒麟,20.89,-0.31,-1.462,20.88,20.89,21.2,21.23,21.33,20.82,7802857.0,163943102.0,13:14:48
002985,北摩高科,37.76,-2.74,-6.765,37.75,37.77,40.5,39.9,39.98,37.6,17012069.0,657934306.0,13:14:48
002986,宇新股份,12.14,-0.04,-0.328,12.14,12.15,12.18,12.29,12.37,12.08,3821452.0,46614390.0,13:14:48
002987,京北方,19.68,-0.74,-3.624,19.68,19.69,20.42,20.3,20.4,19.68,15632571.0,311217715.0,13:14:48
002988,豪美新材,40.23,1.63,4.223,40.23,40.27,38.6,39.23,42.46,39.23,7300673.0,299224254.0,13:14:48
002989,中天精装,31.58,-1.22,-3.72,31.56,31.58,32.8,32.65,32.65,31.53,3918720.0,125107589.0,13:14:48
002990,盛视科技,30.07,-0.97,-3.125,30.07,30.08,31.04,31.23,31.28,30.07,2429200.0,74169851.0,13:14:48
002991,甘源食品,61.42,-1.4,-2.229,61.42,61.5,62.82,63.02,63.02,61.28,610600.0,37711790.0,13:14:48
002992,宝明科技,53.72,1.22,2.324,53.7,53.73,52.5,52.5,55.0,52.4,3286210.0,175904788.0,13:14:48
002993,奥海科技,51.25,-2.08,-3.9,51.25,51.38,53.33,55.09,55.68,50.9,8664474.0,450735545.0,13:14:48
002995,天地在线,25.1,2.28,9.991,25.1,0.0,22.82,25.09,25.1,23.8,37725576.0,936923567.0,13:14:48
002996,顺博合金,8.64,0.05,0.582,8.63,8.64,8.59,8.61,8.9,8.61,22499110.0,195786832.0,13:14:48
002997,瑞鹄模具,37.74,-0.86,-2.228,37.74,37.75,38.6,38.51,38.77,37.73,2561557.0,97412166.0,13:14:48
002998,优彩资源,8.48,-0.41,-4.612,8.47,8.48,8.89,8.88,8.88,8.45,11458825.0,98714282.0,13:14:48
002999,天禾股份,7.38,0.02,0.272,7.38,7.39,7.36,7.36,7.57,7.32,10243640.0,75949108.0,13:14:48
003000,劲仔食品,11.7,-0.05,-0.426,11.69,11.7,11.75,11.72,11.77,11.57,3986900.0,46464611.0,13:14:39
003001,中岩大地,20.78,-0.48,-2.258,20.77,20.79,21.26,21.3,21.35,20.73,1892878.0,39758120.0,13:14:48
003002,壶化股份,32.9,-0.2,-0.604,32.87,32.89,33.1,33.08,33.08,32.1,2622700.0,85573889.0,13:14:48
003003,天元股份,13.68,-0.09,-0.654,13.68,13.69,13.77,13.84,13.93,13.62,4085800.0,56202749.0,13:14:48
003004,*ST声迅,29.95,0.28,0.944,29.95,29.96,29.67,30.32,30.89,29.75,1842000.0,55502054.0,13:14:48
003005,竞业达,19.92,-1.36,-6.391,19.92,19.93,21.28,21.25,21.25,19.9,10278287.0,211186073.0,13:14:48
003006,百亚股份,21.73,-0.55,-2.469,21.73,21.74,22.28,22.2,22.2,21.58,5208560.0,113577290.0,13:14:45
003007,直真科技,44.49,-0.91,-2.004,44.48,44.49,45.4,44.92,47.18,44.47,7755530.0,352515051.0,13:14:48
003008,开普检测,23.94,-0.1,-0.416,23.93,23.95,24.04,24.04,24.11,23.71,1759330.0,42070873.0,13:14:42
003009,中天火箭,69.89,-6.79,-8.855,69.89,69.9,76.68,75.92,75.92,69.89,7141240.0,511583489.0,13:14:48
003010,若羽臣,37.54,-0.33,-0.871,37.53,37.54,37.87,37.88,37.98,36.88,3655016.0,136458529.0,13:14:48
003011,海象新材,23.56,-0.23,-0.967,23.55,23.56,23.79,23.56,23.92,23.1,2389020.0,56199341.0,13:14:48
003012,东鹏控股,7.11,0.08,1.138,7.1,7.11,7.03,7.04,7.22,6.89,15143149.0,106816853.0,13:14:48
003013,地铁设计,15.1,0.0,0.0,15.1,15.11,15.1,15.09,15.24,15.0,2405400.0,36354114.0,13:14:48
003015,日久光电,16.21,-0.27,-1.638,16.2,16.21,16.48,16.51,16.63,16.16,5474600.0,89418834.0,13:14:48
003016,欣贺股份,9.06,-0.14,-1.522,9.04,9.06,9.2,9.23,9.25,9.01,5081400.0,46100849.0,13:14:48
003017,大洋生物,32.53,0.03,0.092,32.53,32.54,32.5,32.48,32.75,32.29,2203040.0,71688132.0,13:14:45
003018,金富科技,17.95,-0.49,-2.657,17.95,17.96,18.44,18.37,18.45,17.88,6007600.0,108864552.0,13:14:48
003019,宸展光电,31.77,-1.62,-4.852,31.75,31.76,33.39,33.31,33.35,31.69,5417420.0,174530534.0,13:14:48
003020,立方制药,27.94,0.08,0.287,27.92,27.96,27.86,27.87,28.19,27.43,2010022.0,55791890.0,13:14:45
003021,兆威机电,124.38,-5.12,-3.954,124.37,124.38,129.5,132.74,134.0,124.18,5446380.0,696034673.0,13:14:48
003022,联泓新科,21.93,-0.32,-1.438,21.92,21.93,22.25,22.38,22.54,21.92,13187462.0,292260820.0,13:14:48
003023,彩虹集团,24.27,0.28,1.167,24.27,24.28,23.99,24.52,25.0,24.19,4690010.0,115419421.0,13:14:48
003025,思进智能,14.97,-0.22,-1.448,14.96,14.97,15.19,15.17,15.23,14.93,2925804.0,43989428.0,13:14:45
003026,中晶科技,33.42,-0.76,-2.224,33.41,33.42,34.18,34.17,34.17,33.32,2802350.0,93975203.0,13:14:45
003027,同兴科技,23.15,0.17,0.74,23.15,23.16,22.98,23.0,23.63,22.43,5230827.0,120655340.0,13:14:48
003028,振邦智能,32.64,-0.67,-2.011,32.64,32.65,33.31,33.3,33.33,32.58,1419540.0,46588662.0,13:14:48
003029,吉大正元,24.91,-0.88,-3.412,24.9,24.91,25.79,25.9,25.9,24.88,5263200.0,132475345.0,13:14:48
003030,祖名股份,21.72,0.03,0.138,21.72,21.73,21.69,21.72,22.3,21.6,2703300.0,59143811.0,13:14:42
003031,中瓷电子,76.97,-3.31,-4.123,76.97,76.99,80.28,78.84,79.99,75.2,6437497.0,494230202.0,13:14:48
003032,*ST传智,6.71,-0.08,-1.178,6.69,6.71,6.79,6.79,6.79,6.65,3606020.0,24162861.0,13:14:39
003033,征和工业,70.26,-3.44,-4.668,70.26,70.27,73.7,73.66,73.66,70.1,1657600.0,118214213.0,13:14:48
003035,南网能源,5.91,0.19,3.322,5.91,5.92,5.72,5.82,6.08,5.76,105413037.0,622752278.0,13:14:48
003036,泰坦股份,16.53,-0.28,-1.666,16.53,16.55,16.81,16.84,16.88,16.45,2407000.0,39968641.0,13:14:42
003037,三和管桩,7.98,-0.09,-1.115,7.98,7.99,8.07,8.04,8.06,7.96,4651400.0,37194345.0,13:14:48
003038,鑫铂股份,18.59,-0.22,-1.17,18.53,18.57,18.81,18.83,18.99,17.84,22794071.0,416798427.0,13:14:48
003039,顺控发展,16.99,-0.7,-3.957,16.99,17.0,17.69,17.62,17.79,16.98,11339918.0,195874648.0,13:14:48
003040,楚天龙,18.37,-0.62,-3.265,18.37,18.38,18.99,19.0,19.04,18.35,8380250.0,156013839.0,13:14:48
003041,真爱美家,60.01,-3.25,-5.138,60.01,60.02,63.26,64.4,65.8,59.87,6103144.0,379088173.0,13:14:45
003042,中农联合,21.0,1.91,10.005,21.0,0.0,19.09,19.95,21.0,19.6,25855965.0,534502105.0,13:14:30
003043,华亚智能,53.05,-0.28,-0.525,53.04,53.06,53.33,53.3,55.02,52.91,1559355.0,83618044.0,13:14:42
003816,中国广核,3.89,0.01,0.258,3.89,3.9,3.88,3.88,3.92,3.85,124545600.0,483646622.0,13:14:48
300001,特锐德,28.62,-0.46,-1.582,28.62,28.64,29.08,29.1,29.35,28.62,21649008.0,627943284.0,13:14:51
300002,神州泰岳,12.3,-0.29,-2.303,12.3,12.31,12.59,12.64,12.68,12.3,47894776.0,596386192.0,13:14:51
300003,乐普医疗,18.97,-0.29,-1.506,18.96,18.97,19.26,19.4,19.51,18.77,36325235.0,689772027.0,13:14:51
300004,南风股份,16.95,1.18,7.483,16.93,16.95,15.77,15.98,17.88,15.6,66762662.0,1122210504.0,13:14:51
300005,探路者,14.07,-0.58,-3.959,14.07,14.08,14.65,14.09,14.28,13.73,52645219.0,736364428.0,13:14:51
300006,莱美药业,5.26,-0.03,-0.567,5.25,5.26,5.29,5.29,5.29,5.14,27578050.0,143787808.0,13:14:51
300007,汉威科技,57.38,-2.04,-3.433,57.38,57.39,59.42,61.9,61.9,57.06,21137347.0,1247124299.0,13:14:51
300008,天海防务,8.76,-0.26,-2.882,8.76,8.77,9.02,9.0,9.1,8.75,95672560.0,853449766.0,13:14:51
300009,安科生物,10.63,0.24,2.31,10.62,10.63,10.39,10.39,10.71,10.27,32400090.0,338794177.0,13:14:51
300010,豆神教育,7.44,-0.36,-4.615,7.43,7.44,7.8,7.81,7.87,7.41,97255641.0,741044330.0,13:14:51
300011,鼎汉技术,8.94,-0.3,-3.247,8.94,8.95,9.24,9.25,9.27,8.9,12497800.0,112638350.0,13:14:51
300012,华测检测,16.21,-0.37,-2.232,16.21,16.22,16.58,16.61,16.7,16.19,32918511.0,539486109.0,13:14:51
300013,新宁物流,4.06,-0.07,-1.695,4.06,4.07,4.13,4.12,4.13,4.05,9512700.0,38780690.0,13:14:48
300014,亿纬锂能,66.44,-0.31,-0.464,66.44,66.45,66.75,68.03,68.5,66.35,43772766.0,2942129109.0,13:14:51
300015,爱尔眼科,11.33,0.03,0.265,11.33,11.34,11.3,11.32,11.41,11.2,61213373.0,690849308.0,13:14:51
300016,北陆药业,9.64,0.16,1.688,9.63,9.64,9.48,9.58,9.76,9.47,23053968.0,221183956.0,13:14:51
300017,网宿科技,13.16,1.68,14.634,13.16,13.17,11.48,11.66,13.78,11.66,385691695.0,4996061017.0,13:14:51
300018,中元股份,12.82,-0.17,-1.309,12.81,12.82,12.99,12.99,13.1,12.78,15234500.0,196417243.0,13:14:51
300019,硅宝科技,22.72,-0.56,-2.405,22.72,22.73,23.28,23.66,23.76,22.71,15356257.0,355523725.0,13:14:51
300020,ST银江,4.43,0.05,1.142,4.43,4.44,4.38,4.45,4.54,4.38,23872639.0,106188533.0,13:14:51
300021,大禹节水,4.82,-0.07,-1.431,4.82,4.83,4.89,4.87,4.87,4.8,15928166.0,76934657.0,13:14:51
300022,吉峰科技,8.22,-0.32,-3.747,8.21,8.22,8.54,8.5,8.54,8.15,13463100.0,111687980.0,13:14:51
300024,机器人,19.04,0.45,2.421,19.04,19.05,18.59,18.71,20.08,18.71,80382700.0,1554122564.0,13:14:51
300025,华星创业,6.12,-0.11,-1.766,6.12,6.13,6.23,6.27,6.27,6.1,6988244.0,43039456.0,13:14:51
300026,红日药业,3.79,0.09,2.432,3.79,3.8,3.7,3.74,3.81,3.7,65336003.0,245311411.0,13:14:51
300027,华谊兄弟,2.21,-0.08,-3.493,2.21,2.22,2.29,2.29,2.29,2.2,69870663.0,156016323.0,13:14:51
300029,*ST天龙,5.22,0.06,1.163,5.21,5.22,5.16,5.14,5.23,4.98,4662300.0,23621531.0,13:14:51
300030,阳普医疗,8.36,0.01,0.12,8.36,8.37,8.35,8.38,8.48,8.22,7032401.0,58549570.0,13:14:51
300031,宝通科技,23.36,-0.84,-3.471,23.36,23.37,24.2,24.24,24.32,23.35,12240013.0,289513579.0,13:14:51
300032,金龙机电,5.68,-0.13,-2.238,5.67,5.68,5.81,5.81,5.81,5.66,25469000.0,145622068.0,13:14:48
300033,同花顺,359.6,-5.58,-1.528,359.6,359.61,365.18,361.9,369.63,359.0,7975536.0,2900546346.0,13:14:51
300034,钢研高纳,22.08,-0.52,-2.301,22.07,22.08,22.6,22.5,23.15,22.05,36645413.0,827184487.0,13:14:51
300035,中科电气,22.83,-0.7,-2.975,22.83,22.84,23.53,23.63,23.68,22.8,31806624.0,733955979.0,13:14:51
300036,超图软件,19.39,-0.86,-4.247,19.39,19.4,20.25,20.61,20.98,19.39,25875939.0,516911333.0,13:14:51
300037,新宙邦,55.87,-2.33,-4.003,55.87,55.88,58.2,58.18,58.68,55.67,14782066.0,843244719.0,13:14:51
300039,上海凯宝,6.65,0.22,3.421,6.64,6.65,6.43,6.52,6.71,6.51,50457568.0,332763424.0,13:14:51
300040,九洲集团,6.74,0.07,1.049,6.74,6.75,6.67,6.75,6.86,6.69,19464700.0,131723421.0,13:14:51
300041,回天新材,12.9,-0.37,-2.788,12.89,12.9,13.27,13.4,13.49,12.88,30395479.0,397067604.0,13:14:51
300042,朗科科技,33.41,0.92,2.832,33.4,33.41,32.49,33.53,34.88,32.84,24514398.0,827781090.0,13:14:51
300043,星辉娱乐,6.36,-0.32,-4.79,6.36,6.37,6.68,6.62,6.67,6.35,55357996.0,357178433.0,13:14:51
300044,ST赛为,6.83,0.27,4.116,6.83,6.84,6.56,6.61,7.06,6.36,52069177.0,350451094.0,13:14:51
300045,华力创通,29.03,-1.82,-5.9,29.02,29.03,30.85,31.01,31.21,29.0,59641923.0,1797233224.0,13:14:51
300046,台基股份,38.14,-1.27,-3.223,38.14,38.15,39.41,39.04,39.49,37.94,10411993.0,401608904.0,13:14:51
300047,天源迪科,13.85,-0.46,-3.215,13.85,13.86,14.31,14.31,14.39,13.85,26195596.0,368174438.0,13:14:51
300048,合康新能,7.27,-0.05,-0.683,7.27,7.28,7.32,7.43,7.65,7.26,57651437.0,429122194.0,13:14:51
300049,福瑞医科,71.03,-2.17,-2.964,71.03,71.05,73.2,73.06,74.5,70.6,6526493.0,469018535.0,13:14:51
300050,世纪鼎利,5.81,-0.12,-2.024,5.81,5.82,5.93,5.97,5.98,5.79,12687332.0,74191768.0,13:14:48
300051,琏升科技,10.87,0.07,0.648,10.87,10.88,10.8,10.96,12.0,10.85,86652768.0,988406737.0,13:14:51
300052,ST中青宝,13.74,-0.16,-1.151,13.74,13.76,13.9,13.93,13.93,13.64,3022463.0,41525485.0,13:14:42
300053,航宇微,22.29,-0.67,-2.918,22.29,22.3,22.96,23.03,24.19,22.25,104196224.0,2412548503.0,13:14:51
300054,鼎龙股份,45.27,-2.12,-4.474,45.27,45.29,47.39,46.76,46.9,44.6,20688086.0,941620283.0,13:14:51
300055,万邦达,8.05,-0.23,-2.778,8.04,8.05,8.28,8.25,8.31,8.03,11740900.0,95597672.0,13:14:48
300056,中创环保,9.49,-0.26,-2.667,9.48,9.49,9.75,9.76,10.0,9.42,28222843.0,271867908.0,13:14:51
300057,万顺新材,6.26,-0.02,-0.318,6.26,6.27,6.28,6.34,6.46,6.26,36105442.0,229521409.0,13:14:51
300058,蓝色光标,20.05,-0.5,-2.433,20.05,20.06,20.55,20.63,21.2,18.5,585361268.0,11635308483.0,13:14:51
300059,东方财富,23.37,0.07,0.3,23.37,23.38,23.3,23.25,23.73,23.13,336327982.0,7879006428.0,13:14:51
300061,旗天科技,10.87,-0.19,-1.718,10.87,10.88,11.06,11.0,11.06,10.81,9803233.0,106687813.0,13:14:51
300062,中能电气,9.91,-0.11,-1.098,9.91,9.92,10.02,9.92,10.25,9.76,49743865.0,499027061.0,13:14:51
300063,天龙集团,13.93,-0.97,-6.51,13.91,13.93,14.9,14.79,14.94,13.2,109828450.0,1551903660.0,13:14:51
300065,海兰信,23.59,-0.65,-2.682,23.59,23.6,24.24,24.8,24.8,23.53,84893209.0,2053647635.0,13:14:51
300066,三川智慧,6.74,-0.07,-1.028,6.74,6.75,6.81,6.83,6.85,6.71,16669900.0,112713214.0,13:14:51
300067,安诺其,5.18,-0.07,-1.333,5.18,5.19,5.25,5.25,5.33,5.17,24735720.0,129955154.0,13:14:51
300068,南都电源,16.2,-0.59,-3.514,16.19,16.2,16.79,16.84,16.99,16.19,35878805.0,592452893.0,13:14:51
300069,金利华电,19.16,-0.24,-1.237,19.15,19.16,19.4,19.54,19.55,19.14,2872200.0,55324948.0,13:14:51
300070,碧水源,4.11,-0.04,-0.964,4.1,4.11,4.15,4.14,4.16,4.07,31906169.0,131114911.0,13:14:51
300071,福石控股,7.05,-0.35,-4.73,7.04,7.05,7.4,7.41,7.52,6.98,88998900.0,639550451.0,13:14:51
300072,海新能科,5.4,0.07,1.313,5.4,5.41,5.33,5.36,5.6,5.36,98160844.0,537165664.0,13:14:51
300073,当升科技,62.55,-1.53,-2.388,62.52,62.55,64.08,65.18,66.0,62.5,18407104.0,1169243265.0,13:14:51
300074,华平股份,5.06,-0.13,-2.505,5.05,5.06,5.19,5.18,5.21,5.03,13656800.0,69627153.0,13:14:42
300075,数字政通,15.69,-0.61,-3.742,15.68,15.69,16.3,16.35,16.45,15.68,13332208.0,212787975.0,13:14:51
300076,GQY视讯,8.16,-0.44,-5.116,8.15,8.16,8.6,8.52,8.6,8.15,20767804.0,171935706.0,13:14:45
300077,国民技术,21.95,-0.88,-3.855,21.94,21.95,22.83,22.75,22.88,21.93,22610185.0,503086629.0,13:14:51
300078,思创智联,4.97,-0.28,-5.333,4.97,4.98,5.25,5.21,5.25,4.95,65919333.0,333095501.0,13:14:51
300079,数码视讯,5.93,-0.08,-1.331,5.93,5.94,6.01,6.09,6.14,5.92,36617446.0,219625793.0,13:14:51
300080,易成新能,5.3,-0.13,-2.394,5.3,5.31,5.43,5.46,5.49,5.25,38768848.0,206044144.0,13:14:51
300081,恒信东方,5.52,-0.22,-3.833,5.52,5.53,5.74,5.75,5.78,5.52,23617107.0,132692604.0,13:14:51
300082,奥克股份,10.97,-0.31,-2.748,10.97,10.98,11.28,11.28,11.35,10.93,19843076.0,220666134.0,13:14:51
300083,创世纪,9.47,-0.4,-4.053,9.46,9.47,9.87,9.88,10.03,9.46,60634256.0,584525934.0,13:14:51
300084,海默科技,11.14,0.09,0.814,11.13,11.14,11.05,11.07,11.5,11.07,19031000.0,214837821.0,13:14:51
300085,银之杰,39.25,-1.71,-4.175,39.25,39.27,40.96,40.56,41.25,39.22,27433560.0,1096907398.0,13:14:51
300086,康芝药业,10.81,0.28,2.659,10.8,10.81,10.53,10.54,11.2,10.15,40005225.0,422386647.0,13:14:51
300087,荃银高科,9.5,-0.09,-0.938,9.5,9.51,9.59,9.59,9.61,9.46,12901408.0,122900663.0,13:14:51
300088,长信科技,6.76,-0.28,-3.977,6.76,6.77,7.04,6.96,7.02,6.75,133087859.0,912699155.0,13:14:51
300091,*ST金灵,3.09,-0.04,-1.278,3.08,3.1,3.13,3.15,3.16,3.08,12620200.0,39280402.0,13:14:51
300092,科新机电,16.75,-0.45,-2.616,16.75,16.76,17.2,17.21,17.31,16.73,6351000.0,107783688.0,13:14:48
300093,*ST金刚,18.3,-0.7,-3.684,18.3,18.44,19.0,19.0,19.87,18.12,5884109.0,110524733.0,13:14:48
300094,国联水产,3.79,-0.11,-2.821,3.79,3.8,3.9,3.86,3.88,3.78,47755500.0,182195296.0,13:14:51
300095,华伍股份,11.28,-0.7,-5.843,11.27,11.28,11.98,12.0,12.0,11.26,23471800.0,271494185.0,13:14:51
300096,ST易联众,7.73,0.15,1.979,7.72,7.75,7.58,7.6,8.0,7.6,6996600.0,54774007.0,13:14:42
300097,ST智云,7.97,0.42,5.563,7.96,7.97,7.55,7.78,8.05,7.66,11152114.0,87731945.0,13:14:51
300098,高新兴,6.84,-0.37,-5.132,6.84,6.85,7.21,7.2,7.2,6.81,112617079.0,783580926.0,13:14:51
300099,尤洛卡,8.12,-0.5,-5.8,8.11,8.12,8.62,8.5,8.53,8.1,32606075.0,269642551.0,13:14:51
300100,双林股份,37.92,-2.1,-5.247,37.92,37.93,40.02,40.35,40.6,37.91,16157176.0,629142914.0,13:14:51
300101,振芯科技,30.54,0.97,3.28,30.51,30.54,29.57,30.5,31.91,30.1,41107429.0,1278144337.0,13:14:51
300102,乾照光电,40.1,0.93,2.374,40.1,40.11,39.17,41.75,44.43,39.7,215482091.0,9063310682.0,13:14:51
300103,达刚控股,8.03,-0.25,-3.019,8.03,8.05,8.28,8.28,8.32,8.03,6698601.0,54390267.0,13:14:42
300105,龙源技术,7.64,-0.03,-0.391,7.64,7.65,7.67,7.67,7.79,7.63,8782000.0,67586358.0,13:14:51
300106,西部牧业,11.16,-0.09,-0.8,11.16,11.17,11.25,11.25,11.33,11.1,4098800.0,45973532.0,13:14:51
300107,建新股份,7.32,-0.03,-0.408,7.32,7.33,7.35,7.35,7.49,7.24,8447200.0,62083361.0,13:14:48
300109,新开源,20.39,0.9,4.618,20.39,20.4,19.49,19.7,21.11,19.61,24663698.0,505690200.0,13:14:51
300110,华仁药业,3.41,0.03,0.888,3.41,3.42,3.38,3.38,3.44,3.35,23903180.0,80960512.0,13:14:51
300111,向日葵,4.8,-0.04,-0.826,4.79,4.8,4.84,4.84,4.95,4.69,73752020.0,353181892.0,13:14:51
300112,万讯自控,9.22,-0.16,-1.706,9.21,9.22,9.38,9.39,9.41,9.17,4839752.0,44844522.0,13:14:51
300113,顺网科技,23.52,1.07,4.766,23.52,23.53,22.45,22.52,24.02,22.52,50282794.0,1186499093.0,13:14:51
300115,长盈精密,39.67,-0.84,-2.074,39.67,39.68,40.51,41.52,42.63,39.56,81567243.0,3360769072.0,13:14:51
300118,东方日升,22.84,2.08,10.019,22.82,22.84,20.76,24.0,24.91,22.7,294752317.0,7083324707.0,13:14:51
300119,瑞普生物,21.31,0.93,4.563,21.3,21.31,20.38,20.45,21.4,20.3,11357376.0,236997724.0,13:14:51
300120,经纬辉开,9.06,-0.16,-1.735,9.06,9.07,9.22,9.14,9.2,9.05,15811084.0,143746600.0,13:14:51
300121,阳谷华泰,13.77,-0.4,-2.823,13.77,13.78,14.17,14.1,14.17,13.75,11680340.0,162046273.0,13:14:51
300122,智飞生物,19.52,2.24,12.963,19.52,19.53,17.28,17.55,19.73,17.55,84086818.0,1566640577.0,13:14:51
300123,亚光科技,7.44,-1.06,-12.471,7.44,7.45,8.5,8.03,8.09,7.33,131550579.0,1000743405.0,13:14:51
300124,汇川技术,77.69,-1.69,-2.129,77.69,77.7,79.38,79.5,80.45,77.5,28812238.0,2272001497.0,13:14:51
300125,*ST聆达,8.05,-0.22,-2.66,8.04,8.05,8.27,8.25,8.35,8.0,5641600.0,46150540.0,13:14:51
300126,锐奇股份,9.28,-0.1,-1.066,9.27,9.28,9.38,9.31,9.56,9.14,8378000.0,78423984.0,13:14:51
300127,银河磁体,34.3,-0.22,-0.637,34.3,34.32,34.52,34.71,34.9,34.1,8533201.0,294581496.0,13:14:51
300128,锦富技术,7.74,-0.38,-4.68,7.73,7.74,8.12,8.06,8.14,7.71,52585529.0,410681338.0,13:14:51
300129,泰胜风能,15.18,-1.44,-8.664,15.17,15.18,16.62,16.5,16.68,15.15,91512268.0,1453839979.0,13:14:51
300130,新国都,27.69,-0.75,-2.637,27.69,27.71,28.44,28.38,28.53,27.62,13198712.0,368416381.0,13:14:51
300131,英唐智控,15.08,-0.33,-2.141,15.08,15.09,15.41,15.86,16.28,15.03,62256271.0,971169768.0,13:14:51
300132,青松股份,8.77,-0.17,-1.902,8.76,8.77,8.94,8.93,8.95,8.7,18857350.0,165747047.0,13:14:51
300133,华策影视,8.77,-0.34,-3.732,8.77,8.78,9.11,9.14,9.32,8.77,79500171.0,714247964.0,13:14:51
300134,大富科技,11.97,-0.62,-4.925,11.97,11.98,12.59,12.56,12.59,11.9,13627101.0,165933560.0,13:14:51
300135,宝利国际,4.14,-0.01,-0.241,4.14,4.15,4.15,4.19,4.21,4.11,13227700.0,54971290.0,13:14:51
300136,信维通信,85.71,-7.79,-8.332,85.68,85.71,93.5,89.91,91.9,85.68,124271551.0,11013712445.0,13:14:51
300137,先河环保,10.47,-0.2,-1.874,10.45,10.46,10.67,10.67,10.69,10.14,14611700.0,151426271.0,13:14:51
300138,晨光生物,13.89,-0.03,-0.216,13.88,13.89,13.92,13.85,14.03,13.68,11478449.0,158995403.0,13:14:51
300139,晓程科技,51.74,7.66,17.377,51.74,51.79,44.08,46.51,52.9,46.5,58777401.0,2938115140.0,13:14:51
300140,节能环境,7.4,-0.03,-0.404,7.4,7.41,7.43,7.42,7.68,7.38,24877800.0,185871769.0,13:14:48
300141,和顺电气,16.27,-0.83,-4.854,16.26,16.27,17.1,17.09,17.17,16.22,13530359.0,225027185.0,13:14:51
300142,沃森生物,14.39,1.4,10.778,14.39,14.4,12.99,13.33,14.65,12.99,170855697.0,2338637589.0,13:14:51
300143,盈康生命,11.9,-0.22,-1.815,11.89,11.9,12.12,12.09,12.09,11.77,10759459.0,127808865.0,13:14:51
300144,宋城演艺,8.34,-0.15,-1.767,8.34,8.35,8.49,8.44,8.47,8.31,34466829.0,288469291.0,13:14:51
300145,南方泵业,4.72,-0.05,-1.048,4.71,4.72,4.77,4.75,4.82,4.7,30432740.0,144323904.0,13:14:42
300146,汤臣倍健,12.57,-0.07,-0.554,12.57,12.58,12.64,12.72,12.76,12.43,16122968.0,202397159.0,13:14:51
300147,ST香雪,10.22,0.13,1.288,10.22,10.23,10.09,10.06,10.45,9.8,14049560.0,141601428.0,13:14:51
300148,天舟文化,4.94,-0.1,-1.984,4.94,4.95,5.04,5.1,5.16,4.91,38253600.0,190834388.0,13:14:51
300149,睿智医药,11.19,-0.11,-0.973,11.18,11.19,11.3,11.28,11.47,11.0,17435227.0,194776750.0,13:14:51
300150,世纪瑞尔,5.73,-0.13,-2.218,5.73,5.74,5.86,5.84,5.86,5.69,11185400.0,64268091.0,13:14:48
300151,昌红科技,16.98,-0.42,-2.414,16.98,16.99,17.4,17.51,17.69,16.95,9735735.0,167125396.0,13:14:51
300152,ST新动力,2.18,-0.08,-3.54,2.18,2.19,2.26,2.25,2.26,2.17,21020500.0,46256347.0,13:14:51
300153,科泰电源,35.28,-1.03,-2.837,35.28,35.29,36.31,36.5,36.88,35.21,18237216.0,656349808.0,13:14:51
300154,瑞凌股份,9.69,-0.06,-0.615,9.69,9.7,9.75,9.69,9.85,9.62,4622200.0,44902838.0,13:14:51
300155,安居宝,5.64,-0.04,-0.704,5.64,5.65,5.68,5.75,5.78,5.62,23240060.0,132124821.0,13:14:51
300157,新锦动力,5.32,0.19,3.704,5.32,5.33,5.13,5.18,5.4,5.16,74789501.0,396478403.0,13:14:51
300158,振东制药,6.07,-0.13,-2.097,6.07,6.08,6.2,6.08,6.13,5.96,37270465.0,224616207.0,13:14:51
300159,*ST新研,3.2,-0.09,-2.736,3.2,3.21,3.29,3.29,3.3,3.2,29911000.0,96658976.0,13:14:51
300160,秀强股份,6.06,0.02,0.331,6.06,6.07,6.04,6.19,6.27,6.03,32240995.0,198345315.0,13:14:51
300161,华中数控,32.1,-0.7,-2.134,32.08,32.1,32.8,32.69,32.78,32.01,2999602.0,97050673.0,13:14:51
300162,雷曼光电,8.83,-0.27,-2.967,8.83,8.84,9.1,9.01,9.19,8.83,26430270.0,236706679.0,13:14:51
300163,先锋新材,4.99,-0.02,-0.399,4.98,4.99,5.01,4.97,5.02,4.81,40275100.0,196756574.0,13:14:51
300164,通源石油,8.91,1.01,12.785,8.9,8.91,7.9,8.01,9.23,7.99,177817365.0,1524449192.0,13:14:51
300165,ST天瑞,5.31,0.07,1.336,5.31,5.32,5.24,5.24,5.37,5.18,7129336.0,37597453.0,13:13:57
300166,东方国信,10.93,-0.18,-1.62,10.93,10.94,11.11,11.16,11.39,10.91,30330452.0,337059169.0,13:14:51
300167,ST迪威迅,4.93,-0.11,-2.183,4.92,4.93,5.04,5.03,5.05,4.92,6521900.0,32399779.0,13:14:45
300168,万达信息,6.95,-0.21,-2.933,6.95,6.96,7.16,7.2,7.25,6.95,24396163.0,171889704.0,13:14:51
300169,天晟新材,7.03,0.19,2.778,7.03,7.04,6.84,6.97,7.25,6.88,21514214.0,151917304.0,13:14:51
300170,汉得信息,25.96,-1.11,-4.1,25.96,25.97,27.07,27.5,27.95,25.76,97839615.0,2602756620.0,13:14:51
300171,东富龙,17.82,0.01,0.056,17.82,17.83,17.81,17.91,18.39,17.67,9913287.0,177599185.0,13:14:51
300172,中电环保,5.89,-0.03,-0.507,5.89,5.9,5.92,5.92,5.97,5.89,14330295.0,84860250.0,13:14:51
300173,ST福能,4.72,-0.07,-1.461,4.72,4.73,4.79,4.82,4.83,4.72,17408413.0,82833269.0,13:14:51
300174,元力股份,16.87,-0.08,-0.472,16.87,16.88,16.95,17.1,17.1,16.61,5180585.0,86932680.0,13:14:51
300175,ST朗源,6.46,-0.06,-0.92,6.46,6.47,6.52,6.49,6.54,6.38,4887401.0,31482021.0,13:14:42
300176,鸿特科技,7.1,-0.1,-1.389,7.09,7.1,7.2,7.25,7.28,7.07,9236492.0,65954929.0,13:14:51
300177,中海达,10.04,-0.52,-4.924,10.04,10.05,10.56,10.41,10.47,10.04,26472023.0,270458535.0,13:14:51
300179,四方达,19.6,0.56,2.941,19.57,19.6,19.04,18.88,20.99,18.55,63982587.0,1258019574.0,13:14:51
300180,华峰超纤,6.82,-0.2,-2.849,6.82,6.83,7.02,7.03,7.05,6.82,33040672.0,228161888.0,13:14:51
300181,佐力药业,17.31,0.29,1.704,17.3,17.31,17.02,17.03,17.39,16.79,15051923.0,256952238.0,13:14:51
300182,捷成股份,5.99,-0.19,-3.074,5.99,6.0,6.18,6.2,6.25,5.98,96143232.0,582898833.0,13:14:51
300183,东软载波,16.1,-0.58,-3.477,16.1,16.11,16.68,16.52,16.65,16.08,10464400.0,170204130.0,13:14:51
300184,力源信息,10.78,-0.37,-3.318,10.77,10.78,11.15,11.01,11.19,10.78,43409101.0,474187544.0,13:14:51
300185,通裕重工,3.04,-0.05,-1.618,3.04,3.05,3.09,3.13,3.15,3.04,94848250.0,292070030.0,13:14:51
300187,永清环保,5.4,0.0,0.0,5.4,5.41,5.4,5.41,5.45,5.37,5873900.0,31776392.0,13:14:42
300188,国投智能,14.65,-0.55,-3.618,14.65,14.66,15.2,15.2,15.26,14.63,17192931.0,254946803.0,13:14:51
300189,神农种业,6.82,-0.05,-0.728,6.81,6.82,6.87,6.81,6.9,6.72,82392876.0,560561433.0,13:14:51
300190,维尔利,4.53,-0.12,-2.581,4.53,4.54,4.65,4.65,4.67,4.48,27837702.0,126862438.0,13:14:51
300191,潜能恒信,25.53,2.05,8.731,25.53,25.54,23.48,23.76,25.99,23.55,23869795.0,593557228.0,13:14:51
300192,科德教育,21.87,-0.91,-3.995,21.87,21.88,22.78,22.6,23.1,21.82,12799400.0,286306468.0,13:14:42
300193,佳士科技,9.41,-0.14,-1.466,9.4,9.41,9.55,9.55,9.58,9.4,5592702.0,52889256.0,13:14:48
300194,福安药业,4.72,0.08,1.724,4.71,4.72,4.64,4.65,4.73,4.63,37540647.0,175719738.0,13:14:51
300195,长荣股份,8.75,-0.1,-1.13,8.75,8.76,8.85,8.87,9.18,8.75,10556302.0,94124659.0,13:14:42
300196,长海股份,16.38,-0.15,-0.907,16.38,16.39,16.53,16.54,16.75,16.27,9781560.0,161239862.0,13:14:51
300197,节能铁汉,1.84,-0.03,-1.604,1.84,1.85,1.87,1.92,1.94,1.83,45001972.0,84527167.0,13:14:51
300198,ST纳川,2.82,0.17,6.415,2.82,2.83,2.65,2.66,2.93,2.66,43207804.0,121088919.0,13:14:45
300199,翰宇药业,20.63,0.51,2.535,20.63,20.64,20.12,20.09,20.91,19.65,36362573.0,732500652.0,13:14:51
300200,高盟新材,14.3,-0.99,-6.475,14.3,14.32,15.29,15.2,15.21,14.24,33802848.0,495224015.0,13:14:51
300201,海伦哲,7.99,-0.05,-0.622,7.98,7.99,8.04,8.09,8.4,7.96,40021742.0,326231227.0,13:14:51
300203,聚光科技,16.46,-0.41,-2.43,16.44,16.45,16.87,16.9,16.93,16.4,6431600.0,106562540.0,13:14:51
300204,舒泰神,28.47,0.08,0.282,28.45,28.47,28.39,28.15,28.82,27.71,19464504.0,549035855.0,13:14:51
300205,*ST天喻,4.59,-0.09,-1.923,4.59,4.6,4.68,4.7,4.74,4.57,2731810.0,12587177.0,13:14:42
300206,理邦仪器,15.21,-0.25,-1.617,15.21,15.22,15.46,15.46,15.48,15.05,10706602.0,162546635.0,13:14:51
300207,欣旺达,24.73,-0.63,-2.484,24.72,24.73,25.36,25.5,25.62,24.71,43370285.0,1084853516.0,13:14:51
300209,有棵树,6.8,0.54,8.626,6.79,6.8,6.26,6.42,6.88,6.42,49687100.0,332813742.0,13:14:51
300210,森远股份,10.38,-0.08,-0.765,10.38,10.39,10.46,10.5,10.76,10.31,11682260.0,122636408.0,13:14:51
300211,*ST亿通,9.15,-0.09,-0.974,9.14,9.15,9.24,9.26,9.38,9.13,2205705.0,20391852.0,13:14:51
300212,易华录,15.76,-0.63,-3.844,15.76,15.77,16.39,16.29,16.56,15.7,22091849.0,354624856.0,13:14:51
300213,佳讯飞鸿,9.77,-0.41,-4.028,9.77,9.78,10.18,10.25,10.29,9.72,26546500.0,263130016.0,13:14:51
300214,日科化学,7.42,-0.06,-0.802,7.42,7.43,7.48,7.45,7.52,7.34,11846450.0,87752241.0,13:14:51
300215,电科院,8.84,-0.37,-4.017,8.83,8.84,9.21,8.89,9.38,8.8,44325000.0,401232359.0,13:14:51
300217,东方电热,5.62,-0.19,-3.27,5.61,5.62,5.81,5.78,5.78,5.6,55637302.0,315313864.0,13:14:51
300218,安利股份,16.98,-0.43,-2.47,16.97,16.98,17.41,17.33,17.33,16.87,4919200.0,83812120.0,13:14:51
300219,鸿利智汇,7.62,-0.16,-2.057,7.61,7.62,7.78,7.79,7.8,7.61,16288485.0,125157000.0,13:14:51
300220,金运激光,15.65,-0.22,-1.386,15.65,15.67,15.87,15.92,15.92,15.54,2451460.0,38471372.0,13:14:51
300221,银禧科技,12.03,-0.73,-5.721,12.03,12.04,12.76,12.77,12.89,12.02,46243450.0,572638115.0,13:14:51
300222,科大智能,12.0,-0.3,-2.439,11.99,12.0,12.3,12.23,12.39,11.98,18370990.0,223225907.0,13:14:51
300223,北京君正,131.24,2.69,2.093,131.22,131.24,128.55,129.24,134.88,127.4,20706610.0,2710410903.0,13:14:51
300224,正海磁材,17.52,-0.25,-1.407,17.51,17.52,17.77,17.8,17.88,17.46,26213592.0,462357227.0,13:14:51
300225,*ST金泰,5.78,0.01,0.173,5.77,5.78,5.77,5.69,5.9,5.63,7110300.0,40930528.0,13:14:51
300226,上海钢联,29.15,-1.34,-4.395,29.15,29.16,30.49,30.17,30.57,29.1,17446024.0,518452663.0,13:14:51
300227,光韵达,12.21,0.37,3.125,12.21,12.22,11.84,11.83,12.94,11.72,47235724.0,588450794.0,13:14:51
300228,富瑞特装,10.9,0.14,1.301,10.9,10.91,10.76,10.78,11.09,10.63,52630843.0,572890200.0,13:14:51
300229,拓尔思,23.51,-1.05,-4.275,23.5,23.51,24.56,24.82,25.15,23.36,51525300.0,1241159323.0,13:14:51
300230,永利股份,5.21,-0.03,-0.573,5.21,5.22,5.24,5.25,5.27,5.2,10516391.0,55008379.0,13:14:48
300231,银信科技,11.03,-0.21,-1.868,11.03,11.04,11.24,11.21,11.28,11.01,6358970.0,70603288.0,13:14:51
300232,洲明科技,7.69,-0.18,-2.287,7.69,7.7,7.87,7.94,7.98,7.69,18184061.0,141332825.0,13:14:51
300233,金城医药,16.12,0.33,2.09,16.11,16.12,15.79,15.87,16.15,15.67,11347798.0,180651156.0,13:14:51
300234,开尔新材,6.07,-0.18,-2.88,6.06,6.07,6.25,6.23,6.23,6.06,9405044.0,57433374.0,13:14:51
300235,方直科技,15.18,-0.31,-2.001,15.16,15.18,15.49,15.48,15.5,14.9,5959350.0,90261517.0,13:14:42
300236,上海新阳,80.14,-1.31,-1.608,80.01,80.14,81.45,81.45,82.69,78.77,9562373.0,769555937.0,13:14:51
300237,ST美晨,2.48,-0.05,-1.976,2.48,2.49,2.53,2.53,2.57,2.47,30943520.0,77605346.0,13:14:51
300238,冠昊生物,17.2,0.03,0.175,17.2,17.21,17.17,17.05,17.42,16.57,12875426.0,217105241.0,13:14:51
300239,东宝生物,6.44,0.04,0.625,6.44,6.45,6.4,6.39,6.54,6.25,13974700.0,89152345.0,13:14:51
300240,飞力达,7.95,-0.1,-1.242,7.94,7.95,8.05,8.09,8.09,7.89,6943600.0,55265801.0,13:14:51
300241,瑞丰光电,6.03,-0.15,-2.427,6.03,6.04,6.18,6.15,6.17,6.01,21208920.0,128779255.0,13:14:51
300242,佳云科技,6.42,-0.04,-0.619,6.41,6.42,6.46,6.61,6.85,6.28,67251800.0,437377311.0,13:14:51
300243,瑞丰高材,11.33,-0.19,-1.649,11.33,11.34,11.52,11.56,11.67,11.23,4220900.0,47962382.0,13:14:48
300244,迪安诊断,25.98,-1.37,-5.009,25.97,25.98,27.35,27.39,27.65,25.81,56209793.0,1490574049.0,13:14:51
300245,天玑科技,12.72,-0.41,-3.123,12.71,12.72,13.13,13.13,13.26,12.72,7111944.0,92151950.0,13:14:51
300246,宝莱特,13.87,-0.56,-3.881,13.87,13.88,14.43,14.42,14.42,13.69,12363850.0,171949431.0,13:14:51
300247,融捷健康,5.38,-0.1,-1.825,5.38,5.39,5.48,5.58,5.59,5.38,23353300.0,127948168.0,13:14:51
300248,新开普,13.24,-0.75,-5.361,13.24,13.25,13.99,14.06,14.09,13.24,22036700.0,298494936.0,13:14:51
300249,依米康,15.77,0.01,0.063,15.77,15.78,15.76,15.7,16.28,15.7,16677843.0,266080007.0,13:14:51
300250,初灵信息,24.37,-1.09,-4.281,24.37,24.38,25.46,25.62,25.62,24.31,11031500.0,273174303.0,13:14:51
300251,光线传媒,17.6,0.14,0.802,17.6,17.61,17.46,17.45,17.96,17.4,57330422.0,1014368714.0,13:14:51
300252,金信诺,15.24,-0.85,-5.283,15.23,15.24,16.09,15.95,15.98,15.22,37454365.0,583912757.0,13:14:51
300253,卫宁健康,11.61,-0.47,-3.891,11.6,11.61,12.08,12.24,12.35,11.38,129046062.0,1509192833.0,13:14:51
300254,仟源医药,11.14,0.15,1.365,11.13,11.14,10.99,11.03,11.21,10.85,9890500.0,108902416.0,13:14:51
300255,常山药业,55.04,-1.58,-2.791,55.01,55.03,56.62,57.97,57.98,54.17,14037361.0,781688485.0,13:14:51
300256,星星科技,4.11,-0.08,-1.909,4.11,4.12,4.19,4.19,4.21,4.11,26002700.0,107790913.0,13:14:51
300257,开山股份,17.68,-0.26,-1.449,17.68,17.7,17.94,18.12,18.15,17.56,9186664.0,163197771.0,13:14:51
300258,精锻科技,14.12,-0.72,-4.852,14.11,14.12,14.84,15.0,15.0,14.08,26087245.0,376227381.0,13:14:51
300259,新天科技,4.69,-0.09,-1.883,4.69,4.7,4.78,4.79,4.8,4.68,21118145.0,99688605.0,13:14:51
300260,新莱应材,59.26,-2.75,-4.435,59.26,59.27,62.01,61.39,61.39,59.11,13951883.0,838418449.0,13:14:51
300261,雅本化学,7.66,0.05,0.657,7.66,7.67,7.61,7.51,7.77,7.49,31464725.0,241383124.0,13:14:48
300263,隆华科技,10.7,0.16,1.518,10.7,10.71,10.54,11.7,11.8,10.63,110770215.0,1229832533.0,13:14:51
300264,佳创视讯,6.51,-0.24,-3.556,6.5,6.51,6.75,6.79,6.79,6.51,16773134.0,110798112.0,13:14:48
300265,通光线缆,14.17,-0.64,-4.321,14.17,14.18,14.81,14.6,14.83,14.13,28619215.0,413577298.0,13:14:51
300266,兴源环境,2.61,-0.06,-2.247,2.61,2.62,2.67,2.69,2.7,2.61,18536755.0,48880183.0,13:14:51
300267,尔康制药,4.46,0.23,5.437,4.46,4.47,4.23,4.27,4.55,4.2,119923610.0,519591908.0,13:14:51
300268,*ST佳沃,13.06,-0.15,-1.136,13.06,13.07,13.21,13.26,13.27,12.9,913800.0,11919190.0,13:14:51
300269,联建光电,8.06,-0.39,-4.615,8.05,8.06,8.45,8.37,8.37,8.05,43962989.0,358399409.0,13:14:51
300270,中威电子,12.07,-0.01,-0.083,12.06,12.07,12.08,12.28,12.85,12.05,22143563.0,276935634.0,13:14:51
300271,华宇软件,8.07,-0.05,-0.616,8.06,8.07,8.12,8.21,8.38,8.02,24461915.0,199638454.0,13:14:51
300272,开能健康,7.89,-0.09,-1.128,7.89,7.9,7.98,7.97,8.01,7.76,15294057.0,120243868.0,13:14:51
300274,阳光电源,160.28,-2.76,-1.693,160.28,160.3,163.04,163.5,163.98,157.99,43207702.0,6916416281.0,13:14:51
300275,梅安森,13.36,-0.46,-3.329,13.35,13.36,13.82,13.78,13.8,13.35,9341140.0,126165387.0,13:14:48
300276,三丰智能,9.38,-0.35,-3.597,9.38,9.39,9.73,9.8,9.97,9.38,40883784.0,392065335.0,13:14:51
300277,海联讯,18.31,-0.76,-3.985,18.31,18.32,19.07,19.17,19.49,18.3,20430163.0,383626434.0,13:14:51
300278,华昌达,6.24,-0.23,-3.555,6.24,6.25,6.47,6.46,6.57,6.23,32866472.0,209771024.0,13:14:51
300279,和晶科技,8.58,-0.3,-3.378,8.58,8.59,8.88,8.97,9.0,8.57,28486600.0,249331908.0,13:14:51
300281,金明精机,8.45,-0.08,-0.938,8.44,8.45,8.53,8.65,8.8,8.44,20769450.0,179160259.0,13:14:48
300283,温州宏丰,8.56,-0.29,-3.277,8.56,8.57,8.85,8.6,8.73,8.46,23283343.0,200173240.0,13:14:51
300284,苏交科,7.92,-0.28,-3.415,7.92,7.93,8.2,8.18,8.2,7.9,16740962.0,133857803.0,13:14:45
300285,国瓷材料,32.38,-1.84,-5.377,32.37,32.38,34.22,33.83,34.18,32.37,28264602.0,937633165.0,13:14:51
300286,安科瑞,28.21,0.07,0.249,28.21,28.22,28.14,28.14,28.97,27.66,6994395.0,198402303.0,13:14:51
300287,飞利信,5.27,-0.14,-2.588,5.27,5.28,5.41,5.39,5.43,5.26,29128926.0,154931681.0,13:14:51
300288,朗玛信息,14.67,-0.41,-2.719,14.67,14.68,15.08,15.09,15.12,14.58,7611800.0,112295200.0,13:14:51
300289,利德曼,7.6,0.17,2.288,7.59,7.6,7.43,7.43,7.68,7.36,14908200.0,111623123.0,13:14:51
300290,荣科科技,18.26,-0.61,-3.233,18.25,18.26,18.87,18.91,18.93,18.22,22053743.0,408108926.0,13:14:51
300291,百纳千成,9.09,-0.65,-6.674,9.09,9.1,9.74,9.69,9.72,8.97,52445929.0,483026785.0,13:14:51
300292,吴通控股,4.64,-0.08,-1.695,4.64,4.65,4.72,4.72,4.73,4.64,29547800.0,138337186.0,13:14:51
300293,蓝英装备,21.65,-0.99,-4.373,21.64,21.65,22.64,22.5,22.55,21.62,8167700.0,179882107.0,13:14:51
300294,博雅生物,23.64,0.47,2.028,23.63,23.64,23.17,23.2,23.7,23.09,8424500.0,197316841.0,13:14:51
300295,三六五网,13.0,-0.44,-3.274,13.0,13.01,13.44,13.45,13.5,12.88,6397394.0,83885050.0,13:14:51
300296,利亚德,7.16,-0.05,-0.693,7.15,7.16,7.21,7.32,7.5,7.15,131343503.0,956413268.0,13:14:51
300298,三诺生物,18.97,0.22,1.173,18.97,18.99,18.75,18.9,19.24,18.7,12061050.0,228250327.0,13:14:51
300299,富春股份,7.22,-0.41,-5.374,7.22,7.23,7.63,7.68,7.68,7.22,36087613.0,266502424.0,13:14:51
300300,海峡创新,11.55,-0.87,-7.005,11.55,11.56,12.42,12.16,12.27,11.49,62532743.0,734764970.0,13:14:51
300301,ST长方,2.38,-0.03,-1.245,2.38,2.39,2.41,2.41,2.42,2.37,8094000.0,19344484.0,13:14:51
300302,同有科技,21.18,-0.35,-1.626,21.13,21.15,21.53,21.71,22.0,20.85,20753545.0,443455089.0,13:14:51
300303,聚飞光电,7.16,-0.19,-2.585,7.16,7.17,7.35,7.34,7.35,7.15,45263588.0,326751383.0,13:14:51
300304,云意电气,13.28,-0.42,-3.066,13.28,13.29,13.7,13.51,13.6,13.14,29634817.0,393420330.0,13:14:51
300305,裕兴股份,6.53,-0.08,-1.21,6.53,6.54,6.61,6.69,6.7,6.47,6498802.0,42615648.0,13:14:45
300306,远方信息,15.01,0.07,0.469,15.0,15.01,14.94,15.0,15.18,14.63,5099400.0,75804121.0,13:14:51
300307,慈星股份,7.47,-0.16,-2.097,7.47,7.48,7.63,7.62,7.65,7.46,11189603.0,84197698.0,13:14:51
300308,中际旭创,592.99,7.99,1.366,592.98,592.99,585.0,580.0,593.0,572.01,17462642.0,10187270634.0,13:14:51
300310,宜通世纪,6.77,-0.29,-4.108,6.76,6.77,7.06,6.99,7.02,6.75,45894719.0,315340497.0,13:14:51
300311,ST任子行,5.03,0.03,0.6,5.02,5.03,5.0,5.02,5.05,4.99,8851886.0,44450269.0,13:14:39
300313,*ST天山,9.17,0.18,2.002,9.16,9.18,8.99,9.08,9.35,9.08,2975100.0,27404344.0,13:14:51
300314,戴维医疗,14.42,0.24,1.693,14.41,14.42,14.18,14.2,14.53,14.0,5978916.0,85287225.0,13:14:51
300315,掌趣科技,5.89,-0.22,-3.601,5.88,5.89,6.11,6.16,6.17,5.88,141822004.0,849656537.0,13:14:51
300316,晶盛机电,46.14,-5.74,-11.064,46.13,46.14,51.88,49.92,50.69,46.09,59614177.0,2843221819.0,13:14:51
300317,珈伟新能,4.33,-0.08,-1.814,4.33,4.34,4.41,4.38,4.46,4.33,41488200.0,181534982.0,13:14:51
300318,博晖创新,7.19,0.69,10.615,7.17,7.19,6.5,6.59,7.27,6.57,48789119.0,340410794.0,13:14:51
300319,麦捷科技,12.69,-0.31,-2.385,12.69,12.7,13.0,12.93,13.02,12.67,23492311.0,300212265.0,13:14:51
300320,海达股份,10.49,-0.24,-2.237,10.49,10.5,10.73,10.85,10.89,10.48,14037891.0,149199814.0,13:14:51
300321,同大股份,41.43,-1.4,-3.269,41.41,41.42,42.83,42.84,42.84,41.33,1367800.0,57215766.0,13:14:51
300322,硕贝德,27.26,-2.32,-7.843,27.25,27.26,29.58,28.98,29.1,27.23,37642477.0,1053257378.0,13:14:51
300323,华灿光电,8.88,-0.03,-0.337,8.88,8.89,8.91,8.9,9.25,8.73,29331130.0,262402514.0,13:14:51
300324,旋极信息,6.21,-0.26,-4.019,6.21,6.22,6.47,6.42,6.56,6.2,118921970.0,758381696.0,13:14:51
300326,ST凯利,6.18,0.18,3.0,6.17,6.18,6.0,6.17,6.24,6.1,12911466.0,79668683.0,13:14:42
300327,中颖电子,31.21,-0.69,-2.163,31.21,31.23,31.9,31.95,32.0,30.95,14068188.0,442395728.0,13:14:51
300328,宜安科技,18.0,-0.31,-1.693,18.0,18.01,18.31,18.51,18.93,17.92,32052457.0,587889090.0,13:14:51
300329,海伦钢琴,14.2,-0.36,-2.473,14.2,14.21,14.56,14.49,14.56,14.05,4959534.0,70627319.0,13:14:48
300331,苏大维格,48.52,-5.24,-9.747,48.51,48.52,53.76,52.01,53.16,48.36,21902983.0,1104096739.0,13:14:51
300332,天壕能源,5.8,-0.09,-1.528,5.8,5.81,5.89,5.89,5.95,5.8,22511298.0,131913651.0,13:14:51
300333,兆日科技,11.13,-0.37,-3.217,11.13,11.14,11.5,11.52,11.55,11.12,8132079.0,91734709.0,13:14:51
300334,津膜科技,7.72,-0.09,-1.152,7.72,7.73,7.81,7.82,7.84,7.62,5879000.0,45356283.0,13:14:51
300335,迪森股份,6.16,-0.09,-1.44,6.15,6.16,6.25,6.25,6.25,6.15,11738500.0,72643880.0,13:14:51
300337,银邦股份,16.66,-1.21,-6.771,16.65,16.66,17.87,18.0,18.15,16.55,85420885.0,1472029632.0,13:14:51
300338,ST开元,3.49,-0.04,-1.133,3.48,3.49,3.53,3.55,3.57,3.42,6933202.0,24225294.0,13:14:51
300339,润和软件,53.02,-2.17,-3.932,53.01,53.02,55.19,54.81,55.99,53.01,25354179.0,1373826452.0,13:14:51
300340,科恒股份,13.57,-0.13,-0.949,13.57,13.58,13.7,13.86,14.06,13.53,13647520.0,187803511.0,13:14:51
300341,麦克奥迪,17.92,-0.32,-1.754,17.92,17.93,18.24,18.31,18.56,17.92,6597100.0,120026214.0,13:14:51
300342,天银机电,55.32,-5.95,-9.711,55.31,55.32,61.27,60.0,61.02,55.32,62530700.0,3653427046.0,13:14:51
300343,ST联创,6.37,0.1,1.595,6.36,6.37,6.27,6.27,6.51,6.18,27538716.0,174541780.0,13:14:51
300344,*ST立方,1.19,-0.12,-9.16,1.18,1.19,1.31,1.05,1.3,1.05,79648413.0,92889586.0,13:14:51
300345,华民股份,7.32,-0.68,-8.5,7.32,7.33,8.0,7.8,7.85,7.28,77067120.0,579727455.0,13:14:51
300346,南大光电,57.09,-2.47,-4.147,57.08,57.09,59.56,59.54,60.06,56.8,38004760.0,2204066200.0,13:14:51
300347,泰格医药,59.45,-0.97,-1.605,59.43,59.48,60.42,60.31,60.31,58.68,7924000.0,470042255.0,13:14:51
300348,长亮科技,14.64,-0.58,-3.811,14.63,14.64,15.22,15.41,15.56,14.61,26841725.0,400677060.0,13:14:51
300349,金卡智能,17.86,-0.95,-5.051,17.85,17.86,18.81,18.51,18.6,17.74,19118221.0,345418677.0,13:14:42
300350,华鹏飞,6.55,-0.15,-2.239,6.55,6.56,6.7,6.72,6.74,6.55,13050300.0,86099792.0,13:14:42
300351,永贵电器,18.76,-0.57,-2.949,18.76,18.77,19.33,19.38,19.45,18.73,11175009.0,212288780.0,13:14:42
300352,北信源,6.77,-0.32,-4.513,6.77,6.78,7.09,7.13,7.16,6.76,59919852.0,412940166.0,13:14:42
300353,东土科技,22.68,-0.7,-2.994,22.67,22.68,23.38,23.5,23.69,22.59,14186190.0,326083652.0,13:14:42
300354,东华测试,44.29,-3.34,-7.012,44.29,44.3,47.63,47.69,47.72,44.28,6108600.0,278722227.0,13:14:42
300355,蒙草生态,4.08,-0.05,-1.211,4.08,4.09,4.13,4.12,4.16,4.08,27414060.0,112558827.0,13:14:42
300357,我武生物,29.81,-0.27,-0.898,29.8,29.84,30.08,30.25,30.29,29.21,5096848.0,150775534.0,13:14:42
300358,楚天科技,12.06,-0.09,-0.741,12.06,12.07,12.15,12.23,12.31,11.98,23335638.0,281721244.0,13:14:42
300359,全通教育,5.7,-0.05,-0.87,5.69,5.7,5.75,5.8,5.82,5.63,10622900.0,60621500.0,13:14:42
300360,炬华科技,18.15,-0.58,-3.097,18.15,18.16,18.73,18.68,18.72,18.12,15555576.0,285725012.0,13:14:42
300363,博腾股份,26.25,0.3,1.156,26.23,26.25,25.95,26.14,26.58,25.73,13449694.0,350652955.0,13:14:42
300364,中文在线,31.49,-1.3,-3.965,31.48,31.49,32.79,33.99,34.43,31.28,66337590.0,2161348933.0,13:14:42
300365,恒华科技,6.96,-0.14,-1.972,6.96,6.97,7.1,7.12,7.13,6.95,14526063.0,101921512.0,13:14:42
300366,ST创意,7.1,-0.19,-2.606,7.1,7.11,7.29,7.29,7.33,7.1,11570000.0,83422650.0,13:14:42
300368,汇金股份,13.93,-0.31,-2.177,13.92,13.93,14.24,14.18,14.18,13.88,16448189.0,230078020.0,13:14:42
300369,绿盟科技,7.87,-0.26,-3.198,7.87,7.88,8.13,8.13,8.15,7.86,20677700.0,164567582.0,13:14:42
300370,安控科技,2.83,-0.05,-1.736,2.82,2.83,2.88,2.88,2.9,2.82,19041600.0,54066246.0,13:14:39
300371,汇中股份,13.89,-0.08,-0.573,13.87,13.9,13.97,13.97,14.08,13.76,2109576.0,29283576.0,13:14:27
300373,扬杰科技,76.47,-1.15,-1.482,76.46,76.47,77.62,77.01,80.86,75.82,14272001.0,1109466070.0,13:14:42
300374,中铁装配,16.74,-0.17,-1.005,16.73,16.74,16.91,16.84,17.05,16.73,5742430.0,96940650.0,13:14:42
300375,鹏翎股份,5.28,-0.4,-7.042,5.28,5.29,5.68,5.6,5.6,5.25,55795850.0,298988303.0,13:14:42
300376,易事特,7.58,0.39,5.424,7.59,7.6,7.19,7.32,7.75,7.24,68691399.0,516320008.0,13:14:42
300377,赢时胜,20.85,-0.8,-3.695,20.85,20.86,21.65,21.48,21.77,20.81,36114793.0,764434223.0,13:14:42
300378,鼎捷数智,56.98,-2.53,-4.251,56.98,56.99,59.51,59.52,60.27,56.71,11481333.0,665610434.0,13:14:42
300380,安硕信息,43.67,0.44,1.018,43.67,43.68,43.23,43.96,44.42,43.51,4329386.0,190656535.0,13:14:42
300381,溢多利,7.2,0.07,0.982,7.19,7.21,7.13,7.17,7.23,7.09,7351725.0,52532240.0,13:14:42
300382,斯莱克,15.35,-0.98,-6.001,15.35,15.36,16.33,16.32,16.44,15.24,21799168.0,344040469.0,13:14:42
300383,光环新网,15.32,0.86,5.947,15.32,15.33,14.46,15.03,16.5,15.03,169629929.0,2676493587.0,13:14:42
300384,三联虹普,17.36,-0.08,-0.459,17.36,17.37,17.44,17.51,17.63,17.35,3277131.0,57271026.0,13:14:36
300385,雪浪环境,9.8,-0.05,-0.508,9.8,9.81,9.85,11.12,11.2,9.55,37824664.0,388092028.0,13:14:39
300386,飞天诚信,16.62,-0.68,-3.931,16.61,16.62,17.3,17.21,17.3,16.61,8442700.0,142691080.0,13:14:39
300387,富邦科技,9.34,0.0,0.0,9.33,9.34,9.34,9.34,9.47,9.26,6637418.0,62148703.0,13:14:42
300388,节能国祯,8.34,-0.06,-0.714,8.33,8.34,8.4,8.41,8.44,8.31,5471348.0,45727235.0,13:14:36
300389,艾比森,18.25,-0.39,-2.092,18.25,18.26,18.64,18.71,18.86,18.19,5388600.0,99067351.0,13:14:42
300390,天华新能,52.24,-1.52,-2.827,52.24,52.29,53.76,54.66,54.83,51.7,27425538.0,1468060516.0,13:14:42
300391,*ST长药,0.0,0.0,0.0,0.0,0.0,0.92,0.0,0.0,0.0,0.0,0.0,13:13:57
300393,中来股份,8.07,-0.15,-1.825,8.07,8.08,8.22,8.4,8.49,8.07,114725273.0,947298814.0,13:14:42
300394,天孚通信,196.08,6.92,3.658,196.08,196.11,189.16,188.6,197.58,186.63,27924781.0,5380707381.0,13:14:42
300395,菲利华,93.2,0.21,0.226,93.22,93.33,92.99,92.02,95.16,92.01,14574627.0,1368517084.0,13:14:42
300396,迪瑞医疗,14.04,0.28,2.035,14.04,14.05,13.76,13.73,14.12,13.73,4452681.0,61823961.0,13:14:42
300397,天和防务,14.21,-0.69,-4.631,14.21,14.22,14.9,14.81,14.86,14.19,20077000.0,289330951.0,13:14:42
300398,飞凯材料,26.16,0.02,0.077,26.16,26.17,26.14,26.74,27.3,26.02,34671912.0,920317158.0,13:14:42
300399,天利科技,28.7,0.55,1.954,28.7,28.71,28.15,28.18,29.5,27.5,15420400.0,443936940.0,13:14:42
300400,劲拓股份,22.05,-0.64,-2.821,22.05,22.06,22.69,22.65,22.65,21.85,6114000.0,134922345.0,13:14:42
300401,花园生物,17.54,-0.54,-2.987,17.53,17.54,18.08,18.11,18.23,17.5,18710033.0,331387923.0,13:14:42
300402,宝色股份,24.54,0.99,4.204,24.53,24.54,23.55,23.5,25.36,23.18,20389476.0,493673542.0,13:14:42
300403,汉宇集团,14.45,-0.57,-3.795,14.44,14.45,15.02,14.99,15.22,14.43,18616919.0,274282789.0,13:14:42
300404,博济医药,11.06,0.07,0.637,11.05,11.06,10.99,10.99,11.12,10.76,15151590.0,165419579.0,13:14:42
300405,科隆股份,6.88,-0.12,-1.714,6.89,6.9,7.0,7.07,7.13,6.83,7517230.0,52033517.0,13:14:36
300406,九强生物,14.6,0.35,2.456,14.59,14.6,14.25,14.37,14.67,14.23,11529664.0,166275726.0,13:14:42
300407,凯发电气,13.2,-0.22,-1.639,13.19,13.2,13.42,13.43,13.48,13.18,7576700.0,101100667.0,13:14:42
300408,三环集团,51.53,-0.83,-1.585,51.53,51.63,52.36,52.37,52.99,50.81,20376901.0,1047203357.0,13:14:42
300409,道氏技术,31.04,-0.97,-3.03,31.04,31.05,32.01,32.8,32.98,31.03,67967357.0,2168736028.0,13:14:42
300410,正业科技,8.81,-0.34,-3.716,8.81,8.82,9.15,9.26,9.28,8.78,17907499.0,160016002.0,13:14:42
300411,金盾股份,11.98,-0.29,-2.363,11.98,11.99,12.27,12.29,12.29,11.97,6186675.0,74629769.0,13:14:42
300412,迦南科技,6.02,0.02,0.333,6.01,6.02,6.0,6.02,6.07,5.96,16132240.0,97004152.0,13:14:42
300413,芒果超媒,25.51,-1.06,-3.989,25.5,25.51,26.57,26.59,26.69,25.48,24042393.0,623230133.0,13:14:42
300414,中光防雷,15.56,-0.95,-5.754,15.56,15.57,16.51,16.4,16.4,15.55,15658749.0,249076953.0,13:14:42
300415,伊之密,27.13,-0.95,-3.383,27.13,27.16,28.08,28.08,28.09,27.02,7981719.0,218388475.0,13:14:42
300416,苏试试验,19.83,-1.7,-7.896,19.82,19.83,21.53,21.36,21.48,19.81,42845843.0,875248833.0,13:14:42
300417,南华仪器,13.63,-0.36,-2.573,13.61,13.63,13.99,14.02,14.09,13.55,3059600.0,41988448.0,13:14:42
300418,昆仑万维,53.46,-2.28,-4.09,53.4,53.46,55.74,58.01,58.01,53.21,80669855.0,4456693189.0,13:14:42
300419,ST浩丰,7.1,0.22,3.198,7.1,7.11,6.88,6.89,7.22,6.84,14525460.0,102903553.0,13:14:42
300420,五洋自控,4.24,-0.15,-3.417,4.24,4.25,4.39,4.4,4.4,4.24,30090930.0,129415622.0,13:14:42
300421,力星股份,30.65,-4.17,-11.976,30.65,30.66,34.82,34.47,35.1,30.16,35472817.0,1145531167.0,13:14:42
300422,博世科,5.04,-0.01,-0.198,5.04,5.05,5.05,5.05,5.09,4.95,5793974.0,29089584.0,13:14:42
300423,昇辉科技,9.21,-0.19,-2.021,9.2,9.21,9.4,9.33,9.45,9.05,24029500.0,221706847.0,13:14:42
300424,航新科技,18.89,-1.05,-5.266,18.88,18.89,19.94,19.82,19.86,18.88,15562696.0,300802478.0,13:14:42
300425,中建环能,5.27,0.01,0.19,5.26,5.27,5.26,5.27,5.3,5.22,6314089.0,33220835.0,13:14:36
300426,华智数媒,8.56,-0.08,-0.926,8.56,8.57,8.64,8.65,8.74,8.35,8433700.0,71678304.0,13:14:42
300427,红相股份,17.48,0.52,3.066,17.47,17.48,16.96,16.6,18.28,16.2,103272058.0,1800249756.0,13:14:42
300428,立中集团,25.11,-0.52,-2.029,25.09,25.11,25.63,25.73,26.0,25.02,12918369.0,327584638.0,13:14:42
300429,强力新材,16.0,-0.69,-4.134,16.0,16.01,16.69,16.55,16.58,15.92,24453221.0,395700346.0,13:14:42
300430,诚益通,22.39,-0.78,-3.366,22.38,22.39,23.17,23.04,23.17,22.25,9863949.0,223361010.0,13:14:42
300432,富临精工,18.61,-0.67,-3.475,18.61,18.62,19.28,19.32,19.48,18.5,48042453.0,904153409.0,13:14:42
300433,蓝思科技,38.99,-3.61,-8.474,38.99,39.0,42.6,42.1,42.1,38.65,157787266.0,6290483815.0,13:14:42
300434,金石亚药,11.55,0.42,3.774,11.55,11.56,11.13,11.21,11.66,11.17,20509234.0,233762062.0,13:14:42
300435,中泰股份,33.8,-0.72,-2.086,33.8,33.82,34.52,34.67,35.78,33.65,31564007.0,1099270475.0,13:14:42
300436,广生堂,101.68,5.4,5.609,101.48,101.68,96.28,96.28,103.6,93.39,19632196.0,1941966427.0,13:14:42
300437,清水源,16.48,-0.31,-1.846,16.47,16.48,16.79,16.65,17.29,16.3,13413484.0,225182778.0,13:14:45
300438,鹏辉能源,50.1,2.64,5.563,50.1,50.13,47.46,51.68,54.0,50.05,51649809.0,2682614358.0,13:14:45
300439,美康生物,10.86,0.41,3.923,10.86,10.87,10.45,10.51,10.91,10.51,11655527.0,124804304.0,13:14:45
300440,运达科技,14.64,-0.24,-1.613,14.64,14.66,14.88,14.82,14.83,14.34,10390800.0,150950808.0,13:14:36
300441,鲍斯股份,8.05,-0.11,-1.348,8.05,8.06,8.16,8.14,8.15,7.99,7317319.0,58877711.0,13:14:45
300442,润泽科技,82.07,3.75,4.788,82.06,82.07,78.32,82.0,84.77,80.18,70235635.0,5804446024.0,13:14:45
300443,金雷股份,29.93,-2.15,-6.702,29.94,29.96,32.08,31.5,31.5,29.39,17841846.0,538980896.0,13:14:45
300444,双杰电气,15.11,0.16,1.07,15.11,15.12,14.95,14.52,15.87,14.52,139353204.0,2116922552.0,13:14:45
300445,康斯特,25.35,-2.13,-7.751,25.34,25.35,27.48,27.22,27.52,25.33,8386060.0,219026708.0,13:14:45
300446,航天智造,24.35,-1.58,-6.093,24.34,24.35,25.93,25.8,25.8,24.34,31132125.0,775955477.0,13:14:45
300447,全信股份,20.59,-1.25,-5.723,20.59,20.6,21.84,21.1,21.85,20.51,21071640.0,443408417.0,13:14:45
300448,浩云科技,9.13,-0.22,-2.353,9.11,9.13,9.35,9.32,9.35,9.01,29323811.0,267442470.0,13:14:45
300449,汉邦高科,7.56,-0.18,-2.326,7.56,7.57,7.74,7.74,7.74,7.52,6213286.0,47359644.0,13:14:36
300450,先导智能,62.4,-0.75,-1.188,62.38,62.4,63.15,66.93,67.48,62.29,127038850.0,8176160789.0,13:14:45
300451,创业慧康,5.59,-0.19,-3.287,5.58,5.59,5.78,5.8,5.8,5.53,56628915.0,317851941.0,13:14:45
300452,山河药辅,16.15,0.46,2.932,16.14,16.15,15.69,15.54,16.27,15.4,20835877.0,330648915.0,13:14:45
300453,三鑫医疗,9.74,0.14,1.458,9.73,9.74,9.6,9.62,9.78,9.55,8167915.0,78863586.0,13:14:45
300454,深信服,169.1,1.86,1.112,169.09,169.1,167.24,176.1,182.0,168.27,15524149.0,2711464005.0,13:14:45
300455,航天智装,28.48,-2.81,-8.981,28.47,28.48,31.29,31.31,31.55,28.36,37423693.0,1106809783.0,13:14:45
300456,赛微电子,52.85,-2.64,-4.758,52.83,52.84,55.49,55.48,55.66,52.71,40596010.0,2182781299.0,13:14:45
300457,赢合科技,29.7,-1.0,-3.257,29.68,29.7,30.7,31.32,31.58,29.6,19977160.0,606521550.0,13:14:45
300458,全志科技,45.51,-1.32,-2.819,45.51,45.52,46.83,46.85,47.77,45.4,29885713.0,1386470165.0,13:14:45
300459,汤姆猫,5.18,-0.23,-4.251,5.17,5.18,5.41,5.41,5.45,5.16,178167541.0,936060137.0,13:14:45
300460,ST惠伦,8.56,-0.16,-1.835,8.56,8.57,8.72,8.69,8.87,8.56,6441400.0,55868297.0,13:14:39
300461,田中精机,32.18,4.86,17.789,32.18,32.19,27.32,29.39,32.78,29.0,26015785.0,826149626.0,13:14:42
300462,ST华铭,12.47,0.51,4.264,12.46,12.48,11.96,12.16,12.64,12.06,6616800.0,82219410.0,13:14:33
300463,迈克生物,14.2,2.37,20.034,14.2,0.0,11.83,13.2,14.2,12.78,75469390.0,1017015955.0,13:14:45
300464,星徽股份,6.55,-0.25,-3.676,6.55,6.56,6.8,6.75,6.81,6.47,13154700.0,87069506.0,13:14:36
300465,高伟达,19.91,-0.53,-2.593,19.9,19.91,20.44,20.28,20.38,19.89,9426500.0,188779492.0,13:14:45
300466,赛摩智能,10.38,-0.3,-2.809,10.37,10.38,10.68,10.65,10.68,10.37,7849830.0,82520738.0,13:14:45
300467,迅游科技,32.48,-0.32,-0.976,32.44,32.48,32.8,32.78,33.12,32.4,3530492.0,115573621.0,13:14:42
300468,四方精创,33.19,-1.41,-4.075,33.18,33.19,34.6,34.6,34.6,33.1,20069741.0,676066223.0,13:14:45
300469,信息发展,64.98,-1.23,-1.858,64.97,65.04,66.21,66.36,68.36,64.5,5164049.0,338868300.0,13:14:42
300470,中密控股,38.39,-0.76,-1.941,38.39,38.43,39.15,39.2,39.2,38.32,2794025.0,107766364.0,13:14:45
300471,厚普股份,14.88,0.27,1.848,14.88,14.89,14.61,14.53,14.98,14.25,18702840.0,272257183.0,13:14:45
300472,*ST新元,8.71,0.47,5.704,8.72,8.75,8.24,8.26,8.89,8.26,13527159.0,117453192.0,13:14:45
300473,德尔股份,35.01,1.27,3.764,34.98,35.01,33.74,33.91,36.78,33.82,11486900.0,410518228.0,13:14:45
300474,景嘉微,75.82,-2.64,-3.365,75.82,75.83,78.46,78.1,79.3,75.68,10350051.0,796301966.0,13:14:45
300475,香农芯创,164.49,6.62,4.193,164.46,164.48,157.87,164.0,167.45,159.4,31278050.0,5108345985.0,13:14:45
300476,胜宏科技,267.33,3.02,1.143,267.33,267.4,264.31,267.02,269.59,264.59,13971279.0,3732487518.0,13:14:45
300477,ST合纵,3.29,0.03,0.92,3.29,3.3,3.26,3.21,3.4,3.11,86902564.0,281850126.0,13:14:45
300478,杭州高新,26.73,-0.69,-2.516,26.73,26.74,27.42,27.52,27.66,26.55,1985700.0,53355510.0,13:14:39
300479,神思电子,20.58,-0.8,-3.742,20.58,20.59,21.38,21.35,21.37,20.58,8520088.0,177904341.0,13:14:45
300480,光力科技,21.79,-0.61,-2.723,21.79,21.8,22.4,22.8,23.25,21.69,20183601.0,451269184.0,13:14:45
300481,濮阳惠成,18.01,0.56,3.209,18.01,18.02,17.45,17.5,18.24,17.22,14991645.0,265350770.0,13:14:45
300482,万孚生物,25.05,3.06,13.915,25.05,25.06,21.99,24.0,25.29,23.37,45313665.0,1091768924.0,13:14:45
300483,首华燃气,16.9,-0.25,-1.458,16.89,16.9,17.15,17.59,18.15,16.81,35465341.0,616007276.0,13:14:45
300484,蓝海华腾,20.23,-0.64,-3.067,20.22,20.24,20.87,20.86,20.86,20.22,5331661.0,108982101.0,13:14:42
300485,赛升药业,12.09,0.5,4.314,12.09,12.11,11.59,11.65,12.18,11.52,15801082.0,187556277.0,13:14:42
300486,东杰智能,20.96,-0.22,-1.039,20.95,20.96,21.18,21.09,21.2,20.7,11156900.0,233832489.0,13:14:45
300487,蓝晓科技,69.8,-1.78,-2.487,69.8,69.9,71.58,70.7,71.79,68.81,6937246.0,484749724.0,13:14:45
300488,恒锋工具,34.22,-0.83,-2.368,34.22,34.24,35.05,35.06,35.3,34.16,1416048.0,48920293.0,13:14:30
300489,光智科技,45.24,-1.11,-2.395,45.23,45.29,46.35,46.06,46.41,44.85,3957550.0,180304997.0,13:14:42
300490,华自科技,16.46,0.26,1.605,16.45,16.46,16.2,16.78,18.15,16.43,76774899.0,1323791957.0,13:14:45
300491,通合科技,27.94,-0.36,-1.272,27.94,27.95,28.3,28.37,29.08,27.88,6612160.0,188019462.0,13:14:45
300492,华图山鼎,86.01,8.02,10.283,86.01,86.13,77.99,80.69,92.23,78.62,7166289.0,628372182.0,13:14:45
300493,润欣科技,20.06,-0.84,-4.019,20.06,20.07,20.9,20.91,21.05,20.04,19287976.0,393415958.0,13:14:45
300494,盛天网络,13.55,0.02,0.148,13.55,13.56,13.53,13.7,14.07,13.44,24896460.0,341233153.0,13:14:45
300496,中科创达,77.25,-3.51,-4.346,77.22,77.25,80.76,80.76,80.99,77.2,14950298.0,1173406687.0,13:14:45
300497,富祥药业,16.62,-0.79,-4.538,16.6,16.62,17.41,17.4,17.5,16.38,33658326.0,567414626.0,13:14:45
300498,温氏股份,15.71,0.07,0.448,15.71,15.72,15.64,15.64,15.75,15.42,47562967.0,741504049.0,13:14:45
300499,高澜股份,29.56,-0.32,-1.071,29.55,29.56,29.88,29.88,30.63,29.26,16844165.0,503558250.0,13:14:45
300500,启迪设计,12.76,-0.29,-2.222,12.76,12.79,13.05,13.11,13.15,12.66,3399900.0,43666641.0,13:14:33
300501,海顺新材,16.34,-0.23,-1.388,16.34,16.35,16.57,16.57,16.66,16.25,2213000.0,36303221.0,13:14:36
300502,新易盛,389.62,6.6,1.723,389.62,389.79,383.02,379.8,390.0,374.51,21123060.0,8104203011.0,13:14:45
300503,昊志机电,64.28,-7.37,-10.286,64.28,64.29,71.65,71.55,71.76,63.18,35589513.0,2355492109.0,13:14:45
300504,天邑股份,14.96,-0.57,-3.67,14.95,14.96,15.53,15.45,15.52,14.94,4796400.0,72960019.0,13:14:45
300505,川金诺,28.88,0.12,0.417,28.87,28.88,28.76,28.77,30.2,28.77,28266104.0,835481068.0,13:14:45
300506,ST名家汇,4.82,0.03,0.626,4.81,4.83,4.79,4.78,5.1,4.75,15685962.0,77497503.0,13:14:45
300507,苏奥传感,10.22,-0.38,-3.585,10.22,10.23,10.6,10.6,10.63,10.21,24389543.0,253268591.0,13:14:45
300508,维宏股份,43.39,-0.72,-1.632,43.38,43.39,44.11,44.11,45.01,43.35,3926440.0,172716738.0,13:14:45
300509,新美星,14.83,-0.29,-1.918,14.83,14.84,15.12,15.1,15.52,14.75,5515543.0,83331134.0,13:14:33
300510,金冠股份,4.61,-0.09,-1.915,4.6,4.61,4.7,4.69,4.7,4.6,24996500.0,116291852.0,13:14:45
300511,雪榕生物,6.28,0.07,1.127,6.28,6.29,6.21,6.21,6.28,6.13,16656699.0,102965944.0,13:14:45
300512,中亚股份,9.84,-0.16,-1.6,9.83,9.84,10.0,10.04,10.11,9.81,4552900.0,44999744.0,13:14:45
300513,恒实科技,10.02,-0.5,-4.753,10.02,10.03,10.52,10.52,10.6,9.98,11375500.0,115383642.0,13:14:45
300514,友讯达,14.46,-0.2,-1.364,14.46,14.47,14.66,14.72,14.72,14.4,3108500.0,45131971.0,13:14:45
300515,三德科技,21.16,-0.33,-1.536,21.16,21.17,21.49,21.49,21.66,21.09,2164800.0,45949300.0,13:14:45
300516,久之洋,69.21,-6.92,-9.09,69.21,69.23,76.13,75.13,75.13,69.03,10499477.0,750433557.0,13:14:45
300517,海波重科,12.44,-0.4,-3.115,12.43,12.45,12.84,12.9,12.98,12.28,4715880.0,59067903.0,13:14:42
300518,新迅达,21.96,-1.7,-7.185,21.94,21.96,23.66,23.32,23.44,21.88,11551919.0,259847864.0,13:14:54
300519,新光药业,16.37,0.14,0.863,16.37,16.39,16.23,16.36,16.47,16.12,2419500.0,39380441.0,13:14:54
300520,科大国创,43.92,-2.73,-5.852,43.9,43.91,46.65,46.66,46.69,43.7,24322850.0,1089405454.0,13:14:54
300521,爱司凯,37.83,-0.51,-1.33,37.79,37.82,38.34,39.0,39.49,37.69,5912300.0,228307034.0,13:14:54
300522,世名科技,13.0,-0.24,-1.813,13.0,13.01,13.24,13.2,13.25,12.98,3802000.0,49732846.0,13:14:54
300523,辰安科技,24.52,-0.06,-0.244,24.51,24.53,24.58,24.61,25.03,24.2,3535110.0,86835687.0,13:14:54
300525,博思软件,14.26,-0.13,-0.903,14.26,14.27,14.39,15.27,15.55,14.26,53365582.0,795761457.0,13:14:54
300527,ST应急,8.25,-0.1,-1.198,8.25,8.26,8.35,8.33,8.35,8.24,9814314.0,81282668.0,13:14:54
300528,幸福蓝海,21.47,-0.62,-2.807,21.47,21.48,22.09,21.77,22.22,21.4,12253398.0,266692517.0,13:14:54
300529,健帆生物,20.9,0.21,1.015,20.89,20.9,20.69,20.8,21.0,20.43,6181640.0,127831594.0,13:14:51
300530,领湃科技,31.74,0.56,1.796,31.74,31.75,31.18,31.19,32.45,30.7,6062850.0,193111632.0,13:14:54
300531,优博讯,18.38,-0.37,-1.973,18.38,18.39,18.75,18.66,18.91,18.37,6558650.0,121617494.0,13:14:54
300532,今天国际,12.68,-0.13,-1.015,12.68,12.69,12.81,12.81,12.89,12.57,6078595.0,77117790.0,13:14:54
300533,冰川网络,37.63,-1.07,-2.765,37.62,37.63,38.7,38.58,38.6,37.6,6323199.0,239967685.0,13:14:51
300534,陇神戎发,10.31,0.2,1.978,10.3,10.31,10.11,10.12,10.38,10.07,14585200.0,149369626.0,13:14:54
300535,达威股份,20.36,-0.64,-3.048,20.32,20.36,21.0,20.95,21.15,19.94,2387168.0,48815501.0,13:14:42
300536,农尚环境,9.18,-0.3,-3.165,9.18,9.19,9.48,9.43,9.8,9.07,8283000.0,76934681.0,13:14:54
300537,广信材料,23.52,-0.78,-3.21,23.51,23.52,24.3,24.3,24.3,23.5,6479809.0,154001648.0,13:14:54
300538,同益股份,17.07,-0.54,-3.066,17.07,17.08,17.61,17.7,17.7,17.06,6480500.0,111846304.0,13:14:54
300539,横河精密,36.59,-2.66,-6.777,36.58,36.59,39.25,39.1,39.3,36.5,8996980.0,337381224.0,13:14:54
300540,蜀道装备,23.53,-0.32,-1.342,23.53,23.54,23.85,23.53,23.94,23.01,5896808.0,138364900.0,13:14:51
300541,先进数通,15.28,-0.35,-2.239,15.28,15.29,15.63,15.57,15.8,15.27,12368537.0,191623395.0,13:14:54
300542,新晨科技,18.58,-0.7,-3.631,18.58,18.59,19.28,19.22,19.29,18.58,5957200.0,112234829.0,13:14:51
300543,朗科智能,11.57,-0.29,-2.445,11.57,11.58,11.86,11.88,11.88,11.52,5767000.0,67153679.0,13:14:54
300545,联得装备,33.99,-1.36,-3.847,33.98,33.99,35.35,35.0,35.22,33.95,7479593.0,257943749.0,13:14:54
300546,雄帝科技,24.36,-0.74,-2.948,24.36,24.37,25.1,25.09,25.09,24.36,4040600.0,99333846.0,13:14:51
300547,川环科技,36.5,-0.75,-2.013,36.5,36.51,37.25,37.25,37.83,36.17,5681920.0,209142700.0,13:14:45
300548,长芯博创,136.08,3.37,2.539,136.08,136.09,132.71,132.03,138.89,131.7,18665204.0,2547374715.0,13:14:54
300549,优德精密,19.51,-0.69,-3.416,19.49,19.51,20.2,20.1,20.14,19.48,2728700.0,53797688.0,13:14:54
300550,和仁科技,15.17,-0.92,-5.718,15.16,15.17,16.09,16.19,16.2,14.99,6220000.0,95432591.0,13:14:54
300551,古鳌科技,17.87,-0.62,-3.353,17.87,17.89,18.49,18.38,18.43,17.52,16837700.0,300521739.0,13:14:54
300552,万集科技,32.86,-3.56,-9.775,32.87,32.89,36.42,35.67,35.88,32.84,16888420.0,576116549.0,13:14:54
300553,集智股份,45.77,-2.04,-4.267,45.77,45.85,47.81,47.87,48.75,45.5,4574709.0,213577047.0,13:14:54
300554,三超新材,25.31,-0.93,-3.544,25.31,25.32,26.24,26.24,26.27,25.29,3696000.0,94768603.0,13:14:54
300555,ST路通,15.18,-0.42,-2.692,15.17,15.19,15.6,15.48,15.48,14.98,2111900.0,31963709.0,13:14:45
300556,丝路视觉,20.07,-0.41,-2.002,20.06,20.07,20.48,20.54,20.65,19.92,3255275.0,65771469.0,13:14:51
300557,理工光科,36.42,-1.78,-4.66,36.42,36.45,38.2,38.25,38.25,36.37,4123547.0,152288304.0,13:14:48
300558,贝达药业,48.61,-0.55,-1.119,48.62,48.7,49.16,49.17,49.49,47.9,6269650.0,303223500.0,13:14:54
300559,佳发教育,12.76,-0.58,-4.348,12.76,12.77,13.34,13.35,13.45,12.75,8250277.0,107069053.0,13:14:54
300560,中富通,16.62,-0.6,-3.484,16.62,16.63,17.22,17.2,17.38,16.6,9315600.0,157701370.0,13:14:54
300561,*ST汇科,21.68,-0.52,-2.342,21.68,21.69,22.2,21.82,22.44,21.53,5740685.0,125547883.0,13:14:51
300562,乐心医疗,15.2,-0.22,-1.427,15.19,15.2,15.42,15.53,15.56,15.04,6757300.0,102699257.0,13:14:51
300563,神宇股份,40.54,0.89,2.245,40.54,40.55,39.65,39.66,41.55,39.21,15162818.0,613732472.0,13:14:54
300564,筑博设计,16.39,-0.2,-1.206,16.37,16.39,16.59,16.66,16.72,16.28,2055540.0,33820836.0,13:14:27
300565,科信技术,12.86,-0.28,-2.131,12.85,12.86,13.14,13.37,13.38,12.85,6811600.0,88684925.0,13:14:51
300566,激智科技,19.61,-0.31,-1.556,19.61,19.62,19.92,19.97,20.01,19.56,6833776.0,134641330.0,13:14:54
300567,精测电子,140.7,-4.76,-3.272,140.51,140.69,145.46,144.0,146.5,137.0,9994431.0,1402952909.0,13:14:54
300568,星源材质,14.81,-0.44,-2.885,14.8,14.81,15.25,15.25,15.35,14.75,47484296.0,710827723.0,13:14:54
300569,天能重工,6.28,-0.09,-1.413,6.28,6.29,6.37,6.36,6.4,6.28,20212257.0,127719750.0,13:14:54
300570,太辰光,102.24,0.06,0.059,102.2,102.25,102.18,101.96,104.36,101.38,8455205.0,865889217.0,13:14:54
300571,平治信息,30.01,-0.29,-0.957,30.01,30.02,30.3,30.4,31.0,29.91,4428000.0,134893578.0,13:14:54
300572,安车检测,28.0,-0.68,-2.371,28.0,28.01,28.68,28.51,28.85,27.92,5840102.0,164211967.0,13:14:54
300573,兴齐眼药,73.12,-1.43,-1.918,73.11,73.13,74.55,74.2,74.79,72.81,8257462.0,606572364.0,13:14:54
300575,中旗股份,7.0,0.02,0.287,7.0,7.01,6.98,6.95,7.06,6.83,32341714.0,224687062.0,13:14:54
300576,容大感光,41.8,-1.96,-4.479,41.79,41.8,43.76,43.77,43.94,41.75,12944521.0,553069810.0,13:14:54
300577,开润股份,21.56,-0.33,-1.508,21.55,21.56,21.89,21.89,21.95,21.55,1666700.0,36139786.0,13:14:54
300578,会畅科技,25.89,-1.52,-5.545,25.89,25.9,27.41,27.23,27.42,25.88,15444068.0,408777474.0,13:14:54
300579,数字认证,31.0,-1.31,-4.054,31.0,31.01,32.31,32.15,32.26,30.72,6104400.0,190873961.0,13:14:54
300580,贝斯特,25.7,-1.13,-4.212,25.7,25.72,26.83,26.88,27.14,25.7,8378946.0,220304565.0,13:14:51
300581,晨曦航空,16.13,-0.75,-4.443,16.12,16.13,16.88,16.75,16.85,16.11,16423520.0,269458493.0,13:14:54
300582,英飞特,17.94,-0.97,-5.13,17.92,17.94,18.91,18.85,18.91,17.83,14387825.0,261470288.0,13:14:54
300583,赛托生物,15.13,0.25,1.68,15.13,15.16,14.88,14.95,15.35,14.77,4491934.0,67571434.0,13:14:54
300584,海辰药业,49.88,-1.31,-2.559,49.9,49.99,51.19,51.2,51.8,49.5,4287600.0,216583690.0,13:14:54
300585,奥联电子,18.22,-0.77,-4.055,18.22,18.23,18.99,18.99,19.13,18.2,6550283.0,120834902.0,13:14:54
300586,美联新材,10.98,-0.4,-3.515,10.97,10.98,11.38,11.31,11.36,10.96,15893291.0,176826027.0,13:14:51
300587,天铁科技,6.28,-0.25,-3.828,6.28,6.29,6.53,6.54,6.55,6.26,23418000.0,148811028.0,13:14:54
300588,熙菱信息,25.74,-1.18,-4.383,25.73,25.74,26.92,26.92,27.07,25.55,5265860.0,137392830.0,13:14:51
300589,江龙船艇,18.54,-0.86,-4.433,18.54,18.55,19.4,19.2,19.3,18.51,18117544.0,342411863.0,13:14:54
300590,移为通信,12.74,-0.38,-2.896,12.74,12.75,13.12,13.1,13.12,12.73,8316830.0,107043345.0,13:14:54
300591,万里马,9.03,-0.24,-2.589,9.03,9.04,9.27,9.28,9.28,9.03,12638760.0,115057258.0,13:14:54
300592,华凯易佰,13.79,-0.6,-4.17,13.78,13.79,14.39,14.22,14.42,13.77,18840800.0,264181044.0,13:14:54
300593,新雷能,30.41,-1.68,-5.235,30.41,30.42,32.09,32.48,32.48,30.18,19094867.0,592297139.0,13:14:51
300594,朗进科技,24.05,-1.41,-5.538,24.05,24.06,25.46,25.97,25.97,23.93,2832680.0,69321576.0,13:14:54
300595,欧普康视,16.45,-0.05,-0.303,16.45,16.46,16.5,16.51,16.61,16.13,11839160.0,193396184.0,13:14:54
300596,利安隆,48.31,-0.8,-1.629,48.31,48.32,49.11,49.26,49.58,48.25,3308014.0,161745387.0,13:14:54
300597,吉大通信,9.92,-0.2,-1.976,9.92,9.93,10.12,10.08,10.16,9.91,5985100.0,59783985.0,13:14:51
300598,诚迈科技,46.36,-1.69,-3.517,46.36,46.37,48.05,48.05,48.5,46.36,5615520.0,264896314.0,13:14:54
300599,雄塑科技,10.5,-0.57,-5.149,10.49,10.51,11.07,11.06,11.06,10.44,10089500.0,107484888.0,13:14:54
300600,国瑞科技,14.55,-0.45,-3.0,14.54,14.55,15.0,14.97,15.0,14.53,5391800.0,79418605.0,13:14:54
300601,康泰生物,17.27,1.3,8.14,17.25,17.27,15.97,16.3,17.36,16.16,44811348.0,750695883.0,13:14:54
300602,飞荣达,36.0,1.25,3.597,36.0,36.01,34.75,34.05,36.31,33.28,40147166.0,1399221330.0,13:14:45
300603,立昂技术,10.49,-0.02,-0.19,10.49,10.5,10.51,10.49,10.75,10.46,10279200.0,108859266.0,13:14:45
300604,长川科技,130.84,-9.26,-6.61,130.84,130.97,140.1,137.12,137.66,129.01,24206269.0,3183509569.0,13:14:45
300605,恒锋信息,16.72,-0.34,-1.993,16.72,16.73,17.06,17.18,17.22,16.7,4971503.0,84069301.0,13:14:45
300606,金太阳,32.82,-2.44,-6.92,32.78,32.82,35.26,34.0,34.9,32.6,17300909.0,578044683.0,13:14:45
300607,拓斯达,32.02,-1.43,-4.275,32.02,32.03,33.45,33.57,34.25,31.94,16446754.0,540110866.0,13:14:45
300608,思特奇,12.13,-0.03,-0.247,12.13,12.14,12.16,12.16,12.59,12.08,10367450.0,127617201.0,13:14:39
300609,汇纳科技,41.2,-1.38,-3.241,41.2,41.21,42.58,42.17,42.46,41.07,4363700.0,181753797.0,13:14:45
300610,晨化股份,12.26,-0.14,-1.129,12.26,12.27,12.4,12.39,12.5,12.15,6138040.0,75421123.0,13:14:42
300611,美力科技,29.48,-0.35,-1.173,29.47,29.48,29.83,29.9,31.38,29.45,10890020.0,330759300.0,13:14:45
300612,宣亚国际,18.71,-0.82,-4.199,18.71,18.72,19.53,19.83,19.99,18.58,14807207.0,282777351.0,13:14:45
300613,富瀚微,49.02,-1.49,-2.95,49.02,49.03,50.51,50.37,51.13,49.0,5348577.0,266201627.0,13:14:45
300614,百川畅银,14.99,-0.01,-0.067,14.96,15.0,15.0,14.98,15.38,14.76,4635897.0,69869117.0,13:14:45
300615,欣天科技,14.47,-0.24,-1.632,14.46,14.47,14.71,14.72,14.73,14.35,2568684.0,37241500.0,13:14:45
300616,尚品宅配,14.88,-0.93,-5.882,14.87,14.88,15.81,15.8,15.89,14.8,5828000.0,88083388.0,13:14:42
300617,安靠智电,45.21,1.22,2.773,45.2,45.21,43.99,43.1,46.19,43.1,15191009.0,685766753.0,13:14:45
300618,寒锐钴业,52.11,1.25,2.458,52.11,52.15,50.86,51.51,53.03,51.31,23735132.0,1242438718.0,13:14:45
300619,金银河,52.56,2.51,5.015,52.56,52.57,50.05,51.07,53.0,49.68,12106740.0,625405215.0,13:14:45
300620,光库科技,157.05,5.43,3.581,156.9,157.0,151.62,151.31,159.88,150.6,15786389.0,2470488376.0,13:14:45
300621,维业股份,9.12,0.05,0.551,9.11,9.12,9.07,9.11,9.29,8.92,4109650.0,37304805.0,13:14:39
300622,博士眼镜,31.5,-2.98,-8.643,31.5,31.52,34.48,33.2,33.59,31.5,24813875.0,807885760.0,13:14:45
300623,捷捷微电,33.04,1.3,4.096,33.04,33.05,31.74,31.55,35.57,31.55,62805661.0,2159062665.0,13:14:45
300624,万兴科技,90.58,-3.71,-3.935,90.56,90.59,94.29,95.0,96.24,89.95,10299178.0,948310368.0,13:14:45
300625,三雄极光,12.89,-0.09,-0.693,12.89,12.9,12.98,12.99,13.05,12.85,1536328.0,19839146.0,13:14:39
300626,华瑞股份,20.2,0.25,1.253,20.2,20.22,19.95,20.17,21.13,19.81,13353937.0,275303156.0,13:14:45
300627,华测导航,39.65,-2.32,-5.528,39.65,39.66,41.97,41.56,41.56,39.56,22484773.0,906468549.0,13:14:45
300628,亿联网络,35.99,-0.84,-2.281,35.99,36.01,36.83,36.83,36.94,35.81,8615389.0,312501199.0,13:14:45
300629,新劲刚,26.3,-0.72,-2.665,26.29,26.3,27.02,27.46,28.3,26.01,22481839.0,604914670.0,13:14:45
300631,久吾高科,31.33,-0.42,-1.323,31.33,31.34,31.75,31.71,31.89,31.31,2906300.0,91814366.0,13:14:45
300632,光莆股份,15.02,-0.54,-3.47,15.02,15.03,15.56,15.6,15.61,15.01,8648150.0,131579036.0,13:14:45
300633,开立医疗,28.84,-0.21,-0.723,28.85,28.92,29.05,29.05,29.2,28.03,4448800.0,126464627.0,13:14:45
300634,彩讯股份,30.61,0.0,0.0,30.61,30.62,30.61,31.22,32.47,30.35,32945720.0,1033422946.0,13:14:45
300635,中达安,13.83,-2.14,-13.4,13.83,13.85,15.97,15.7,15.7,13.75,15165400.0,215914862.0,13:14:45
300636,同和药业,8.45,0.3,3.681,8.45,8.46,8.15,8.25,8.66,8.2,14477327.0,122623072.0,13:14:45
300637,扬帆新材,13.11,-0.36,-2.673,13.11,13.12,13.47,13.47,13.49,13.1,7312100.0,96563381.0,13:14:45
300638,广和通,29.99,-1.88,-5.899,29.98,29.99,31.87,31.87,31.96,29.82,34302593.0,1049651408.0,13:14:45
300639,凯普生物,7.25,1.21,20.033,7.25,0.0,6.04,6.16,7.25,6.12,51617523.0,342196464.0,13:14:45
300640,德艺文创,8.06,-0.25,-3.008,8.05,8.06,8.31,8.39,8.4,8.05,12963350.0,105660385.0,13:14:45
300641,正丹股份,20.19,-0.4,-1.943,20.19,20.2,20.59,20.5,20.61,20.18,9475843.0,193032399.0,13:14:45
300642,透景生命,21.28,1.08,5.347,21.27,21.28,20.2,20.7,21.63,20.1,12106550.0,252731690.0,13:14:45
300643,万通智控,20.31,-1.12,-5.226,20.31,20.32,21.43,21.4,21.5,20.21,8402200.0,173114184.0,13:14:39
300644,南京聚隆,37.73,-0.69,-1.796,37.7,37.73,38.42,38.42,39.48,37.65,3075300.0,117772895.0,13:14:45
300645,正元智慧,20.14,-0.17,-0.837,20.12,20.14,20.31,20.66,20.96,20.1,4558000.0,93200426.0,13:14:45
300647,超频三,7.31,-0.21,-2.793,7.31,7.32,7.52,7.52,7.54,7.28,16473200.0,121304755.0,13:14:45
300648,星云股份,56.51,-1.66,-2.854,56.51,56.54,58.17,58.55,59.17,56.31,3934900.0,225151717.0,13:14:45
300649,杭州园林,15.38,-0.3,-1.913,15.37,15.39,15.68,15.69,15.78,15.25,2255400.0,34915066.0,13:14:45
300650,太龙股份,18.33,-0.52,-2.759,18.32,18.33,18.85,18.9,18.94,18.29,9232400.0,171104610.0,13:14:45
300651,金陵体育,22.35,-3.44,-13.339,22.34,22.35,25.79,23.0,23.89,22.34,19034895.0,437763557.0,13:14:45
300652,雷迪克,55.32,-1.99,-3.472,55.31,55.33,57.31,57.69,57.69,55.24,3877523.0,217433087.0,13:14:45
300653,正海生物,21.86,-0.04,-0.183,21.86,21.9,21.9,21.9,22.09,21.6,2160218.0,47071434.0,13:14:45
300654,世纪天鸿,11.96,0.48,4.181,11.96,11.97,11.48,11.5,12.6,11.29,39485306.0,464294084.0,13:14:45
300655,晶瑞电材,18.04,-1.12,-5.846,18.04,18.05,19.16,18.94,19.05,18.01,79994907.0,1473639642.0,13:14:45
300656,民德电子,23.47,-0.65,-2.695,23.47,23.48,24.12,24.24,24.24,23.47,2560269.0,60649230.0,13:14:45
300657,弘信电子,30.83,-0.62,-1.971,30.84,30.85,31.45,31.8,32.49,30.6,23557573.0,740130614.0,13:14:45
300658,延江股份,18.89,0.67,3.677,18.89,18.9,18.22,17.31,19.8,17.18,40619631.0,761277411.0,13:14:45
300659,中孚信息,15.48,-0.51,-3.189,15.48,15.49,15.99,16.0,16.08,15.46,6824400.0,106902418.0,13:14:42
300660,江苏雷利,54.11,-2.5,-4.416,54.11,54.14,56.61,57.18,57.5,54.05,12060672.0,670227046.0,13:14:45
300661,圣邦股份,74.4,-1.6,-2.105,74.4,74.41,76.0,75.99,77.76,74.3,16327918.0,1234585557.0,13:14:45
300662,科锐国际,30.58,-0.84,-2.673,30.56,30.57,31.42,31.47,31.9,30.27,5763100.0,177776887.0,13:14:45
300663,科蓝软件,18.08,-0.62,-3.316,18.08,18.09,18.7,18.72,18.83,18.08,14427008.0,264674906.0,13:14:45
300664,鹏鹞环保,5.82,-0.04,-0.683,5.81,5.82,5.86,5.87,5.91,5.79,11462300.0,66953398.0,13:14:45
300665,飞鹿股份,9.14,-0.15,-1.615,9.13,9.14,9.29,9.33,9.35,9.13,6196800.0,57028962.0,13:14:42
300666,江丰电子,118.29,-3.74,-3.065,118.24,118.29,122.03,121.5,121.5,117.1,7189743.0,854218016.0,13:14:45
300667,必创科技,18.84,-0.92,-4.656,18.83,18.84,19.76,20.01,20.14,18.8,10860100.0,207992774.0,13:14:45
300668,杰恩设计,29.15,0.0,0.0,29.12,29.14,29.15,29.4,30.4,28.88,4096500.0,121499270.0,13:14:42
300669,沪宁股份,33.56,0.96,2.945,33.54,33.58,32.6,32.43,34.33,32.11,3846645.0,126686003.0,13:14:45
300670,大烨智能,6.92,-0.26,-3.621,6.91,6.92,7.18,7.1,7.15,6.81,11043200.0,76730901.0,13:14:39
300671,富满微,45.15,1.15,2.614,45.13,45.16,44.0,46.0,48.97,45.02,23258149.0,1092446133.0,13:14:45
300672,国科微,136.15,-19.85,-12.724,136.16,136.68,156.0,153.67,155.0,133.99,21817474.0,3058782363.0,13:14:45
300673,佩蒂股份,18.86,-0.32,-1.668,18.85,18.86,19.18,19.22,19.47,18.75,4690200.0,89040635.0,13:14:45
300674,宇信科技,23.4,-0.97,-3.98,23.4,23.41,24.37,24.53,24.55,23.4,17354280.0,412194840.0,13:14:45
300675,建科院,16.43,-0.06,-0.364,16.43,16.44,16.49,16.59,16.66,16.31,2398400.0,39499034.0,13:14:45
300676,华大基因,53.61,-0.1,-0.186,53.55,53.61,53.71,54.43,55.07,52.69,11725936.0,630341914.0,13:14:45
300677,英科医疗,44.5,0.83,1.901,44.46,44.5,43.67,45.38,45.94,43.16,13619256.0,602698862.0,13:14:45
300678,中科信息,32.64,-1.32,-3.887,32.64,32.66,33.96,33.96,34.04,32.6,8579650.0,283847915.0,13:14:45
300679,电连技术,43.7,-1.71,-3.766,43.7,43.72,45.41,45.48,45.48,43.6,10638687.0,469035137.0,13:14:45
300680,隆盛科技,57.88,-4.56,-7.303,57.87,57.92,62.44,62.11,62.6,57.7,16942200.0,1003462594.0,13:14:45
300681,英搏尔,26.7,-1.19,-4.267,26.7,26.71,27.89,27.9,28.0,26.53,13438933.0,362885542.0,13:14:45
300682,朗新科技,18.65,-0.66,-3.418,18.64,18.65,19.31,19.54,19.76,18.35,36781470.0,688836041.0,13:14:45
300683,海特生物,32.7,-0.61,-1.831,32.68,32.71,33.31,33.98,35.31,32.01,11364600.0,377113268.0,13:14:45
300684,中石科技,55.08,-0.33,-0.596,55.05,55.06,55.41,54.99,55.99,54.3,9621700.0,529771902.0,13:14:48
300685,艾德生物,23.29,0.1,0.431,23.27,23.29,23.19,23.19,23.53,22.79,6722742.0,155160743.0,13:14:48
300686,智动力,16.79,-0.71,-4.057,16.79,16.8,17.5,17.5,17.82,16.68,6964100.0,118095175.0,13:14:48
300687,赛意信息,24.96,-1.15,-4.404,24.95,24.96,26.11,24.9,26.55,24.89,18521662.0,471660625.0,13:14:48
300688,创业黑马,32.16,0.51,1.611,32.15,32.16,31.65,31.68,33.48,31.68,15794300.0,520046185.0,13:14:48
300689,澄天伟业,44.53,-2.22,-4.749,44.51,44.52,46.75,46.43,46.6,44.16,1512200.0,67988464.0,13:14:48
300690,双一科技,33.48,-1.67,-4.751,33.48,33.49,35.15,34.7,34.75,33.48,7289009.0,248523123.0,13:14:48
300691,联合光电,17.6,-0.58,-3.19,17.59,17.6,18.18,18.18,18.18,17.55,5075552.0,89989524.0,13:14:45
300692,中赋科技,9.31,-0.06,-0.64,9.31,9.32,9.37,9.36,9.44,9.19,10564205.0,98148849.0,13:14:48
300693,盛弘股份,40.2,-1.47,-3.528,40.2,40.21,41.67,41.76,42.26,40.13,10967023.0,447916217.0,13:14:48
300694,蠡湖股份,12.57,-0.23,-1.797,12.56,12.57,12.8,12.83,12.84,12.52,4148900.0,52437938.0,13:14:45
300695,兆丰股份,90.74,-1.66,-1.797,90.73,90.74,92.4,97.93,102.8,90.74,3745615.0,359486011.0,13:14:48
300696,爱乐达,32.13,-0.83,-2.518,32.13,32.14,32.96,32.96,33.63,32.11,9656814.0,317026611.0,13:14:48
300697,电工合金,19.01,0.8,4.393,19.01,19.02,18.21,18.5,19.39,18.42,31772106.0,598110709.0,13:14:48
300698,万马科技,44.08,-2.12,-4.589,44.05,44.08,46.2,46.22,46.22,43.85,4325700.0,193142457.0,13:14:48
300699,光威复材,41.95,-1.28,-2.961,41.93,41.95,43.23,43.7,44.19,41.91,35748159.0,1536209930.0,13:14:48
300700,岱勒新材,14.28,-0.14,-0.971,14.28,14.29,14.42,14.52,14.94,14.13,15883150.0,229376870.0,13:14:48
300701,森霸传感,14.0,-0.1,-0.709,14.0,14.01,14.1,14.12,14.38,13.76,11889675.0,166702384.0,13:14:48
300702,天宇股份,26.75,0.22,0.829,26.73,26.76,26.53,26.7,27.14,26.02,3477080.0,92179074.0,13:14:48
300703,创源股份,26.15,-0.66,-2.462,26.15,26.16,26.81,26.85,26.93,26.1,3889525.0,102390051.0,13:14:42
300705,九典制药,16.13,0.17,1.065,16.1,16.13,15.96,16.09,16.18,15.83,7184072.0,114901701.0,13:14:48
300706,阿石创,38.22,-0.86,-2.201,38.19,38.22,39.08,38.89,39.56,38.1,6953480.0,269848054.0,13:14:48
300707,威唐工业,21.97,-0.97,-4.228,21.97,21.98,22.94,23.29,23.8,21.7,22312200.0,503387375.0,13:14:48
300708,聚灿光电,10.08,-0.27,-2.609,10.08,10.09,10.35,10.28,10.47,10.08,33675551.0,343453682.0,13:14:48
300709,精研科技,47.2,-1.6,-3.279,47.2,47.23,48.8,48.75,49.4,46.72,7665354.0,364993889.0,13:14:48
300710,万隆光电,30.6,-1.57,-4.88,30.59,30.6,32.17,32.16,32.16,30.38,4132745.0,128248016.0,13:14:48
300711,广哈通信,26.7,-1.39,-4.948,26.7,26.71,28.09,28.0,28.0,26.67,9330800.0,252670632.0,13:14:48
300712,永福股份,29.51,0.01,0.034,29.49,29.51,29.5,29.7,30.7,29.45,6330405.0,190700303.0,13:14:48
300713,英可瑞,18.44,-0.34,-1.81,18.43,18.44,18.78,18.8,18.83,18.35,2434300.0,45100134.0,13:14:48
300715,凯伦股份,11.71,-0.33,-2.741,11.7,11.72,12.04,12.08,12.08,11.67,5820650.0,68659956.0,13:14:48
300716,ST泉为,10.9,-1.01,-8.48,10.9,10.91,11.91,11.88,11.91,10.53,5099850.0,56711250.0,13:14:45
300717,华信新材,21.06,-0.08,-0.378,21.06,21.07,21.14,21.35,21.42,20.76,1556200.0,32704390.0,13:14:48
300718,长盛轴承,82.77,-3.62,-4.19,82.74,82.77,86.39,86.39,87.95,82.51,8671262.0,729014758.0,13:14:48
300719,安达维尔,17.86,-0.73,-3.927,17.85,17.86,18.59,18.53,18.53,17.84,8702400.0,158187313.0,13:14:48
300720,海川智能,33.9,-0.44,-1.281,33.87,33.9,34.34,33.98,34.39,32.71,4621990.0,155486006.0,13:14:48
300721,怡达股份,15.48,0.4,2.653,15.47,15.48,15.08,15.0,15.88,14.81,18886401.0,291045926.0,13:14:48
300722,新余国科,33.76,-1.36,-3.872,33.75,33.76,35.12,35.03,35.1,33.72,6238132.0,213044826.0,13:14:48
300723,一品红,36.83,0.43,1.181,36.82,36.83,36.4,36.58,37.5,35.81,14053775.0,514321217.0,13:14:48
300724,捷佳伟创,134.09,-0.01,-0.007,134.09,134.1,134.1,143.8,145.0,133.78,48692536.0,6758339437.0,13:14:48
300725,药石科技,42.86,-1.11,-2.524,42.85,42.9,43.97,43.84,44.04,42.48,9143439.0,393226881.0,13:14:48
300726,宏达电子,51.62,-1.58,-2.97,51.62,51.65,53.2,53.07,53.3,51.55,6810740.0,354947288.0,13:14:48
300727,润禾材料,36.69,-1.69,-4.403,36.68,36.69,38.38,38.3,38.48,36.68,4148660.0,154989064.0,13:14:48
300729,乐歌股份,14.45,-0.22,-1.5,14.44,14.45,14.67,14.7,14.73,14.42,2718408.0,39456869.0,13:14:39
300730,科创信息,13.44,-0.58,-4.137,13.43,13.45,14.02,14.02,14.02,13.43,6706825.0,91586483.0,13:14:48
300731,科创新源,59.86,-1.63,-2.651,59.86,59.87,61.49,60.21,61.0,59.51,5743300.0,345553637.0,13:14:48
300732,设研院,7.93,-0.12,-1.491,7.92,7.93,8.05,8.05,8.07,7.9,6628105.0,52782040.0,13:14:45
300733,西菱动力,19.11,-0.37,-1.899,19.11,19.12,19.48,19.66,19.78,19.1,6120298.0,118915756.0,13:14:48
300735,光弘科技,25.8,-0.62,-2.347,25.8,25.81,26.42,26.5,26.59,25.57,9438554.0,244957605.0,13:14:48
300736,百邦科技,18.23,0.51,2.878,18.22,18.23,17.72,17.8,19.08,17.8,6219400.0,114044618.0,13:14:48
300737,科顺股份,6.83,0.03,0.441,6.83,6.84,6.8,6.78,7.04,6.69,47049000.0,322192801.0,13:14:48
300738,奥飞数据,22.16,0.54,2.498,22.15,22.16,21.62,22.55,23.43,22.01,82272056.0,1871844694.0,13:14:48
300739,明阳电路,19.75,-0.13,-0.654,19.72,19.75,19.88,19.8,19.96,19.48,9423382.0,185560719.0,13:14:48
300740,水羊股份,23.74,-0.86,-3.496,23.73,23.74,24.6,24.51,24.65,23.72,11577172.0,278708242.0,13:14:48
300741,华宝股份,18.75,-0.17,-0.899,18.75,18.76,18.92,18.99,18.99,18.7,2167787.0,40851303.0,13:14:48
300743,天地数码,21.02,-0.81,-3.71,21.01,21.02,21.83,21.88,21.91,20.96,4115851.0,87388696.0,13:14:48
300745,欣锐科技,29.05,-1.24,-4.094,29.04,29.05,30.29,30.2,30.3,29.0,4650205.0,137251146.0,13:14:48
300746,汉嘉数智,14.02,-0.24,-1.683,14.01,14.02,14.26,14.31,14.31,14.0,2618500.0,36972080.0,13:14:48
300747,锐科激光,32.88,-2.29,-6.511,32.88,32.89,35.17,35.0,35.0,32.87,26517001.0,893734831.0,13:14:48
300748,金力永磁,39.05,0.17,0.437,39.03,39.04,38.88,39.01,39.77,38.64,51615085.0,2021890321.0,13:14:48
300749,顶固集创,15.35,-0.22,-1.413,15.3,15.33,15.57,15.53,15.55,14.63,9322200.0,140144070.0,13:14:48
300750,宁德时代,342.6,-4.4,-1.268,342.6,342.63,347.0,352.02,352.55,341.21,22603171.0,7802797447.0,13:14:48
300751,迈为股份,347.55,23.19,7.149,347.55,347.59,324.36,354.92,373.0,345.2,19743747.0,7038985765.0,13:14:48
300752,隆利科技,19.06,-0.6,-3.052,19.06,19.08,19.66,19.7,19.77,19.01,4416500.0,85046636.0,13:14:36
300753,爱朋医疗,33.85,-1.58,-4.459,33.86,33.89,35.43,35.39,35.43,33.58,8892853.0,303529552.0,13:14:48
300755,华致酒行,16.62,-0.5,-2.921,16.62,16.64,17.12,17.14,17.16,16.52,3998120.0,66997584.0,13:14:45
300756,金马游乐,53.22,-0.1,-0.188,53.19,53.2,53.32,53.29,54.28,52.4,2643420.0,140343527.0,13:14:48
300757,罗博特科,340.41,-5.77,-1.667,340.41,340.57,346.18,337.0,345.71,334.5,4269384.0,1452419398.0,13:14:48
300758,七彩化学,19.36,-0.29,-1.476,19.36,19.42,19.65,20.61,21.6,19.31,66148562.0,1339038541.0,13:14:48
300759,康龙化成,30.88,-0.23,-0.739,30.88,30.89,31.11,31.11,31.33,30.6,16326170.0,504438687.0,13:14:48
300760,迈瑞医疗,194.0,-1.51,-0.772,194.01,194.08,195.51,195.88,196.72,193.13,6252178.0,1214013522.0,13:14:48
300761,立华股份,19.44,-0.13,-0.664,19.44,19.45,19.57,19.58,19.64,19.17,6445880.0,124984989.0,13:14:48
300762,上海瀚讯,44.62,-4.46,-9.087,44.61,44.63,49.08,48.59,48.59,44.5,74672045.0,3469708181.0,13:14:48
300763,锦浪科技,86.66,1.96,2.314,86.66,86.67,84.7,94.34,96.3,86.15,28055333.0,2495723787.0,13:14:48
300765,新诺威,38.17,-1.3,-3.294,38.17,38.2,39.47,39.48,39.71,37.9,5001377.0,192638445.0,13:14:48
300766,每日互动,42.95,-1.3,-2.938,42.95,42.96,44.25,44.52,45.3,42.4,34332913.0,1503965159.0,13:14:48
300767,震安科技,20.21,-0.89,-4.218,20.21,20.23,21.1,21.1,21.1,20.2,6871780.0,140991853.0,13:14:48
300768,迪普科技,19.23,-0.79,-3.946,19.23,19.24,20.02,20.01,20.04,19.22,7371410.0,143993549.0,13:14:48
300769,德方纳米,45.65,-0.86,-1.849,45.63,45.65,46.51,46.66,46.86,45.46,13415789.0,617825581.0,13:14:48
300770,新媒股份,44.96,-1.04,-2.261,44.96,44.98,46.0,46.14,46.17,44.83,3820366.0,173075005.0,13:14:48
300771,智莱科技,15.5,-0.38,-2.393,15.49,15.5,15.88,15.86,15.93,15.48,6842333.0,107114448.0,13:14:48
300772,运达股份,21.22,0.92,4.532,21.22,21.23,20.3,21.51,21.93,20.53,20315590.0,429385528.0,13:14:48
300773,拉卡拉,27.82,-1.38,-4.726,27.82,27.83,29.2,28.91,29.09,27.8,51113662.0,1449579843.0,13:14:48
300774,倍杰特,27.2,0.91,3.461,27.21,27.22,26.29,26.29,28.88,25.94,16823629.0,469148697.0,13:14:48
300775,三角防务,35.5,-2.58,-6.775,35.49,35.5,38.08,37.9,37.98,35.4,48256300.0,1753827271.0,13:14:48
300776,帝尔激光,82.82,-9.36,-10.154,82.82,82.84,92.18,91.84,91.92,82.18,16175982.0,1378935659.0,13:14:48
300777,中简科技,45.85,-1.35,-2.86,45.86,45.87,47.2,48.0,48.15,45.81,25732386.0,1204000903.0,13:14:48
300778,新城市,13.94,-0.17,-1.205,13.93,13.94,14.11,14.12,14.13,13.88,3920775.0,54813553.0,13:14:48
300779,惠城环保,102.79,-4.52,-4.212,102.79,102.85,107.31,106.56,108.83,102.5,4251222.0,443490768.0,13:14:48
300780,德恩精工,30.38,-0.94,-3.001,30.36,30.38,31.32,31.15,32.99,28.45,35925410.0,1113097471.0,13:14:48
300781,因赛集团,40.69,-2.09,-4.885,40.68,40.69,42.78,42.98,43.6,40.56,8927515.0,369820278.0,13:14:45
300782,卓胜微,78.48,-3.22,-3.941,78.48,78.49,81.7,81.47,81.79,78.32,10012132.0,797153382.0,13:14:48
300783,三只松鼠,23.91,-0.59,-2.408,23.9,23.92,24.5,24.57,24.61,23.83,8652000.0,208324933.0,13:14:48
300784,利安科技,56.16,1.95,3.597,56.15,56.17,54.21,54.23,57.4,54.23,1931398.0,108299929.0,13:14:48
300785,值得买,61.31,-3.35,-5.181,61.31,61.37,64.66,65.89,65.9,59.96,13413574.0,834837065.0,13:14:48
300786,国林科技,17.01,-0.79,-4.438,17.0,17.01,17.8,17.83,17.88,16.99,9178400.0,158497474.0,13:14:48
300787,海能实业,12.73,-0.07,-0.547,12.72,12.73,12.8,12.8,12.84,12.63,5572598.0,70903308.0,13:14:45
300788,中信出版,29.67,-0.41,-1.363,29.66,29.7,30.08,29.98,30.2,29.45,2187300.0,65056010.0,13:14:42
300789,唐源电气,23.39,-0.57,-2.379,23.38,23.39,23.96,23.99,24.08,23.32,1610522.0,37943951.0,13:14:48
300790,宇瞳光学,29.87,-1.44,-4.599,29.87,29.88,31.31,31.13,31.13,29.78,12870095.0,388192628.0,13:14:48
300791,仙乐健康,24.95,-0.01,-0.04,24.95,24.97,24.96,24.96,25.26,24.68,2406076.0,59907988.0,13:14:42
300792,壹网壹创,40.15,-0.98,-2.383,40.15,40.16,41.13,41.73,42.38,40.06,9650746.0,395005502.0,13:14:48
300793,佳禾智能,17.22,-0.67,-3.745,17.22,17.23,17.89,17.88,17.88,17.13,11413760.0,198595843.0,13:14:48
300795,米奥会展,14.17,-0.23,-1.597,14.17,14.18,14.4,14.34,14.47,14.15,2229792.0,31796465.0,13:14:48
300796,贝斯美,9.6,-0.06,-0.621,9.59,9.6,9.66,9.69,9.75,9.59,5021696.0,48442620.0,13:14:39
300797,钢研纳克,18.15,-0.38,-2.051,18.15,18.16,18.53,18.52,18.54,18.14,5350600.0,97714338.0,13:14:42
300798,锦鸡股份,8.07,0.01,0.124,8.06,8.07,8.06,8.05,8.2,8.04,12617174.0,102328271.0,13:14:48
300800,力合科技,12.83,-0.16,-1.232,12.82,12.83,12.99,13.0,13.02,12.7,2822800.0,36205597.0,13:14:42
300801,泰和科技,33.42,-0.39,-1.154,33.42,33.44,33.81,33.51,34.64,33.34,8303775.0,282751126.0,13:14:48
300802,矩子科技,20.97,-0.19,-0.898,20.97,20.98,21.16,21.28,21.47,20.9,4402250.0,93104557.0,13:14:48
300803,指南针,129.1,-0.15,-0.116,129.09,129.1,129.25,128.0,131.62,126.48,17727236.0,2292826154.0,13:14:48
300804,广康生化,37.53,-0.02,-0.053,37.52,37.53,37.55,37.8,37.94,37.3,896800.0,33707770.0,13:14:48
300805,电声股份,12.47,-0.32,-2.502,12.46,12.47,12.79,12.82,12.87,12.34,6794347.0,85113749.0,13:14:39
300806,斯迪克,42.58,5.98,16.339,42.58,42.63,36.6,40.35,43.87,40.35,39636444.0,1681325924.0,13:14:48
300807,天迈科技,55.65,-1.77,-3.083,55.66,55.7,57.42,57.0,58.2,55.55,1262900.0,71749030.0,13:14:48
300808,久量股份,32.1,3.9,13.83,32.11,32.38,28.2,28.2,32.42,28.2,9564300.0,288232303.0,13:14:48
300809,华辰装备,39.88,-1.62,-3.904,39.88,39.9,41.5,41.12,41.49,39.76,6046040.0,243575569.0,13:14:48
300810,中科海讯,39.4,-1.21,-2.98,39.39,39.4,40.61,40.4,40.71,39.37,2547150.0,101706236.0,13:14:36
300811,铂科新材,77.8,-2.62,-3.258,77.8,77.82,80.42,79.97,80.95,77.49,5913263.0,465743231.0,13:14:48
300812,易天股份,29.09,-1.13,-3.739,29.08,29.09,30.22,30.22,30.23,28.66,7046480.0,206402609.0,13:14:48
300813,泰林生物,27.37,0.98,3.714,27.33,27.37,26.39,26.8,27.79,26.15,5022591.0,135673086.0,13:14:48
300814,中富电路,71.16,-0.91,-1.263,71.16,71.17,72.07,71.51,72.56,70.28,2922128.0,208140076.0,13:14:45
300815,玉禾田,25.47,-0.29,-1.126,25.46,25.47,25.76,26.0,26.93,25.44,11176633.0,292131889.0,13:14:48
300816,艾可蓝,70.22,-1.42,-1.982,70.21,70.22,71.64,71.65,71.99,67.58,4234880.0,296263670.0,13:14:48
300817,双飞集团,21.31,-0.75,-3.4,21.31,21.32,22.06,21.96,22.07,21.31,3025851.0,65239276.0,13:14:48
300818,耐普矿机,50.93,6.84,15.514,50.93,50.99,44.09,46.04,51.5,45.98,6532976.0,321351287.0,13:14:48
300819,聚杰微纤,38.85,-1.57,-3.884,38.85,38.87,40.42,40.7,41.5,38.59,6565350.0,259639508.0,13:14:48
300820,英杰电气,55.9,-2.05,-3.538,55.9,55.93,57.95,57.65,58.9,55.32,4452383.0,251205747.0,13:14:48
300821,东岳硅材,13.46,-0.4,-2.886,13.45,13.47,13.86,13.94,14.05,13.41,36504303.0,499988400.0,13:14:48
300822,贝仕达克,16.71,-0.37,-2.166,16.71,16.73,17.08,17.19,17.19,16.66,2290102.0,38591882.0,13:14:48
300823,建科智能,17.4,-0.07,-0.401,17.4,17.41,17.47,17.66,17.71,17.18,2260900.0,39420500.0,13:14:45
300824,北鼎股份,11.75,-0.24,-2.002,11.75,11.76,11.99,11.99,12.03,11.73,4299600.0,50815274.0,13:14:48
300825,阿尔特,10.35,-0.38,-3.541,10.35,10.36,10.73,10.81,10.87,10.35,8752238.0,92126026.0,13:14:48
300826,测绘股份,17.35,0.06,0.347,17.34,17.35,17.29,17.39,17.62,17.28,2904006.0,50602567.0,13:14:48
300827,上能电气,39.01,-1.92,-4.691,39.01,39.02,40.93,40.88,41.16,39.0,22251162.0,887560484.0,13:14:48
300828,锐新科技,23.21,0.86,3.848,23.22,23.23,22.35,22.34,24.16,22.34,17689200.0,412860832.0,13:14:48
300829,金丹科技,18.68,-0.06,-0.32,18.68,18.71,18.74,18.74,18.89,18.5,5439700.0,101582760.0,13:14:39
300830,金现代,14.35,-0.42,-2.844,14.35,14.36,14.77,14.77,15.17,14.22,51409691.0,757325365.0,13:14:48
300831,派瑞股份,13.3,-0.1,-0.746,13.3,13.31,13.4,13.33,13.56,13.27,6676000.0,89272643.0,13:14:48
300832,新产业,56.2,0.24,0.429,56.18,56.2,55.96,56.07,56.53,55.47,4379960.0,245043034.0,13:14:48
300833,浩洋股份,43.21,-1.5,-3.355,43.21,43.23,44.71,44.7,44.79,43.02,842800.0,36735444.0,13:14:48
300834,星辉环材,24.55,-0.28,-1.128,24.55,24.56,24.83,25.0,25.0,24.47,1164400.0,28653146.0,13:14:39
300835,龙磁科技,70.76,-1.76,-2.427,70.75,70.76,72.52,72.55,72.7,70.4,3118340.0,222148287.0,13:14:42
300836,佰奥智能,68.54,-1.62,-2.309,68.52,68.63,70.16,70.1,71.68,68.31,1915708.0,133261893.0,13:14:45
300837,浙矿股份,66.79,9.58,16.745,66.65,66.79,57.21,61.92,68.42,59.02,10050269.0,658768921.0,13:14:48
300838,浙江力诺,16.31,-0.3,-1.806,16.29,16.31,16.61,16.63,16.69,16.22,2089650.0,34323102.0,13:14:48
300839,博汇股份,12.33,-0.05,-0.404,12.32,12.33,12.38,12.38,12.58,12.18,3765119.0,46482210.0,13:14:45
300840,酷特智能,20.3,-0.24,-1.168,20.3,20.31,20.54,20.45,20.69,19.77,12080000.0,244351276.0,13:14:45
300841,康华生物,74.35,0.35,0.473,74.37,74.5,74.0,74.0,75.15,71.7,2763881.0,201566252.0,13:14:45
300842,帝科股份,106.95,-8.45,-7.322,106.89,106.95,115.4,111.01,113.0,102.0,19484206.0,2049609067.0,13:14:48
300843,胜蓝股份,50.0,-1.78,-3.438,50.0,50.01,51.78,51.7,51.73,49.9,4082500.0,206625331.0,13:14:45
300844,山水比德,42.6,-1.95,-4.377,42.59,42.61,44.55,44.5,44.83,42.52,1099200.0,47689330.0,13:14:45
300845,捷安高科,12.05,-0.17,-1.391,12.04,12.05,12.22,12.3,12.35,11.96,4249313.0,51439584.0,13:14:42
300846,首都在线,25.1,0.37,1.496,25.09,25.1,24.73,26.52,28.14,24.9,72582899.0,1924396489.0,13:14:48
300847,中船汉光,18.04,-0.23,-1.259,18.04,18.05,18.27,18.36,18.46,18.03,5299500.0,96698018.0,13:14:48
300848,美瑞新材,17.11,-0.6,-3.388,17.1,17.11,17.71,17.54,17.59,16.85,9842100.0,168330080.0,13:14:48
300849,锦盛新材,18.76,-0.58,-2.999,18.75,18.76,19.34,19.3,19.41,18.7,2514350.0,47631743.0,13:14:45
300850,新强联,49.78,0.08,0.161,49.78,49.8,49.7,51.94,51.94,48.73,30271940.0,1526601077.0,13:14:48
300851,交大思诺,30.58,0.28,0.924,30.56,30.59,30.3,30.3,30.8,30.01,1435200.0,43696657.0,13:14:39
300852,四会富仕,45.53,1.08,2.43,45.52,45.53,44.45,44.9,46.59,43.93,10190758.0,459551033.0,13:14:48
300853,申昊科技,22.2,-0.5,-2.203,22.2,22.21,22.7,23.2,23.3,22.15,2495400.0,56027841.0,13:14:39
300854,中兰环保,19.84,-0.35,-1.734,19.84,19.85,20.19,20.39,20.77,19.63,2390152.0,47777811.0,13:14:48
300855,图南股份,35.77,-1.87,-4.968,35.77,35.78,37.64,37.66,37.77,35.76,7183501.0,261761383.0,13:14:48
300856,科思股份,14.0,-0.3,-2.098,14.0,14.01,14.3,14.32,14.34,13.95,5744540.0,80912354.0,13:14:48
300857,协创数据,212.7,-0.52,-0.244,212.7,212.85,213.22,215.25,230.0,211.6,12331801.0,2727380248.0,13:14:48
300858,科拓生物,18.21,-0.12,-0.655,18.2,18.21,18.33,18.33,18.41,18.14,2863350.0,52245777.0,13:14:48
300859,西域旅游,38.94,-0.18,-0.46,38.86,38.94,39.12,38.9,39.97,38.61,3873500.0,151511470.0,13:14:48
300860,锋尚文化,28.29,-0.59,-2.043,28.29,28.3,28.88,28.89,28.98,28.22,2295394.0,65451027.0,13:14:48
300861,美畅股份,17.98,-1.32,-6.839,17.98,17.99,19.3,18.95,18.95,17.8,47449674.0,861354880.0,13:14:48
300862,蓝盾光电,24.26,-1.13,-4.451,24.25,24.28,25.39,25.39,25.39,24.26,5662000.0,140152159.0,13:14:48
300863,卡倍亿,60.86,1.88,3.188,60.79,60.94,58.98,60.3,63.0,59.51,7211505.0,440562560.0,13:14:48
300864,南大环境,22.33,-0.95,-4.081,22.33,22.34,23.28,22.78,23.42,22.27,5689727.0,129182741.0,13:14:48
300865,大宏立,29.72,-0.04,-0.134,29.71,29.73,29.76,29.78,30.17,29.37,1256791.0,37385442.0,13:14:21
300866,安克创新,104.39,-0.66,-0.628,104.36,104.39,105.05,105.41,105.49,102.42,3247125.0,337621716.0,13:14:48
300867,圣元环保,19.8,-0.43,-2.126,19.79,19.8,20.23,20.19,20.26,19.78,5151500.0,102714777.0,13:14:48
300868,杰美特,33.97,-0.58,-1.679,33.94,33.97,34.55,34.31,34.31,32.72,2421340.0,80945067.0,13:14:33
300869,康泰医学,16.49,0.48,2.998,16.48,16.49,16.01,16.14,16.66,16.06,7071663.0,115407558.0,13:14:48
300870,欧陆通,222.13,4.13,1.894,222.12,222.13,218.0,220.0,224.8,218.0,3272601.0,725911169.0,13:14:48
300871,回盛生物,32.62,5.44,20.015,32.62,0.0,27.18,27.58,32.62,27.58,37317662.0,1148755878.0,13:14:42
300872,天阳科技,19.94,-0.7,-3.391,19.94,19.95,20.64,20.61,20.7,19.91,10301583.0,208451864.0,13:14:48
300873,海晨股份,24.56,-0.79,-3.116,24.55,24.56,25.35,25.35,25.35,24.37,4470687.0,110110159.0,13:14:48
300875,捷强装备,40.01,-1.45,-3.497,40.01,40.04,41.46,41.24,41.33,39.95,2467884.0,99763152.0,13:14:42
300876,蒙泰高新,30.29,-0.63,-2.038,30.28,30.29,30.92,30.91,30.98,30.2,1241390.0,37780617.0,13:14:39
300877,金春股份,28.44,-1.49,-4.978,28.44,28.45,29.93,30.0,30.58,28.42,2561400.0,74422691.0,13:14:48
300878,维康药业,29.6,-2.53,-7.874,29.53,29.61,32.13,31.88,32.07,29.36,6749754.0,205203348.0,13:14:48
300879,大叶股份,29.71,-0.87,-2.845,29.71,29.72,30.58,30.61,30.98,29.69,3670800.0,110563011.0,13:14:48
300880,迦南智能,19.73,-0.27,-1.35,19.72,19.73,20.0,20.1,20.14,19.71,2620700.0,52114812.0,13:14:45
300881,盛德鑫泰,40.72,-0.6,-1.452,40.62,40.71,41.32,41.21,41.3,40.05,2646200.0,107408415.0,13:14:48
300882,万胜智能,23.58,-0.22,-0.924,23.58,23.6,23.8,23.73,24.34,23.48,9017356.0,216009093.0,13:14:48
300883,龙利得,6.88,-0.1,-1.433,6.87,6.88,6.98,7.0,7.01,6.82,8787400.0,60432399.0,13:14:42
300884,狄耐克,15.4,-0.67,-4.169,15.4,15.41,16.07,16.05,16.05,15.4,8534407.0,133667012.0,13:14:48
300885,海昌新材,27.52,-3.24,-10.533,27.51,27.52,30.76,30.79,30.88,27.45,14368336.0,412176177.0,13:14:48
300886,华业香料,28.4,-0.35,-1.217,28.4,28.43,28.75,28.93,28.93,28.2,1213019.0,34632125.0,13:14:48
300887,谱尼测试,12.37,-0.9,-6.782,12.38,12.39,13.27,13.2,13.2,12.0,36385573.0,453013943.0,13:14:48
300888,稳健医疗,37.7,0.76,2.057,37.69,37.7,36.94,37.18,38.08,37.1,6563917.0,246373856.0,13:14:48
300889,爱克股份,22.61,0.31,1.39,22.61,22.62,22.3,22.39,22.99,22.01,7974678.0,179555410.0,13:14:48
300890,翔丰华,31.81,-0.71,-2.183,31.78,31.81,32.52,32.52,32.79,31.77,4659106.0,150264901.0,13:14:45
300891,惠云钛业,10.14,0.23,2.321,10.13,10.14,9.91,10.04,10.33,9.93,17332671.0,176730387.0,13:14:36
300892,品渥食品,32.27,-0.79,-2.39,32.24,32.27,33.06,32.94,32.99,32.12,2025124.0,65766160.0,13:14:48
300893,松原安全,24.89,-1.09,-4.196,24.86,24.93,25.98,25.85,25.91,24.75,4518996.0,114015864.0,13:14:48
300894,火星人,12.02,-0.42,-3.376,12.01,12.02,12.44,12.42,12.49,12.0,6525300.0,79278160.0,13:14:48
300895,铜牛信息,54.73,1.81,3.42,54.73,54.75,52.92,53.88,57.44,53.88,9533563.0,534512152.0,13:14:48
300896,爱美客,143.04,0.11,0.077,142.92,143.04,142.93,143.2,143.96,141.3,2205082.0,313787558.0,13:14:48
300897,山科智能,28.5,0.9,3.261,28.49,28.5,27.6,27.76,29.0,27.15,4128073.0,117039300.0,13:14:48
300898,熊猫乳品,28.99,0.0,0.0,28.99,29.0,28.99,29.0,29.38,28.75,2855607.0,82814934.0,13:14:48
300899,*ST凯鑫,35.89,0.78,2.222,35.88,35.89,35.11,35.19,36.18,34.4,745900.0,26253647.0,13:14:45
300900,广联航空,35.29,-1.8,-4.853,35.25,35.29,37.09,36.66,38.48,35.17,39414558.0,1463696485.0,13:14:48
300901,中胤时尚,17.5,-0.19,-1.074,17.49,17.5,17.69,17.67,18.06,17.46,1719700.0,30376763.0,13:14:33
300902,国安达,21.94,-0.57,-2.532,21.94,21.95,22.51,22.61,22.66,21.93,3826085.0,84824747.0,13:14:48
300903,科翔股份,26.71,0.49,1.869,26.71,26.72,26.22,26.0,27.14,25.71,36776976.0,975625029.0,13:14:48
300904,威力传动,68.5,-2.34,-3.303,68.5,68.52,70.84,70.88,71.22,68.5,1247136.0,86554410.0,13:14:48
300905,宝丽迪,37.38,-0.21,-0.559,37.35,37.38,37.59,37.69,38.0,36.67,4114819.0,153483905.0,13:14:45
300906,日月明,36.87,-0.37,-0.994,36.84,36.88,37.24,37.71,37.99,36.8,1357800.0,50742446.0,13:14:48
300907,康平科技,31.08,-0.58,-1.832,31.06,31.08,31.66,31.78,31.88,30.71,2037100.0,63481436.0,13:14:45
300908,仲景食品,29.22,-0.03,-0.103,29.22,29.23,29.25,29.49,29.49,28.86,972047.0,28280964.0,13:14:48
300909,汇创达,50.37,-0.47,-0.924,50.33,50.37,50.84,50.6,51.46,49.8,3306880.0,166877917.0,13:14:48
300910,瑞丰新材,57.85,-2.2,-3.664,57.84,57.86,60.05,60.33,60.49,57.85,2871760.0,168699257.0,13:14:48
300911,亿田智能,34.17,-2.89,-7.798,34.0,34.08,37.06,36.4,36.9,33.85,5587194.0,196416439.0,13:14:48
300912,凯龙高科,0.0,0.0,0.0,0.0,0.0,19.85,0.0,0.0,0.0,0.0,0.0,13:14:45
300913,兆龙互连,55.4,0.0,0.0,55.4,55.41,55.4,55.18,55.98,54.43,5158469.0,285279486.0,13:14:48
300915,海融科技,25.17,-0.16,-0.632,25.16,25.18,25.33,25.33,25.39,25.05,650847.0,16403590.0,13:14:27
300916,朗特智能,33.84,-0.86,-2.478,33.83,33.85,34.7,34.8,35.22,33.58,3083190.0,105643587.0,13:14:48
300917,特发服务,38.75,-1.09,-2.736,38.75,38.76,39.84,39.8,40.1,38.62,4922239.0,192645580.0,13:14:48
300918,南山智尚,17.27,-1.36,-7.3,17.27,17.28,18.63,18.79,18.93,17.2,21630717.0,384630959.0,13:14:48
300919,中伟新材,58.05,0.16,0.276,58.04,58.05,57.89,58.52,61.08,57.9,21591603.0,1279708080.0,13:14:48
300920,润阳科技,41.87,-1.8,-4.122,41.87,41.88,43.67,43.33,43.7,41.46,1427169.0,59948191.0,13:14:45
300921,南凌科技,26.76,1.47,5.813,26.75,26.76,25.29,25.6,28.39,25.58,25640302.0,696744555.0,13:14:48
300922,天秦装备,23.82,-0.84,-3.406,23.81,23.82,24.66,24.6,24.66,23.8,3771528.0,91096412.0,13:14:48
300923,研奥股份,27.77,-0.7,-2.459,27.76,27.78,28.47,28.47,28.6,27.61,1262820.0,35380446.0,13:14:48
300925,法本信息,22.16,-1.04,-4.483,22.15,22.16,23.2,23.18,23.23,22.12,14147517.0,319466977.0,13:14:48
300926,博俊科技,31.84,-0.79,-2.421,31.83,31.84,32.63,32.81,32.9,31.76,5572363.0,178598414.0,13:14:48
300927,江天化学,34.67,0.77,2.271,34.66,34.67,33.9,32.51,36.48,32.12,19560946.0,664341818.0,13:14:48
300928,华安鑫创,32.96,-0.93,-2.744,32.96,32.98,33.89,33.82,34.03,32.82,1034100.0,34416217.0,13:14:45
300929,华骐环保,11.96,-0.16,-1.32,11.95,11.96,12.12,12.14,12.19,11.85,2421048.0,28999477.0,13:14:33
300930,屹通新材,32.56,-0.02,-0.061,32.55,32.56,32.58,32.97,32.97,32.42,1318800.0,43147126.0,13:14:48
300931,通用电梯,10.85,-0.39,-3.47,10.85,10.86,11.24,11.25,11.26,10.71,5098800.0,55595520.0,13:14:48
300932,三友联众,13.98,0.05,0.359,13.96,13.99,13.93,13.9,14.54,13.79,12897171.0,181898038.0,13:14:48
300933,中辰股份,9.39,0.23,2.511,9.39,9.4,9.16,9.2,9.82,9.15,38100211.0,363607744.0,13:14:48
300935,盈建科,39.04,-1.43,-3.533,39.04,39.1,40.47,39.39,40.2,37.8,3093820.0,119490587.0,13:14:48
300936,中英科技,42.34,0.5,1.195,42.33,42.36,41.84,41.9,43.68,41.65,2752422.0,116915937.0,13:14:48
300937,药易购,38.54,0.95,2.527,38.54,38.55,37.59,36.73,38.56,35.83,6638446.0,243484611.0,13:14:48
300938,信测标准,29.99,-3.92,-11.56,29.98,30.0,33.91,35.65,36.59,29.88,27033247.0,905303783.0,13:14:51
300939,秋田微,38.21,0.01,0.026,38.2,38.21,38.2,38.2,39.1,37.9,3336650.0,128200307.0,13:14:51
300940,南极光,29.1,-0.75,-2.513,29.1,29.12,29.85,29.95,30.27,29.06,4763068.0,139652772.0,13:14:51
300941,创识科技,23.22,-0.6,-2.519,23.21,23.22,23.82,23.97,24.04,23.11,4643483.0,108769237.0,13:14:51
300942,易瑞生物,10.97,0.66,6.402,10.97,10.99,10.31,10.45,11.07,10.44,15606539.0,167014584.0,13:14:51
300943,春晖智控,28.81,-1.89,-6.156,28.8,28.81,30.7,29.47,30.48,28.06,19235461.0,562727962.0,13:14:51
300945,曼卡龙,19.83,1.51,8.242,19.81,19.84,18.32,18.72,21.1,18.58,38136146.0,750668601.0,13:14:51
300946,恒而达,50.77,-4.91,-8.818,50.76,50.77,55.68,55.68,55.82,50.7,3612080.0,190325382.0,13:14:51
300947,德必集团,19.25,-2.17,-10.131,19.25,19.26,21.42,20.3,20.62,18.9,9871508.0,193452015.0,13:14:51
300948,冠中生态,26.37,0.1,0.381,26.37,26.39,26.27,26.1,27.4,26.09,6976521.0,185654905.0,13:14:51
300949,奥雅股份,44.48,-0.35,-0.781,44.47,44.48,44.83,44.83,45.86,44.32,1016300.0,45788754.0,13:14:51
300950,德固特,25.63,-1.06,-3.972,25.63,25.64,26.69,26.53,26.68,25.43,4604776.0,119065467.0,13:14:48
300951,博硕科技,36.89,-0.66,-1.758,36.88,36.89,37.55,37.57,37.68,36.71,1222923.0,45236396.0,13:14:51
300952,恒辉安防,48.4,-1.9,-3.777,48.39,48.4,50.3,51.81,51.99,47.35,8444899.0,413370316.0,13:14:51
300953,震裕科技,171.68,-8.32,-4.622,171.61,171.69,180.0,179.72,182.82,170.9,4458632.0,779295513.0,13:14:51
300955,嘉亨家化,38.28,-1.78,-4.443,38.28,38.29,40.06,40.48,40.48,38.28,2519900.0,98160819.0,13:14:51
300956,英力股份,17.9,-0.42,-2.293,17.89,17.9,18.32,18.32,18.35,17.87,5355913.0,96641480.0,13:14:51
300957,贝泰妮,43.01,0.01,0.023,43.0,43.01,43.0,43.0,43.34,42.71,3823133.0,164354728.0,13:14:51
300958,建工修复,13.66,-0.14,-1.014,13.66,13.67,13.8,13.8,13.9,13.5,2560373.0,34939481.0,13:14:30
300959,线上线下,94.62,-1.67,-1.734,94.62,94.66,96.29,96.29,99.09,94.58,2833104.0,273708546.0,13:14:51
300960,通业科技,25.82,-0.47,-1.788,25.83,25.84,26.29,26.38,26.4,25.8,1069691.0,27873601.0,13:14:51
300961,深水海纳,14.87,-0.1,-0.668,14.87,14.88,14.97,14.98,15.05,14.76,2816095.0,41879102.0,13:14:42
300962,中金辐照,17.62,0.05,0.285,17.62,17.63,17.57,17.6,17.8,17.49,3547500.0,62520851.0,13:14:51
300963,中洲特材,21.11,-0.59,-2.719,21.11,21.13,21.7,21.68,21.98,21.09,13107592.0,282367729.0,13:14:51
300964,本川智能,62.88,-0.72,-1.132,62.88,62.9,63.6,63.6,64.02,62.03,2708678.0,170506307.0,13:14:51
300965,恒宇信通,63.7,-1.9,-2.896,63.62,63.7,65.6,65.0,65.48,63.5,749814.0,48203343.0,13:14:48
300966,共同药业,21.81,0.23,1.066,21.8,21.81,21.58,21.6,22.02,21.45,2047100.0,44449480.0,13:14:48
300967,晓鸣股份,20.47,0.38,1.891,20.45,20.47,20.09,20.09,20.75,19.81,7463719.0,151277330.0,13:14:51
300968,格林精密,14.84,-0.46,-3.007,14.83,14.85,15.3,15.34,15.34,14.83,6755900.0,101402325.0,13:14:51
300969,恒帅股份,137.15,-8.05,-5.544,137.2,137.33,145.2,144.29,148.88,136.0,2302165.0,323593612.0,13:14:51
300970,华绿生物,22.3,-0.06,-0.268,22.3,22.31,22.36,22.36,22.66,21.7,4404900.0,97328545.0,13:14:51
300971,博亚精工,26.12,-0.77,-2.864,26.11,26.12,26.89,27.41,27.85,26.1,4639340.0,123999215.0,13:14:48
300972,万辰集团,223.59,4.09,1.863,223.52,223.85,219.5,220.0,228.3,214.57,1943691.0,426931995.0,13:14:51
300973,立高食品,46.72,0.16,0.344,46.66,46.72,46.56,46.29,46.78,45.53,1588900.0,73289821.0,13:14:48
300975,商络电子,13.91,-0.38,-2.659,13.91,13.92,14.29,14.29,14.43,13.9,18485768.0,260874800.0,13:14:51
300976,达瑞电子,65.89,0.42,0.642,65.9,65.95,65.47,65.34,66.93,64.5,2200982.0,144626098.0,13:14:51
300977,深圳瑞捷,24.18,0.98,4.224,24.18,24.19,23.2,23.34,25.36,23.34,4599852.0,112974742.0,13:14:48
300978,东箭科技,12.65,-0.39,-2.991,12.65,12.66,13.04,13.05,13.17,12.65,10570548.0,135425085.0,13:14:51
300979,华利集团,49.22,0.14,0.285,49.22,49.23,49.08,49.11,49.47,48.75,2194849.0,107907328.0,13:14:42
300980,祥源新材,36.74,-2.16,-5.553,36.74,36.75,38.9,38.3,38.95,36.35,7128083.0,265619413.0,13:14:51
300981,中红医疗,13.72,0.3,2.235,13.73,13.75,13.42,13.57,13.83,13.4,4419700.0,59942946.0,13:14:51
300982,苏文电能,21.72,-0.74,-3.295,21.71,21.72,22.46,22.6,22.65,21.7,4285100.0,94666759.0,13:14:51
300983,尤安设计,26.32,-0.76,-2.806,26.32,26.33,27.08,27.0,27.45,26.21,786189.0,20943662.0,13:14:51
300984,金沃股份,76.25,-4.86,-5.992,76.23,76.25,81.11,81.2,81.99,76.2,2471274.0,193003816.0,13:14:51
300985,致远新能,20.5,-0.2,-0.966,20.49,20.5,20.7,20.69,20.8,20.25,2260560.0,46350136.0,13:14:51
300986,志特新材,41.25,1.41,3.539,41.25,41.26,39.84,42.0,44.33,40.32,43609511.0,1845623140.0,13:14:51
300987,川网传媒,20.31,-0.81,-3.835,20.31,20.32,21.12,21.15,21.26,20.23,8274551.0,171053934.0,13:14:51
300988,津荣天宇,26.69,-0.67,-2.449,26.68,26.69,27.36,27.3,27.33,26.3,3518320.0,93626746.0,13:14:51
300989,蕾奥规划,16.05,-0.35,-2.134,16.04,16.05,16.4,16.39,16.48,16.0,3717050.0,60139313.0,13:14:48
300990,同飞股份,86.37,-2.17,-2.451,86.36,86.5,88.54,88.1,89.48,85.78,2205888.0,192761672.0,13:14:51
300991,创益通,40.15,-1.64,-3.924,40.12,40.15,41.79,42.0,42.01,39.68,2563900.0,103616269.0,13:14:51
300992,泰福泵业,32.73,-0.55,-1.653,32.72,32.73,33.28,33.33,33.7,32.0,3131200.0,102652732.0,13:14:48
300993,玉马科技,15.38,-0.55,-3.453,15.38,15.39,15.93,15.88,15.91,15.38,6638277.0,103147430.0,13:14:51
300994,久祺股份,16.97,-0.38,-2.19,16.96,16.97,17.35,17.38,17.38,16.86,2795876.0,47665359.0,13:14:45
300995,奇德新材,39.84,-2.32,-5.503,39.84,39.85,42.16,42.16,42.24,39.82,2076400.0,84423703.0,13:14:51
300996,普联软件,17.89,-0.47,-2.56,17.88,17.89,18.36,18.5,18.61,17.85,8339339.0,151538655.0,13:14:51
300997,欢乐家,23.9,-0.9,-3.629,23.9,23.91,24.8,24.59,24.81,23.75,8052989.0,194652699.0,13:14:51
300998,宁波方正,24.03,-0.41,-1.678,24.03,24.04,24.44,24.44,24.56,23.85,1930000.0,46568683.0,13:14:51
300999,金龙鱼,30.18,0.36,1.207,30.18,30.19,29.82,29.85,30.35,29.81,12713740.0,382773980.0,13:14:51
301000,肇民科技,40.53,0.27,0.671,40.53,40.54,40.26,40.47,43.13,40.25,11454008.0,477466425.0,13:14:51
301001,凯淳股份,32.89,-1.33,-3.887,32.88,32.89,34.22,34.17,34.34,32.88,2862948.0,95579709.0,13:14:48
301002,崧盛股份,42.16,-1.23,-2.835,42.16,42.17,43.39,43.89,44.45,41.77,6387107.0,271997404.0,13:14:51
301003,江苏博云,48.31,0.31,0.646,48.32,48.33,48.0,48.0,49.29,47.66,1407117.0,68055199.0,13:14:18
301004,嘉益股份,49.98,-1.11,-2.173,49.98,50.03,51.09,51.19,51.2,49.71,687194.0,34448043.0,13:14:45
301005,超捷股份,198.88,-21.1,-9.592,198.82,198.88,219.98,208.78,212.0,196.99,14316373.0,2923257969.0,13:14:51
301006,迈拓股份,18.24,-0.24,-1.299,18.22,18.24,18.48,18.49,18.59,18.05,1491500.0,27277285.0,13:14:51
301007,德迈仕,38.74,-1.85,-4.558,38.74,38.75,40.59,40.5,40.69,38.6,4945731.0,194298621.0,13:14:45
301008,宏昌科技,36.67,-1.58,-4.131,36.67,36.68,38.25,38.8,39.44,36.5,5034499.0,189128296.0,13:14:51
301009,可靠股份,13.62,-0.16,-1.161,13.61,13.62,13.78,13.78,13.8,13.55,2748879.0,37451950.0,13:14:30
301010,晶雪节能,23.49,-0.57,-2.369,23.49,23.5,24.06,24.0,24.06,23.31,2640327.0,62233217.0,13:14:51
301011,华立科技,27.4,-0.75,-2.664,27.4,27.41,28.15,28.22,28.4,27.38,2001700.0,55353928.0,13:14:51
301012,扬电科技,29.39,-0.77,-2.553,29.38,29.39,30.16,30.2,30.48,29.34,7795033.0,233159904.0,13:14:51
301013,利和兴,24.81,-2.56,-9.353,24.81,24.82,27.37,27.0,27.29,24.74,21227563.0,545276277.0,13:14:51
301015,百洋医药,24.54,-0.26,-1.048,24.54,24.58,24.8,24.77,24.99,24.22,4144546.0,101198743.0,13:14:51
301016,雷尔伟,25.49,-1.64,-6.045,25.49,25.5,27.13,27.07,27.07,25.39,5708682.0,148517703.0,13:14:51
301017,漱玉平民,19.2,0.6,3.226,19.2,19.21,18.6,18.12,19.37,17.83,22485973.0,412234141.0,13:14:51
301018,申菱环境,66.43,1.3,1.996,66.43,66.54,65.13,65.0,67.69,64.65,6595091.0,438254673.0,13:14:51
301019,宁波色母,24.77,-0.47,-1.862,24.76,24.77,25.24,25.26,25.46,24.75,1527266.0,38189421.0,13:14:48
301020,密封科技,23.51,-0.34,-1.426,23.51,23.52,23.85,24.0,24.01,23.42,1354048.0,31978852.0,13:14:51
301021,英诺激光,57.47,-1.88,-3.168,57.47,57.52,59.35,59.09,59.58,56.74,5197488.0,299458193.0,13:14:42
301022,海泰科,36.7,-1.0,-2.653,36.67,36.7,37.7,37.6,37.8,36.64,3793681.0,140793188.0,13:14:51
301023,奕帆传动,51.0,-5.52,-9.766,50.99,51.0,56.52,55.5,56.55,50.88,7479870.0,400384736.0,13:14:51
301024,霍普股份,40.29,-1.41,-3.381,40.22,40.29,41.7,41.34,41.5,40.11,1284100.0,52371436.0,13:14:45
301025,读客文化,10.49,-0.26,-2.419,10.48,10.49,10.75,10.76,10.82,10.41,4267200.0,45083774.0,13:14:51
301026,浩通科技,35.7,1.5,4.386,35.68,35.7,34.2,35.23,37.2,35.02,18263539.0,656454202.0,13:14:51
301027,华蓝集团,18.4,-2.04,-9.98,18.4,18.42,20.44,20.18,20.26,18.4,11247200.0,217176922.0,13:14:51
301028,鼎熔岩,15.74,-0.93,-5.579,15.74,15.75,16.67,16.51,16.51,15.68,9892990.0,157721072.0,13:14:51
301029,怡合达,28.78,0.05,0.174,28.78,28.8,28.73,28.99,29.35,28.38,12176600.0,351257393.0,13:14:51
301030,仕净科技,13.62,-0.51,-3.609,13.62,13.63,14.13,14.15,14.24,13.58,6768740.0,93339765.0,13:14:48
301031,中熔电气,147.37,-0.78,-0.526,147.37,147.39,148.15,146.91,149.88,144.1,5533147.0,812910646.0,13:14:48
301032,新柴股份,14.13,0.7,5.212,14.13,14.14,13.43,13.43,14.4,13.28,16250580.0,225231859.0,13:14:51
301033,迈普医学,71.2,-2.91,-3.927,71.2,71.21,74.11,74.45,74.45,71.13,1021650.0,73744457.0,13:14:51
301035,润丰股份,78.47,-1.42,-1.777,78.47,78.6,79.89,79.9,80.4,76.17,2332233.0,182131692.0,13:14:51
301036,双乐股份,33.14,-0.81,-2.386,33.12,33.14,33.95,34.05,34.05,33.12,1329480.0,44517780.0,13:14:45
301037,保立佳,16.16,-0.27,-1.643,16.11,16.16,16.43,16.52,16.58,16.01,2043398.0,33217359.0,13:14:36
301038,深水规院,23.77,-0.86,-3.492,23.76,23.77,24.63,24.53,24.61,23.76,3914549.0,94324193.0,13:14:51
301039,中集车辆,10.09,0.42,4.343,10.09,10.1,9.67,9.62,10.19,9.56,30439106.0,301724115.0,13:14:51
301040,中环海陆,32.62,0.65,2.033,32.58,32.62,31.97,31.92,32.94,31.47,5315800.0,171207911.0,13:14:51
301041,金百泽,28.97,-0.66,-2.227,28.96,28.97,29.63,29.63,29.63,28.7,2965200.0,85920388.0,13:14:33
301042,安联锐视,83.3,-0.79,-0.939,83.3,83.37,84.09,84.5,84.5,82.0,648849.0,53704374.0,13:14:51
301043,绿岛风,69.99,-5.25,-6.978,69.92,69.98,75.24,73.57,73.88,69.28,1913400.0,136678372.0,13:14:51
301045,天禄科技,36.89,-1.45,-3.782,36.87,36.88,38.34,38.35,38.35,36.21,3668509.0,135287198.0,13:14:51
301046,能辉科技,26.6,-0.79,-2.884,26.6,26.61,27.39,27.18,27.58,26.6,3600136.0,97333239.0,13:14:51
301047,义翘神州,79.12,1.35,1.736,78.95,79.13,77.77,77.66,79.95,76.53,1675924.0,130877623.0,13:14:51
301048,金鹰重工,12.06,-0.05,-0.413,12.06,12.07,12.11,12.12,12.18,12.03,3221639.0,38961293.0,13:14:48
301049,超越科技,24.22,0.06,0.248,24.22,24.24,24.16,24.31,24.56,23.77,2017019.0,48675593.0,13:14:51
301050,雷电微力,55.95,-5.38,-8.772,55.95,55.97,61.33,60.13,60.38,55.94,20248586.0,1168371748.0,13:14:51
301051,信濠光电,21.52,-0.08,-0.37,21.51,21.53,21.6,21.54,21.98,21.2,2855176.0,61499870.0,13:14:51
301052,果麦文化,40.66,-1.62,-3.832,40.66,40.67,42.28,42.29,42.66,40.56,5343251.0,221518325.0,13:14:51
301053,远信工业,35.37,-0.63,-1.75,35.32,35.38,36.0,35.97,36.29,35.1,935201.0,33208117.0,13:14:27
301055,张小泉,22.98,-1.46,-5.974,22.93,22.97,24.44,24.63,24.7,22.88,3466750.0,81717806.0,13:14:51
301056,森赫股份,15.31,-0.24,-1.543,15.3,15.32,15.55,15.99,16.06,15.27,2917700.0,45245359.0,13:14:51
301057,汇隆新材,38.38,0.17,0.445,38.36,38.37,38.21,38.21,38.96,37.71,1966271.0,75233149.0,13:14:48
301058,中粮科工,11.67,-0.1,-0.85,11.67,11.68,11.77,11.78,11.78,11.61,7725069.0,90300099.0,13:14:51
301059,金三江,13.86,-0.21,-1.493,13.86,13.87,14.07,14.03,14.08,13.83,3498100.0,48719588.0,13:14:51
301060,兰卫医学,12.09,0.28,2.371,12.08,12.09,11.81,11.95,12.18,11.7,19145020.0,228964703.0,13:14:51
301061,匠心家居,88.14,-1.84,-2.045,88.05,88.3,89.98,90.12,90.12,87.07,839644.0,73978204.0,13:14:51
301062,上海艾录,9.66,0.05,0.52,9.65,9.66,9.61,9.71,10.0,9.57,11074783.0,108844052.0,13:14:51
301063,海锅股份,26.71,-0.47,-1.729,26.71,26.72,27.18,27.28,27.46,26.58,1883800.0,50578336.0,13:14:51
301065,本立科技,23.74,-0.01,-0.042,23.74,23.75,23.75,23.75,23.83,23.35,1503850.0,35537142.0,13:14:51
301066,万事利,22.21,1.25,5.964,22.2,22.21,20.96,22.51,22.96,21.28,14952121.0,329826244.0,13:14:51
301067,显盈科技,35.51,-1.84,-4.926,35.51,35.53,37.35,37.28,37.85,35.51,3299200.0,120442582.0,13:14:51
301068,大地海洋,27.26,-0.46,-1.659,27.24,27.27,27.72,28.0,28.1,27.2,745100.0,20446060.0,13:14:18
301069,凯盛新材,26.61,-0.98,-3.552,26.61,26.62,27.59,27.52,27.57,26.6,14269226.0,385172151.0,13:14:51
301070,开勒股份,58.46,-2.04,-3.372,58.45,58.46,60.5,59.88,60.41,58.41,1168578.0,69326396.0,13:14:51
301071,力量钻石,41.21,0.16,0.39,41.2,41.21,41.05,40.83,42.58,40.31,18435916.0,763888047.0,13:14:51
301072,中捷精工,24.22,-0.43,-1.744,24.21,24.22,24.65,24.68,24.78,23.99,1343562.0,32626270.0,13:14:45
301073,君亭酒店,30.65,0.18,0.591,30.66,30.68,30.47,30.53,31.66,30.41,3287648.0,101741796.0,13:14:51
301075,多瑞医药,68.2,-0.21,-0.307,68.11,68.17,68.41,68.41,70.0,65.13,1298700.0,88034091.0,13:14:51
301076,新瀚新材,46.51,-3.44,-6.887,46.51,46.58,49.95,50.13,50.19,46.27,8930523.0,425905817.0,13:14:51
301077,星华新材,32.56,-1.43,-4.207,32.49,32.56,33.99,33.82,33.95,32.31,3997477.0,131471613.0,13:14:51
301078,孩子王,10.86,-0.24,-2.162,10.86,10.87,11.1,11.31,11.43,10.86,51514586.0,572257568.0,13:14:51
301079,邵阳液压,43.23,-6.82,-13.626,43.23,43.25,50.05,48.8,48.8,42.5,15533531.0,706058482.0,13:14:51
301080,百普赛斯,68.6,7.0,11.364,68.4,68.6,61.6,61.8,71.49,61.8,5061398.0,333106541.0,13:14:51
301081,严牌股份,11.83,-0.21,-1.744,11.83,11.84,12.04,12.17,12.18,11.82,3956797.0,47236019.0,13:14:51
301082,久盛电气,19.57,-0.36,-1.806,19.57,19.58,19.93,19.97,20.12,19.57,5624550.0,111635452.0,13:14:51
301083,百胜智能,20.47,-0.33,-1.587,20.45,20.47,20.8,20.82,20.85,20.34,2382300.0,48924336.0,13:14:09
301085,亚康股份,56.48,0.57,1.019,56.48,56.5,55.91,58.92,60.43,56.15,4021543.0,234917118.0,13:14:48
301086,鸿富瀚,128.8,-0.19,-0.147,128.8,129.29,128.99,131.6,133.79,127.29,1474785.0,191604453.0,13:14:51
301087,可孚医疗,55.48,-0.97,-1.718,55.48,55.5,56.45,56.42,56.42,54.55,2401630.0,132429228.0,13:14:51
301088,戎美股份,16.85,-0.23,-1.347,16.84,16.86,17.08,17.04,17.13,16.65,2644800.0,44539046.0,13:14:51
301089,拓新药业,31.98,1.9,6.316,31.98,32.0,30.08,32.01,32.41,30.9,8725784.0,277495026.0,13:14:51
301090,华润材料,7.83,0.0,0.0,7.82,7.83,7.83,7.8,7.92,7.74,7571726.0,59291328.0,13:14:30
301091,深城交,26.21,-1.09,-3.993,26.21,26.22,27.3,27.25,27.34,26.2,6895644.0,183510432.0,13:14:51
301092,争光股份,39.81,0.24,0.607,39.78,39.81,39.57,39.65,40.97,39.65,2260300.0,90856650.0,13:14:51
301093,华兰股份,81.33,-3.02,-3.58,81.14,81.31,84.35,82.3,84.0,79.1,7686815.0,623320916.0,13:14:51
301095,广立微,77.99,-2.46,-3.058,77.99,78.0,80.45,80.51,80.86,77.45,4620234.0,362817303.0,13:14:51
301096,百诚医药,56.23,-1.62,-2.8,56.23,56.24,57.85,58.75,58.75,55.8,2438399.0,137875501.0,13:14:51
301097,天益医疗,60.54,0.99,1.662,60.39,60.53,59.55,59.48,61.3,58.59,1226304.0,73694505.0,13:14:48
301098,金埔园林,9.68,0.08,0.833,9.68,9.69,9.6,9.65,9.95,9.52,6221050.0,60234687.0,13:14:51
301099,雅创电子,51.85,-0.3,-0.575,51.84,51.85,52.15,52.1,54.18,50.7,6762601.0,353430300.0,13:14:48
301100,风光股份,22.22,-0.1,-0.448,22.22,22.23,22.32,22.33,22.59,22.18,1127600.0,25177430.0,13:14:48
301101,明月镜片,43.15,-1.65,-3.683,43.15,43.16,44.8,44.45,44.65,43.11,4162997.0,181705791.0,13:14:51
301102,兆讯传媒,12.44,-0.28,-2.201,12.43,12.44,12.72,12.65,12.97,12.37,7390509.0,92949971.0,13:14:48
301103,何氏眼科,21.47,-0.2,-0.923,21.47,21.52,21.67,21.65,21.7,21.28,1823204.0,39090989.0,13:14:33
301105,鸿铭股份,52.65,-0.25,-0.473,52.42,52.66,52.9,52.9,54.11,52.16,1092000.0,58155511.0,13:14:51
301106,骏成科技,32.93,-0.21,-0.634,32.93,32.94,33.14,33.14,33.3,32.61,823900.0,27082120.0,13:14:51
301107,瑜欣电子,30.98,-0.17,-0.546,30.98,31.0,31.15,31.21,31.52,30.84,2026138.0,63298490.0,13:14:51
301108,洁雅股份,36.23,-0.1,-0.275,36.23,36.26,36.33,36.21,36.98,35.96,1403907.0,51178177.0,13:14:48
301109,军信股份,15.82,-0.06,-0.378,15.82,15.83,15.88,15.9,16.06,15.65,6430672.0,101641614.0,13:14:51
301110,青木科技,77.44,-1.78,-2.247,77.43,77.45,79.22,79.57,81.7,77.1,3314288.0,262643688.0,13:14:51
301111,粤万年青,24.06,2.25,10.316,24.05,24.06,21.81,22.0,24.5,21.9,18811218.0,435962274.0,13:14:51
301112,信邦智能,40.31,-1.67,-3.978,40.3,40.31,41.98,41.79,42.46,40.3,1794100.0,73553818.0,13:14:51
301113,雅艺科技,26.36,0.3,1.151,26.35,26.36,26.06,26.25,27.63,26.09,2235403.0,59762863.0,13:14:42
301115,联检科技,18.89,0.14,0.747,18.89,18.9,18.75,18.75,19.01,18.54,4234700.0,79588996.0,13:14:51
301116,益客食品,11.66,0.13,1.127,11.66,11.67,11.53,11.53,11.86,11.48,5716103.0,66632980.0,13:14:42
301117,佳缘科技,62.0,-5.79,-8.541,62.0,62.18,67.79,67.79,67.8,61.51,10502096.0,672043112.0,13:14:51
301118,恒光股份,27.62,0.07,0.254,27.62,27.64,27.55,27.45,28.28,27.31,3302857.0,91728688.0,13:14:51
301119,正强股份,53.49,-1.68,-3.045,53.44,53.48,55.17,55.16,55.18,52.94,1700747.0,91260506.0,13:14:48
301120,新特电气,20.67,-0.19,-0.911,20.67,20.68,20.86,21.17,21.6,20.53,19528954.0,415360258.0,13:14:51
301121,紫建电子,40.77,-1.63,-3.844,40.76,40.78,42.4,42.43,42.7,40.75,2127860.0,88103611.0,13:14:48
301122,采纳股份,30.04,-0.69,-2.245,30.01,30.04,30.73,30.66,30.73,29.77,1577214.0,47519973.0,13:14:51
301123,奕东电子,64.13,-0.41,-0.635,64.13,64.14,64.54,64.55,65.86,63.66,7794168.0,504848429.0,13:14:51
301125,腾亚精工,20.39,-2.08,-9.257,20.39,20.4,22.47,22.65,22.66,20.25,7199892.0,150954186.0,13:14:51
301126,达嘉维康,13.86,-0.49,-3.415,13.86,13.87,14.35,14.23,14.32,13.78,10989867.0,153266561.0,13:14:51
301127,武汉天源,18.18,0.34,1.906,18.18,18.2,17.84,17.92,18.45,17.8,14947316.0,271634620.0,13:14:51
301128,强瑞技术,109.45,-9.35,-7.87,109.44,109.49,118.8,115.0,116.43,108.0,6439187.0,714895724.0,13:14:51
301129,瑞纳智能,26.5,-0.53,-1.961,26.47,26.5,27.03,27.08,27.21,26.43,1101600.0,29386074.0,13:14:48
301130,西点药业,31.69,0.05,0.158,31.67,31.68,31.64,31.5,31.89,31.23,1030196.0,32479054.0,13:14:48
301131,聚赛龙,48.61,-1.71,-3.398,48.61,48.64,50.32,50.5,50.7,48.56,1340614.0,65999127.0,13:14:48
301132,满坤科技,37.31,-0.27,-0.718,37.32,37.39,37.58,37.46,37.73,36.67,2887200.0,106975535.0,13:14:51
301133,金钟股份,41.42,-0.28,-0.671,41.42,41.45,41.7,41.5,42.8,41.1,2679694.0,112574669.0,13:14:48
301135,瑞德智能,30.43,-0.37,-1.201,30.42,30.43,30.8,30.95,30.96,30.27,1361600.0,41554372.0,13:14:36
301136,招标股份,17.98,-1.26,-6.549,17.97,17.98,19.24,19.01,19.05,17.97,10347289.0,190646464.0,13:14:51
301137,哈焊华通,54.28,-2.65,-4.655,54.27,54.28,56.93,56.04,56.74,54.2,7090976.0,393325441.0,13:14:51
301138,华研精机,42.18,-2.8,-6.225,42.17,42.19,44.98,44.03,45.0,42.15,5024811.0,217708972.0,13:14:51
301139,元道通信,20.14,-0.25,-1.226,20.13,20.14,20.39,20.38,20.57,20.03,2593700.0,52456257.0,13:14:45
301141,中科磁业,60.97,0.17,0.28,60.92,60.97,60.8,60.81,62.59,60.22,4680119.0,287407650.0,13:14:48
301148,嘉戎技术,54.0,1.33,2.525,53.95,54.01,52.67,52.66,54.4,52.66,1772462.0,94520024.0,13:14:51
301149,隆华新材,13.09,-0.71,-5.145,13.09,13.1,13.8,13.98,14.04,12.9,41901242.0,559907601.0,13:14:51
301150,中一科技,44.74,-1.65,-3.557,44.73,44.74,46.39,48.07,48.15,44.27,7913424.0,358924540.0,13:14:51
301151,冠龙节能,20.11,-0.16,-0.789,20.11,20.12,20.27,20.37,20.38,20.05,1307351.0,26349238.0,13:14:39
301152,天力锂能,32.77,-0.63,-1.886,32.77,32.78,33.4,33.63,33.94,32.72,4316100.0,142761626.0,13:14:51
301153,中科江南,23.98,-1.09,-4.348,23.98,23.99,25.07,25.14,25.29,23.98,6746248.0,165210890.0,13:14:51
301155,海力风电,86.19,-2.54,-2.863,86.18,86.2,88.73,88.88,88.88,86.07,2123796.0,184554232.0,13:14:51
301156,美农生物,19.66,0.11,0.563,19.66,19.67,19.55,19.55,19.78,19.45,1996330.0,39215518.0,13:14:39
301157,华塑科技,55.59,0.26,0.47,55.59,55.6,55.33,55.33,57.19,55.29,1011005.0,56655981.0,13:14:39
301158,德石股份,24.84,0.48,1.97,24.84,24.85,24.36,24.38,25.18,24.31,8529675.0,211248255.0,13:14:51
301159,三维天地,46.57,-1.51,-3.141,46.57,46.6,48.08,47.58,48.52,46.19,3451095.0,162754856.0,13:14:48
301160,翔楼新材,67.59,-1.93,-2.776,67.58,67.59,69.52,69.58,71.49,67.4,2179021.0,149559904.0,13:14:48
301161,唯万密封,37.78,-1.3,-3.327,37.78,37.79,39.08,39.0,39.93,37.77,2925901.0,112939780.0,13:14:51
301162,国能日新,64.12,-3.18,-4.725,64.1,64.13,67.3,67.09,67.28,64.1,2115428.0,138004528.0,13:14:51
301163,宏德股份,30.79,0.01,0.032,30.79,30.81,30.78,30.78,31.24,30.42,1523700.0,46866162.0,13:14:51
301165,锐捷网络,83.16,6.67,8.72,82.75,83.15,76.49,78.0,84.7,78.0,14188486.0,1168435191.0,13:14:51
301166,优宁维,33.48,0.32,0.965,33.47,33.48,33.16,33.24,33.78,32.84,1247000.0,41350218.0,13:14:51
301167,建研设计,17.92,-0.19,-1.049,17.91,17.92,18.11,18.25,18.27,17.81,1575700.0,28355612.0,13:14:36
301168,通灵股份,44.38,-4.31,-8.852,44.37,44.39,48.69,48.47,48.47,44.38,4554100.0,207709935.0,13:14:51
301169,零点有数,61.68,-2.85,-4.417,61.65,61.71,64.53,64.35,65.78,61.0,2082252.0,130630688.0,13:14:48
301170,锡南科技,30.67,-0.44,-1.414,30.67,30.68,31.11,31.18,31.2,30.43,1077300.0,33106116.0,13:14:51
301171,易点天下,62.55,-3.45,-5.227,62.53,62.55,66.0,66.29,67.28,59.8,55151031.0,3493927164.0,13:14:51
301172,君逸数码,25.73,0.77,3.085,25.72,25.73,24.96,25.58,26.72,25.29,9324921.0,242826252.0,13:14:51
301173,毓恬冠佳,48.62,-0.77,-1.559,48.62,48.63,49.39,49.5,49.59,48.52,569773.0,27846069.0,13:14:33
301175,中科环保,6.37,0.01,0.157,6.37,6.38,6.36,6.38,6.46,6.29,29260106.0,186249626.0,13:14:51
301176,逸豪新材,26.57,-0.14,-0.524,26.56,26.57,26.71,26.48,26.88,26.26,2632888.0,69955976.0,13:14:51
301177,迪阿股份,33.21,0.99,3.073,33.21,33.22,32.22,32.33,34.13,32.3,4472055.0,148484411.0,13:14:51
301178,天亿马,53.27,-0.6,-1.114,53.26,53.27,53.87,53.9,54.98,52.3,1366961.0,72948002.0,13:14:51
301179,泽宇智能,17.69,-0.31,-1.722,17.69,17.7,18.0,18.06,18.13,17.69,3144011.0,56147091.0,13:14:51
301180,万祥科技,18.03,-0.47,-2.541,18.01,18.04,18.5,18.51,18.53,18.0,2972400.0,54058813.0,13:14:51
301181,标榜股份,43.76,-1.64,-3.612,43.75,43.79,45.4,45.05,45.31,43.6,1878700.0,83094925.0,13:14:51
301182,凯旺科技,38.74,-1.54,-3.823,38.73,38.74,40.28,40.51,40.6,38.6,1456600.0,57183983.0,13:14:45
301183,东田微,149.22,2.57,1.752,149.22,149.23,146.65,146.06,151.71,146.01,3475309.0,519242101.0,13:14:48
301185,鸥玛软件,20.45,-0.42,-2.012,20.43,20.45,20.87,20.84,20.92,20.35,3600096.0,74038135.0,13:14:45
301186,超达装备,52.9,-1.19,-2.2,52.76,52.85,54.09,54.1,54.1,52.0,1391900.0,73381275.0,13:14:42
301187,欧圣电气,26.29,-0.69,-2.557,26.28,26.29,26.98,26.6,26.85,26.18,2329540.0,61481821.0,13:14:45
301188,力诺药包,18.91,-0.09,-0.474,18.9,18.91,19.0,18.95,19.44,18.9,5065600.0,96874870.0,13:14:45
301189,奥尼电子,43.88,0.35,0.804,43.87,43.88,43.53,44.61,44.61,43.02,2078100.0,90525887.0,13:14:51
301190,善水科技,24.09,0.21,0.879,24.06,24.09,23.88,24.06,24.26,23.61,2113995.0,50625614.0,13:14:51
301191,菲菱科思,114.59,-5.39,-4.492,114.59,114.65,119.98,119.0,119.42,113.84,2122397.0,246056591.0,13:14:51
301192,泰祥股份,31.1,-0.74,-2.324,31.05,31.06,31.84,32.01,32.01,30.5,1460900.0,45342034.0,13:14:45
301193,家联科技,23.23,-0.53,-2.231,23.23,23.25,23.76,23.78,24.19,23.23,2109500.0,50017798.0,13:14:51
301195,北路智控,35.86,-0.74,-2.022,35.84,35.86,36.6,36.6,36.65,35.78,942949.0,33977836.0,13:14:48
301196,唯科科技,74.9,-4.4,-5.549,74.89,74.9,79.3,79.5,80.98,74.63,3574500.0,273742127.0,13:14:48
301197,工大科雅,21.58,0.04,0.186,21.57,21.58,21.54,21.7,22.2,21.45,3504164.0,76557371.0,13:14:48
301198,喜悦智行,14.74,-0.22,-1.471,14.74,14.76,14.96,14.93,14.93,14.3,3760818.0,54883652.0,13:14:18
301199,迈赫股份,25.48,-0.09,-0.352,25.48,25.49,25.57,25.41,25.86,25.3,3086294.0,78941209.0,13:14:51
301200,大族数控,173.0,3.87,2.288,172.87,173.0,169.13,168.75,175.16,165.33,4692774.0,795592449.0,13:14:51
301201,诚达药业,40.85,-0.33,-0.801,40.8,40.86,41.18,41.47,41.58,40.22,2839680.0,116049502.0,13:14:51
301202,朗威股份,42.49,-1.13,-2.591,42.49,42.5,43.62,43.76,43.88,42.38,1262900.0,54163806.0,13:14:51
301203,国泰环保,35.99,-0.18,-0.498,35.99,36.05,36.17,36.3,36.34,35.8,396500.0,14271038.0,13:14:39
301205,联特科技,207.5,15.8,8.242,207.48,207.5,191.7,191.72,212.01,188.0,11785912.0,2390996274.0,13:14:51
301206,三元生物,28.23,0.48,1.73,28.22,28.23,27.75,27.75,28.26,27.55,2053223.0,57418784.0,13:14:54
301207,华兰疫苗,23.34,3.89,20.0,23.34,0.0,19.45,20.32,23.34,20.27,26115038.0,576328515.0,13:14:54
301208,中亦科技,39.9,-1.1,-2.683,39.9,39.92,41.0,41.2,41.3,39.7,1904360.0,76950725.0,13:14:45
301209,联合化学,114.09,5.24,4.814,114.09,114.29,108.85,109.5,117.38,108.87,2619219.0,299480640.0,13:14:51
301210,金杨精密,38.48,-1.23,-3.097,38.48,38.49,39.71,39.99,40.18,38.48,1848561.0,71898012.0,13:14:51
301211,亨迪药业,13.76,0.79,6.091,13.76,13.77,12.97,13.2,13.87,13.1,16556463.0,223000619.0,13:14:54
301212,联盛化学,31.68,-0.69,-2.132,31.68,31.7,32.37,32.34,32.79,31.52,1136705.0,36304962.0,13:14:51
301213,观想科技,77.04,-7.11,-8.449,77.04,77.14,84.15,83.7,83.7,76.54,3599479.0,285799070.0,13:14:54
301215,中汽股份,7.15,-0.2,-2.721,7.15,7.16,7.35,7.36,7.38,7.14,12894858.0,92976259.0,13:14:54
301216,万凯新材,24.29,0.36,1.504,24.26,24.29,23.93,24.36,24.99,23.72,11148115.0,271716120.0,13:14:54
301217,铜冠铜箔,33.66,-0.26,-0.767,33.65,33.66,33.92,33.67,34.29,33.41,11294637.0,381081451.0,13:14:54
301218,华是科技,33.44,1.79,5.656,33.42,33.44,31.65,31.5,34.48,30.41,17718384.0,584005471.0,13:14:51
301219,腾远钴业,76.84,1.25,1.654,76.88,76.9,75.59,77.12,78.74,75.6,10334247.0,796522295.0,13:14:54
301220,亚香股份,38.04,-1.74,-4.374,38.03,38.04,39.78,39.76,39.76,38.03,2223180.0,85749794.0,13:14:48
301221,光庭信息,59.05,-3.16,-5.08,59.04,59.05,62.21,61.72,62.2,58.8,2878458.0,173779652.0,13:14:54
301222,浙江恒威,30.87,-0.08,-0.258,30.87,30.91,30.95,31.0,31.16,30.71,820200.0,25378014.0,13:14:39
301223,中荣股份,20.05,-0.15,-0.743,20.03,20.05,20.2,20.18,20.3,19.91,1585622.0,31821806.0,13:14:54
301225,恒勃股份,162.75,-3.25,-1.958,162.74,163.25,166.0,165.24,169.85,162.25,1194852.0,197386205.0,13:14:54
301226,祥明智能,32.2,-1.92,-5.627,32.19,32.2,34.12,34.69,34.95,32.18,3124365.0,103500926.0,13:14:51
301227,森鹰窗业,35.86,-0.02,-0.056,35.86,35.87,35.88,35.7,36.68,35.7,1413450.0,51123137.0,13:14:51
301228,实朴检测,41.68,-0.89,-2.091,41.64,41.7,42.57,43.01,43.58,40.82,2526485.0,105750500.0,13:14:33
301229,纽泰格,21.82,-1.05,-4.591,21.81,21.82,22.87,23.0,23.16,21.8,4389795.0,97506931.0,13:14:51
301230,泓博医药,52.44,3.05,6.175,52.41,52.44,49.39,50.3,55.0,48.05,13551854.0,696285478.0,13:14:54
301231,荣信文化,41.41,0.86,2.121,41.41,41.43,40.55,40.58,43.25,39.58,8839999.0,366323151.0,13:14:54
301232,飞沃科技,227.13,2.21,0.983,227.0,227.12,224.92,231.01,247.77,220.31,8148396.0,1912828494.0,13:14:54
301233,盛帮股份,56.61,-0.97,-1.685,56.62,56.65,57.58,57.63,57.92,56.6,684564.0,39082336.0,13:14:45
301234,五洲医疗,40.67,-0.65,-1.573,40.52,40.66,41.32,41.48,41.5,40.1,737130.0,30011523.0,13:14:54
301235,华康洁净,49.15,0.26,0.532,49.03,49.09,48.89,48.89,50.98,47.62,8727550.0,431753520.0,13:14:54
301236,软通动力,51.92,-0.23,-0.441,51.92,51.95,52.15,52.37,54.9,51.9,25975511.0,1380527196.0,13:14:54
301237,和顺科技,68.0,-4.18,-5.791,68.0,68.01,72.18,72.18,72.19,68.0,1476000.0,102517316.0,13:14:54
301238,瑞泰新材,22.02,-0.54,-2.394,22.02,22.03,22.56,22.9,22.97,22.0,11205532.0,250529364.0,13:14:54
301239,普瑞眼科,34.95,-0.12,-0.342,34.95,35.0,35.07,35.08,35.5,34.5,1135800.0,39622812.0,13:14:54
301246,宏源药业,22.5,-0.45,-1.961,22.5,22.51,22.95,22.8,23.07,22.44,8140805.0,184771459.0,13:14:54
301248,杰创智能,52.0,3.74,7.75,51.84,52.0,48.26,48.01,52.22,48.01,10215749.0,517125694.0,13:14:54
301251,威尔高,59.23,2.38,4.186,59.23,59.24,56.85,57.22,59.98,56.36,5995727.0,348770910.0,13:14:54
301252,同星科技,32.7,0.05,0.153,32.68,32.7,32.65,32.78,33.39,32.2,3551468.0,116842487.0,13:14:54
301255,通力科技,29.97,-0.33,-1.089,29.96,29.97,30.3,30.29,31.27,29.94,1335940.0,40481091.0,13:14:54
301256,华融化学,15.83,-1.31,-7.643,15.83,15.84,17.14,17.07,17.07,15.75,19881454.0,323065696.0,13:14:54
301257,普蕊斯,66.75,-1.4,-2.054,66.73,66.77,68.15,68.01,68.18,65.71,1598984.0,106194856.0,13:14:54
301258,富士莱,37.24,0.16,0.431,37.21,37.25,37.08,37.26,37.35,36.63,1198800.0,44333993.0,13:14:51
301259,艾布鲁,33.35,-1.55,-4.441,33.36,33.38,34.9,34.8,34.99,33.35,3290200.0,111883927.0,13:14:54
301260,格力博,17.24,-0.38,-2.157,17.24,17.25,17.62,17.79,17.79,17.21,3272735.0,56783973.0,13:14:48
301261,恒工精密,95.87,-6.91,-6.723,95.87,95.89,102.78,103.81,103.88,95.87,2925441.0,288351074.0,13:14:54
301262,海看股份,26.35,-0.48,-1.789,26.29,26.36,26.83,26.88,27.19,26.2,3518884.0,93052322.0,13:14:48
301263,泰恩康,33.08,0.85,2.637,33.08,33.13,32.23,32.29,33.3,32.02,7070775.0,231483074.0,13:14:51
301265,华新环保,14.64,0.11,0.757,14.62,14.64,14.53,14.63,14.87,14.39,6277100.0,91970169.0,13:14:51
301266,宇邦新材,43.59,-0.89,-2.001,43.57,43.59,44.48,43.6,44.9,42.8,5914408.0,258753432.0,13:14:54
301267,华厦眼科,19.32,0.0,0.0,19.31,19.32,19.32,19.32,19.47,19.06,3959695.0,76076136.0,13:14:54
301268,铭利达,20.92,0.52,2.549,20.89,20.92,20.4,20.52,21.71,20.4,8600461.0,181607910.0,13:14:54
301269,华大九天,111.27,-4.39,-3.796,111.26,111.29,115.66,115.59,116.1,111.18,5081972.0,573057961.0,13:14:54
301270,汉仪股份,40.02,-0.76,-1.864,40.01,40.02,40.78,42.02,42.33,39.81,4762832.0,193107810.0,13:14:51
301272,英华特,42.6,-0.73,-1.685,42.57,42.62,43.33,43.54,43.55,42.27,765499.0,32673589.0,13:14:42
301273,瑞晨环保,29.59,-0.31,-1.037,29.57,29.58,29.9,29.96,30.12,29.32,812300.0,24182419.0,13:14:54
301275,汉朔科技,61.98,-3.56,-5.432,61.98,62.14,65.54,65.3,65.88,61.92,2946020.0,186101599.0,13:14:54
301276,嘉曼服饰,27.95,-0.67,-2.341,27.94,27.96,28.62,28.63,28.8,27.9,1236162.0,34839040.0,13:14:54
301277,新天地,13.12,0.21,1.627,13.1,13.12,12.91,12.96,13.18,12.77,3278066.0,42510569.0,13:14:54
301278,快可电子,37.53,-1.4,-3.596,37.53,37.54,38.93,39.0,39.17,37.45,4733758.0,179570657.0,13:14:54
301279,金道科技,34.14,-0.83,-2.373,34.13,34.19,34.97,35.05,35.47,34.08,1674204.0,58330446.0,13:14:54
301280,珠城科技,60.16,-1.57,-2.543,60.14,60.16,61.73,62.23,63.07,60.07,2048724.0,124708701.0,13:14:48
301281,科源制药,32.84,2.09,6.797,32.84,32.85,30.75,30.29,34.48,29.48,7335839.0,230712582.0,13:14:54
301282,金禄电子,29.97,-0.5,-1.641,29.96,29.98,30.47,30.31,30.47,29.73,3369919.0,101106224.0,13:14:48
301283,聚胶股份,56.06,0.05,0.089,56.04,56.06,56.01,56.33,57.6,55.69,1990262.0,112595649.0,13:14:51
301285,鸿日达,77.82,2.1,2.773,77.82,77.96,75.72,75.5,78.5,74.43,3023369.0,230400079.0,13:14:51
301286,侨源股份,60.23,-2.09,-3.354,60.1,60.23,62.32,62.06,63.03,59.6,4486331.0,273754517.0,13:14:54
301287,康力源,44.52,-1.29,-2.816,44.52,44.57,45.81,45.41,45.5,44.35,1092700.0,48964430.0,13:14:51
301288,*ST清研,20.0,-0.01,-0.05,19.9,20.08,20.01,20.01,20.25,19.83,353300.0,7067796.0,13:14:21
301289,国缆检测,61.52,-0.75,-1.204,61.53,61.56,62.27,62.27,62.65,61.51,805242.0,49883884.0,13:14:48
301290,东星医疗,28.72,-0.1,-0.347,28.72,28.75,28.82,28.92,28.95,28.41,978400.0,28018694.0,13:14:54
301291,明阳电气,48.43,-1.43,-2.868,48.43,48.44,49.86,50.15,50.81,48.38,8366630.0,414583709.0,13:14:54
301292,海科新源,53.65,-1.88,-3.386,53.63,53.66,55.53,55.59,56.57,53.15,8158751.0,445910295.0,13:14:54
301293,三博脑科,77.25,-4.46,-5.458,77.24,77.25,81.71,81.59,81.69,77.0,15419985.0,1214680418.0,13:14:54
301295,美硕科技,36.3,-1.35,-3.586,36.3,36.31,37.65,38.32,39.18,36.25,2621560.0,99954466.0,13:14:54
301296,新巨丰,9.04,-0.05,-0.55,9.04,9.05,9.09,9.11,9.15,9.03,1869150.0,16965730.0,13:14:51
301297,富乐德,38.67,-1.24,-3.107,38.67,38.69,39.91,39.83,39.91,38.57,4905905.0,191284351.0,13:14:54
301298,东利机械,17.03,-0.23,-1.333,17.02,17.03,17.26,17.28,17.39,16.9,1568675.0,26761202.0,13:14:48
301299,卓创资讯,60.1,-0.89,-1.459,60.1,60.18,60.99,60.39,61.45,59.6,1356116.0,81658867.0,13:14:51
301300,远翔新材,46.32,-0.81,-1.719,46.32,46.33,47.13,47.49,47.49,46.06,1050500.0,48929039.0,13:14:54
301301,川宁生物,11.53,0.14,1.229,11.53,11.54,11.39,11.42,11.61,11.25,19204253.0,218853056.0,13:14:54
301302,华如科技,25.04,-1.21,-4.61,25.03,25.04,26.25,26.32,26.47,24.91,5829450.0,148016726.0,13:14:54
301303,真兰仪表,16.55,-0.96,-5.483,16.55,16.56,17.51,17.5,17.58,16.38,15700721.0,265673520.0,13:14:54
301305,朗坤科技,26.88,-0.53,-1.934,26.87,26.88,27.41,27.14,27.5,26.85,4386925.0,118649833.0,13:14:54
301306,西测测试,114.47,-13.78,-10.745,114.55,114.6,128.25,124.67,125.9,113.5,8107701.0,957181156.0,13:14:54
301307,美利信,34.67,-1.55,-4.279,34.67,34.68,36.22,35.78,36.2,34.42,5546300.0,194363187.0,13:14:54
301308,江波龙,362.51,-11.49,-3.072,362.51,362.52,374.0,368.0,379.99,356.22,11640125.0,4251359358.0,13:14:54
301309,万得凯,30.24,-0.22,-0.722,30.23,30.24,30.46,30.48,30.69,30.05,634200.0,19227503.0,13:14:54
301310,鑫宏业,40.58,-1.78,-4.202,40.58,40.59,42.36,42.23,42.29,40.57,1683298.0,69425796.0,13:14:51
301311,昆船智能,19.31,-0.35,-1.78,19.3,19.31,19.66,19.64,19.72,19.28,2434270.0,47355868.0,13:14:51
301312,智立方,71.79,9.78,15.772,71.79,71.8,62.01,64.15,74.2,64.15,10916740.0,760943998.0,13:14:54
301313,凡拓数创,30.69,0.49,1.623,30.69,30.72,30.2,30.35,31.14,29.98,3011500.0,91805647.0,13:14:54
301314,科瑞思,46.45,-0.82,-1.735,46.44,46.45,47.27,47.27,47.33,46.02,540329.0,25179739.0,13:14:54
301315,威士顿,60.91,-2.77,-4.35,60.88,60.91,63.68,63.8,63.8,60.5,3242092.0,200996691.0,13:14:45
301316,慧博云通,47.75,-1.51,-3.065,47.75,47.77,49.26,48.77,49.06,47.5,9390919.0,450798441.0,13:14:54
301317,鑫磊股份,38.53,-2.42,-5.91,38.52,38.53,40.95,40.82,41.09,38.48,4243561.0,167319776.0,13:14:54
301318,维海德,30.45,-0.51,-1.647,30.44,30.45,30.96,30.88,30.98,30.37,1069325.0,32715068.0,13:14:51
301319,唯特偶,51.63,-1.28,-2.419,51.63,51.64,52.91,53.1,53.4,50.5,2284846.0,117408649.0,13:14:24
301320,豪江智能,18.31,-0.19,-1.027,18.29,18.31,18.5,18.56,18.59,18.25,1527600.0,28064168.0,13:14:54
301321,翰博高新,22.25,-1.53,-6.434,22.25,22.26,23.78,23.62,23.62,21.69,9421419.0,210080234.0,13:14:54
301322,绿通科技,29.62,-0.26,-0.87,29.62,29.65,29.88,30.0,30.0,29.26,1833398.0,54413947.0,13:14:39
301323,新莱福,58.9,-1.45,-2.403,58.85,58.9,60.35,61.38,61.5,58.75,1672453.0,99577905.0,13:14:36
301325,曼恩斯特,55.57,-0.6,-1.068,55.56,55.57,56.17,57.77,57.84,55.56,4717562.0,268015876.0,13:14:51
301326,捷邦科技,110.55,5.35,5.086,110.5,110.56,105.2,105.9,112.41,105.8,2074047.0,226689021.0,13:14:51
301327,华宝新能,62.53,-1.61,-2.51,62.53,62.54,64.14,64.23,64.58,62.5,2286388.0,144939328.0,13:14:54
301328,维峰电子,54.46,-1.92,-3.405,54.43,54.46,56.38,56.38,56.38,54.27,2243499.0,123753261.0,13:14:54
301329,信音电子,25.84,-1.09,-4.048,25.81,25.85,26.93,27.71,28.2,25.76,8224093.0,220119402.0,13:14:54
301330,熵基科技,39.38,-2.32,-5.564,39.41,39.48,41.7,41.69,41.7,39.28,8267200.0,331119796.0,13:14:54
301331,恩威医药,30.41,1.08,3.682,30.41,30.42,29.33,29.28,30.98,29.25,1978880.0,59367261.0,13:14:51
301332,德尔玛,9.92,-0.01,-0.101,9.91,9.92,9.93,9.94,10.0,9.89,2935604.0,29185403.0,13:14:45
301333,诺思格,71.4,-2.2,-2.989,71.35,71.48,73.6,73.6,74.2,70.51,2416830.0,172797100.0,13:14:54
301335,天元宠物,30.44,-0.5,-1.616,30.43,30.44,30.94,30.93,31.03,30.17,1589140.0,48438180.0,13:14:48
301336,趣睡科技,55.81,-0.79,-1.396,55.81,55.83,56.6,56.53,56.58,55.5,853700.0,47717079.0,13:14:36
301337,亚华电子,30.6,-0.72,-2.299,30.6,30.61,31.32,31.3,31.32,30.26,2267600.0,69569810.0,13:14:51
301338,凯格精机,121.0,3.23,2.743,120.81,121.0,117.77,117.63,131.6,114.77,6601846.0,809284763.0,13:14:54
301339,通行宝,15.06,-0.39,-2.524,15.06,15.07,15.45,15.5,15.5,15.06,4800920.0,72944010.0,13:14:54
301345,涛涛车业,211.49,-9.16,-4.151,211.49,211.68,220.65,220.66,220.99,210.28,1261999.0,270043876.0,13:14:54
301348,蓝箭电子,33.6,-2.39,-6.641,33.6,33.61,35.99,35.5,37.7,33.37,37967265.0,1342093982.0,13:14:54
301349,信德新材,51.41,-1.68,-3.164,51.41,51.42,53.09,53.23,53.7,51.31,2240596.0,116629175.0,13:14:51
301353,普莱得,29.05,-0.11,-0.377,29.05,29.07,29.16,29.17,29.48,28.71,1199362.0,34780010.0,13:14:54
301355,南王科技,13.61,-0.13,-0.946,13.6,13.61,13.74,13.72,13.86,13.55,4626264.0,63339176.0,13:14:54
301356,天振股份,23.88,-0.16,-0.666,23.87,23.88,24.04,24.8,24.83,23.65,2778881.0,67003601.0,13:14:54
301357,北方长龙,135.06,-4.11,-2.953,135.06,135.07,139.17,139.0,139.0,135.0,1477657.0,200893388.0,13:14:54
301358,湖南裕能,65.79,-2.54,-3.717,65.78,65.79,68.33,68.38,68.39,65.2,19894316.0,1326251205.0,13:14:54
301359,东南电子,21.06,-0.23,-1.08,21.04,21.05,21.29,21.78,21.99,20.92,1373880.0,29137567.0,13:14:48
301360,荣旗科技,86.9,1.02,1.188,86.83,86.94,85.88,90.64,91.92,84.65,3217065.0,285030790.0,13:14:48
301361,众智科技,37.72,0.31,0.829,37.71,37.73,37.41,37.3,38.25,37.25,2891265.0,109664189.0,13:14:51
301362,民爆光电,0.0,0.0,0.0,0.0,0.0,44.98,0.0,0.0,0.0,0.0,0.0,13:14:39
301363,美好医疗,32.66,-1.38,-4.054,32.67,32.69,34.04,34.05,34.46,32.0,13951920.0,464002516.0,13:14:54
301365,矩阵股份,25.07,-0.9,-3.466,25.06,25.07,25.97,26.08,26.14,25.01,2859750.0,72734046.0,13:14:54
301366,一博科技,38.1,-0.43,-1.116,38.1,38.12,38.53,38.5,39.09,37.99,3580486.0,137713803.0,13:14:54
301367,瑞迈特,84.63,-1.11,-1.295,84.49,84.63,85.74,86.35,86.35,83.7,1238400.0,104630422.0,13:14:54
301368,丰立智能,67.7,-3.98,-5.552,67.69,67.7,71.68,71.7,73.0,67.56,5165233.0,359131368.0,13:14:54
301369,联动科技,127.43,-0.72,-0.562,127.28,127.43,128.15,129.69,130.6,125.52,818861.0,104088775.0,13:14:42
301370,国科恒泰,12.15,-0.23,-1.858,12.14,12.15,12.38,12.39,12.39,12.04,5754800.0,69965741.0,13:14:51
301371,敷尔佳,24.78,-0.31,-1.236,24.78,24.81,25.09,25.12,25.12,24.62,1645460.0,40740924.0,13:14:54
301372,科净源,28.49,-0.39,-1.35,28.48,28.49,28.88,29.16,29.16,28.1,1218794.0,34764424.0,13:14:30
301373,凌玮科技,35.06,-0.26,-0.736,35.06,35.07,35.32,35.33,35.82,34.92,1028589.0,36264397.0,13:14:51
301376,致欧科技,19.62,-0.09,-0.457,19.62,19.65,19.71,19.86,19.91,19.41,1629603.0,31989319.0,13:14:51
301377,鼎泰高科,179.01,16.46,10.126,179.01,179.7,162.55,163.1,180.54,160.97,4958062.0,849014826.0,13:14:54
301378,通达海,43.56,1.12,2.639,43.55,43.57,42.44,42.02,45.29,42.02,9096327.0,401755991.0,13:14:54
301379,天山电子,29.55,0.08,0.271,29.54,29.55,29.47,29.36,31.0,29.27,8605196.0,260006151.0,13:14:54
301380,挖金客,38.58,-1.4,-3.502,38.58,38.59,39.98,39.9,40.28,38.55,2903894.0,114311961.0,13:14:54
301381,赛维时代,22.72,-0.86,-3.647,22.72,22.73,23.58,23.58,23.7,22.72,3857924.0,88731245.0,13:14:54
301382,蜂助手,41.07,-0.8,-1.911,41.06,41.08,41.87,42.0,42.95,41.07,16786596.0,705464515.0,13:14:54
301383,天键股份,34.43,-1.41,-3.934,34.43,34.44,35.84,35.73,35.8,34.41,2040320.0,71192225.0,13:14:54
301386,未来电器,26.51,-0.23,-0.86,26.51,26.53,26.74,26.83,26.83,26.45,1738582.0,46253622.0,13:14:51
301387,光大同创,59.02,-1.17,-1.944,59.02,59.05,60.19,60.96,60.96,58.84,1611560.0,95737195.0,13:14:45
301388,欣灵电气,33.92,-0.93,-2.669,33.92,33.95,34.85,34.5,34.83,33.9,2811918.0,96507782.0,13:14:51
301389,隆扬电子,50.46,-0.54,-1.059,50.42,50.48,51.0,51.02,51.48,49.91,2969600.0,149910384.0,13:14:54
301390,经纬股份,37.57,-0.48,-1.261,37.56,37.58,38.05,38.05,38.37,37.36,577300.0,21767142.0,13:14:51
301391,卡莱特,76.21,-1.41,-1.817,76.21,76.22,77.62,77.48,77.8,75.9,856220.0,65514050.0,13:14:51
301392,汇成真空,144.34,-7.54,-4.964,144.43,144.63,151.88,151.0,151.0,144.0,1981817.0,291009851.0,13:14:54
301393,昊帆生物,59.86,5.06,9.234,59.7,59.85,54.8,55.48,62.4,55.48,5735182.0,342312651.0,13:14:54
301395,仁信新材,14.25,0.2,1.423,14.23,14.24,14.05,14.07,14.58,13.99,5441992.0,77615020.0,13:14:48
301396,宏景科技,81.24,2.52,3.201,81.24,81.28,78.72,82.78,85.15,79.7,13918259.0,1155775165.0,13:14:54
301397,溯联股份,33.14,-0.72,-2.126,33.13,33.14,33.86,34.2,34.73,33.0,2676573.0,89855075.0,13:14:51
301398,星源卓镁,63.16,-3.35,-5.037,63.11,63.14,66.51,65.97,65.97,62.86,2034580.0,130803268.0,13:14:54
301399,英特科技,20.3,-0.23,-1.12,20.3,20.31,20.53,20.53,20.65,20.27,2031735.0,41508831.0,13:14:54
301408,华人健康,25.09,1.11,4.629,25.01,25.09,23.98,23.23,25.68,22.6,30969676.0,726871527.0,13:14:54
301413,安培龙,145.13,-5.67,-3.76,145.12,145.18,150.8,153.0,153.5,142.45,4454734.0,648744011.0,13:14:54
301418,协昌科技,39.69,-0.18,-0.451,39.68,39.71,39.87,40.4,40.53,39.43,740186.0,29501042.0,13:14:48
301419,阿莱德,34.85,-0.49,-1.387,34.85,34.86,35.34,35.4,35.66,34.61,1479486.0,51817130.0,13:14:54
301421,波长光电,105.99,-4.64,-4.194,105.95,105.99,110.63,110.41,110.8,105.09,3601471.0,386486286.0,13:14:57
301428,世纪恒通,37.57,0.69,1.871,37.56,37.57,36.88,41.01,42.88,37.24,9317774.0,364351797.0,13:14:54
301429,森泰股份,20.7,-0.07,-0.337,20.7,20.72,20.77,20.87,20.96,20.34,1135100.0,23481498.0,13:14:51
301439,泓淋电力,17.06,-0.1,-0.583,17.05,17.06,17.16,17.13,17.28,16.93,10346415.0,176744421.0,13:14:54
301446,福事特,47.0,6.13,14.999,46.98,47.0,40.87,42.93,48.55,42.02,5100768.0,234585761.0,13:14:54
301448,开创电气,45.33,-2.08,-4.387,45.33,45.34,47.41,47.76,47.79,45.28,1211640.0,55771085.0,13:14:54
301449,天溯计量,82.2,-3.1,-3.634,82.16,82.2,85.3,85.22,85.22,81.96,1974257.0,164285261.0,13:14:57
301456,盘古智能,31.17,-1.06,-3.289,31.15,31.18,32.23,31.93,32.26,31.16,2023246.0,63792714.0,13:14:57
301458,钧崴电子,35.58,-0.37,-1.029,35.58,35.59,35.95,36.18,37.09,35.57,4504593.0,163425189.0,13:14:54
301459,丰茂股份,48.96,-3.46,-6.601,48.95,48.96,52.42,51.94,52.45,48.72,2157109.0,107956452.0,13:14:54
301468,博盈特焊,67.45,1.33,2.011,67.36,67.45,66.12,65.46,71.8,64.68,8183889.0,561820436.0,13:14:54
301469,恒达新材,32.32,-0.28,-0.859,32.29,32.32,32.6,32.58,33.2,32.3,1832943.0,59970184.0,13:14:54
301479,弘景光电,88.87,-3.0,-3.265,88.87,88.91,91.87,92.1,92.28,88.62,797403.0,71536535.0,13:14:54
301486,致尚科技,162.66,0.46,0.284,162.65,162.96,162.2,160.0,166.24,158.11,3148464.0,510247881.0,13:14:54
301487,盟固利,23.54,-0.65,-2.687,23.53,23.54,24.19,24.29,24.42,23.53,13268509.0,316128147.0,13:14:54
301488,豪恩汽电,153.06,-8.37,-5.185,153.05,153.06,161.43,158.48,158.57,153.05,1725185.0,267924600.0,13:14:57
301489,思泉新材,170.42,-2.66,-1.537,170.42,170.51,173.08,171.0,174.5,169.21,1480128.0,252946513.0,13:14:54
301491,汉桑科技,59.61,-0.68,-1.128,59.6,59.66,60.29,60.58,60.58,59.49,693100.0,41444197.0,13:14:48
301498,乖宝宠物,69.84,-1.49,-2.089,69.83,69.85,71.33,71.33,71.86,69.45,2613891.0,183561540.0,13:14:51
301499,维科精密,33.5,-0.96,-2.786,33.5,33.51,34.46,34.0,35.15,33.5,6603947.0,227279773.0,13:14:51
301500,飞南资源,17.5,0.31,1.803,17.5,17.51,17.19,17.61,17.96,17.43,14031843.0,247873077.0,13:14:57
301501,恒鑫生活,45.34,0.16,0.354,45.34,45.36,45.18,45.19,46.3,44.41,2183049.0,98548740.0,13:14:54
301502,华阳智能,47.46,-0.9,-1.861,47.46,47.54,48.36,48.35,48.35,46.59,703543.0,33445114.0,13:14:42
301503,智迪科技,39.52,-0.48,-1.2,39.45,39.6,40.0,40.1,40.33,39.28,633400.0,25157722.0,13:14:54
301505,苏州规划,28.5,2.01,7.588,28.5,28.51,26.49,26.88,30.1,26.88,10914748.0,316461389.0,13:14:57
301507,民生健康,16.34,-0.12,-0.729,16.32,16.35,16.46,16.51,16.51,16.13,5312800.0,86463293.0,13:14:54
301508,中机认检,33.08,-0.39,-1.165,33.08,33.13,33.47,33.58,33.6,33.02,1601134.0,53152116.0,13:14:54
301509,金凯生科,38.01,-0.91,-2.338,38.01,38.07,38.92,38.58,38.58,37.76,3562820.0,135849105.0,13:14:54
301510,固高科技,39.22,0.14,0.358,39.22,39.23,39.08,39.3,41.55,39.15,14162344.0,569140350.0,13:14:57
301511,德福科技,30.64,-0.61,-1.952,30.63,30.64,31.25,31.21,31.43,30.6,11577417.0,357642084.0,13:14:54
301512,智信精密,51.33,0.92,1.825,51.34,51.45,50.41,50.67,52.56,49.86,1519756.0,77870352.0,13:14:54
301515,港通医疗,24.8,-0.01,-0.04,24.8,24.84,24.81,25.01,25.14,24.41,2023630.0,50023112.0,13:14:57
301516,中远通,16.86,-0.19,-1.114,16.86,16.88,17.05,17.12,17.18,16.83,1509700.0,25608736.0,13:14:57
301517,陕西华达,72.59,-7.73,-9.624,72.58,72.59,80.32,79.0,79.0,72.57,11043133.0,833920907.0,13:14:54
301518,长华化学,45.11,0.04,0.089,45.13,45.14,45.07,44.26,46.5,44.01,4129595.0,185682992.0,13:14:54
301519,舜禹股份,14.63,-0.12,-0.814,14.63,14.64,14.75,14.79,14.85,14.5,2007900.0,29439758.0,13:14:54
301520,万邦医药,45.35,-0.54,-1.177,45.28,45.36,45.89,45.9,45.93,44.84,918400.0,41661265.0,13:14:54
301522,上大股份,40.7,-2.55,-5.896,40.7,40.71,43.25,43.21,43.22,40.66,14103616.0,586113515.0,13:14:54
301525,儒竞科技,99.47,8.02,8.77,99.44,99.49,91.45,101.96,106.84,94.29,6117947.0,621039070.0,13:14:54
301526,国际复材,8.12,-0.11,-1.337,8.11,8.12,8.23,8.23,8.46,8.11,123836427.0,1027961923.0,13:14:57
301528,多浦乐,69.89,-3.07,-4.208,69.89,69.94,72.96,72.73,72.73,69.8,1014900.0,71996649.0,13:14:54
301529,福赛科技,154.13,-2.37,-1.514,154.05,154.13,156.5,156.52,160.52,151.68,1906191.0,296175637.0,13:14:27
301533,威马农机,40.21,-0.08,-0.199,40.21,40.24,40.29,40.3,41.0,40.01,1418412.0,57413821.0,13:14:54
301535,浙江华远,26.51,-1.38,-4.948,26.51,26.52,27.89,27.62,28.1,26.3,5451001.0,148498542.0,13:14:57
301536,星宸科技,67.59,-2.2,-3.152,67.6,67.65,69.79,69.61,69.77,66.88,8691825.0,591721909.0,13:14:54
301538,骏鼎达,95.96,-1.13,-1.164,96.0,96.19,97.09,97.55,100.86,95.2,2377128.0,232383864.0,13:14:57
301539,宏鑫科技,22.28,-0.38,-1.677,22.28,22.3,22.66,23.0,23.26,22.26,4167875.0,94934394.0,13:14:54
301548,崇德科技,81.58,13.6,20.006,81.58,0.0,67.98,69.98,81.58,68.88,3094131.0,243483880.0,13:14:36
301550,斯菱智驱,187.02,-6.73,-3.474,187.02,187.39,193.75,193.77,196.0,186.0,4540298.0,860038053.0,13:14:54
301551,无线传媒,35.04,-0.68,-1.904,35.04,35.05,35.72,35.78,36.02,34.94,4688116.0,165620695.0,13:14:57
301552,科力装备,40.44,-0.76,-1.845,40.43,40.45,41.2,41.13,41.52,40.41,1204190.0,49008011.0,13:14:51
301555,惠柏新材,37.56,-0.58,-1.521,37.56,37.57,38.14,38.14,38.19,37.13,1561002.0,58628589.0,13:14:57
301556,托普云农,116.39,-3.34,-2.79,116.38,116.4,119.73,119.9,121.6,116.14,2695116.0,321175259.0,13:14:57
301557,常友科技,113.55,-1.75,-1.518,113.53,113.69,115.3,115.01,116.65,113.5,370500.0,42609043.0,13:14:54
301558,三态股份,8.91,-0.18,-1.98,8.91,8.92,9.09,9.1,9.13,8.88,9595700.0,85953385.0,13:14:54
301559,中集环科,18.2,-0.16,-0.871,18.19,18.2,18.36,18.36,18.38,18.02,4319889.0,78465282.0,13:14:54
301560,众捷汽车,38.4,-0.28,-0.724,38.36,38.38,38.68,38.7,39.58,38.26,1414092.0,54842022.0,13:14:39
301563,云汉芯城,180.21,-6.98,-3.729,180.21,180.59,187.19,185.08,187.66,178.5,1407804.0,257369163.0,13:14:54
301565,中仑新材,26.1,-0.61,-2.284,26.1,26.11,26.71,26.89,27.0,26.05,4640392.0,122078753.0,13:14:54
301566,达利凯普,22.03,-0.85,-3.715,22.02,22.03,22.88,22.76,22.98,21.81,12470279.0,277270869.0,13:14:57
301567,贝隆精密,54.59,-1.57,-2.796,54.59,54.89,56.16,57.0,57.51,51.65,4330304.0,233604695.0,13:14:57
301568,思泰克,53.19,-0.43,-0.802,53.18,53.19,53.62,53.37,54.5,52.7,2482998.0,132985302.0,13:14:51
301571,国科天成,57.51,-2.34,-3.91,57.51,57.53,59.85,59.75,60.27,57.45,3262800.0,190121781.0,13:14:54
301575,艾芬达,53.03,-1.47,-2.697,53.03,53.05,54.5,54.56,54.6,53.02,766329.0,41102585.0,13:14:42
301577,美信科技,61.72,-0.69,-1.106,61.7,61.73,62.41,62.2,62.99,61.4,619237.0,38435530.0,13:14:42
301578,辰奕智能,36.19,-0.65,-1.764,36.19,36.21,36.84,36.87,36.94,36.1,785763.0,28587538.0,13:14:54
301580,爱迪特,55.72,-1.0,-1.763,55.7,55.71,56.72,57.1,57.69,55.17,1788232.0,100008102.0,13:14:54
301581,黄山谷捷,48.84,-1.49,-2.96,48.84,48.85,50.33,50.08,50.1,48.52,1285243.0,63027233.0,13:14:45
301584,建发致新,31.59,0.41,1.315,31.58,31.59,31.18,31.18,31.83,30.93,4187029.0,130959421.0,13:14:57
301585,蓝宇股份,32.17,0.1,0.312,32.17,32.18,32.07,31.9,32.64,31.75,1126050.0,36170470.0,13:14:39
301586,佳力奇,51.68,-1.12,-2.121,51.67,51.68,52.8,52.55,53.96,51.66,1454642.0,76294167.0,13:14:54
301587,中瑞股份,24.83,-1.12,-4.316,24.82,24.83,25.95,25.7,25.7,24.83,4048211.0,101743680.0,13:14:54
301588,美新科技,21.27,0.63,3.052,21.27,21.29,20.64,21.5,21.85,19.97,6748389.0,141563215.0,13:14:54
301589,诺瓦星云,182.68,-7.89,-4.14,182.7,182.72,190.57,189.06,191.2,182.68,1015060.0,188438061.0,13:14:57
301590,优优绿能,212.8,-8.44,-3.815,212.72,212.85,221.24,218.33,220.72,212.71,585379.0,126868084.0,13:14:57
301591,肯特股份,51.36,1.8,3.632,51.29,51.36,49.56,50.59,52.31,50.01,3615189.0,184910120.0,13:14:54
301592,六九一二,127.05,-4.17,-3.178,127.05,127.08,131.22,131.0,131.12,127.05,1001600.0,128372671.0,13:14:54
301595,太力科技,56.57,-5.51,-8.876,56.56,56.64,62.08,59.87,61.0,56.0,5405915.0,315166230.0,13:14:54
301596,瑞迪智驱,77.06,-2.84,-3.554,76.97,77.06,79.9,79.81,81.2,76.9,1009315.0,79042803.0,13:14:57
301598,博科测试,68.52,-2.15,-3.042,68.48,68.52,70.67,70.54,71.15,68.29,740600.0,51222868.0,13:14:42
301600,慧翰股份,127.16,-6.84,-5.104,127.16,127.23,134.0,133.97,134.99,127.1,2188425.0,282351943.0,13:14:54
301601,惠通科技,29.7,0.08,0.27,29.69,29.7,29.62,29.69,30.25,29.55,2151475.0,64088159.0,13:14:57
301602,超研股份,23.52,-0.18,-0.759,23.48,23.52,23.7,23.71,23.86,23.27,2142085.0,50158337.0,13:14:57
301603,乔锋智能,81.86,1.09,1.35,81.85,81.86,80.77,80.09,82.4,80.09,2098984.0,171411685.0,13:14:54
301606,绿联科技,63.51,0.04,0.063,63.51,63.58,63.47,63.49,64.6,62.7,2623010.0,166924628.0,13:14:57
301607,富特科技,49.92,0.72,1.463,49.92,49.94,49.2,49.26,50.77,48.81,4868217.0,243025709.0,13:14:54
301608,博实结,96.03,-1.09,-1.122,96.02,96.07,97.12,97.65,97.75,95.0,558800.0,53685815.0,13:14:54
301609,山大电力,55.44,3.78,7.317,55.3,55.43,51.66,50.91,57.0,50.33,8609450.0,458536870.0,13:14:54
301611,珂玛科技,124.82,-13.58,-9.812,124.82,125.01,138.4,135.0,135.01,119.05,13264957.0,1649983164.0,13:14:54
301613,新铝时代,53.9,0.08,0.149,53.89,53.9,53.82,54.0,56.88,53.82,2328686.0,127708717.0,13:14:54
301616,浙江华业,54.69,-0.03,-0.055,54.69,54.7,54.72,54.59,55.35,54.15,1082903.0,59340255.0,13:14:48
301617,博苑股份,85.4,-4.52,-5.027,85.38,85.4,89.92,91.0,91.0,84.68,2168237.0,187969049.0,13:14:54
301618,长联科技,53.04,-0.11,-0.207,53.04,53.11,53.15,52.99,53.76,52.0,725214.0,38336992.0,13:14:33
301622,英思特,68.29,-1.49,-2.135,68.29,68.3,69.78,70.0,70.27,68.25,1650860.0,114071563.0,13:14:57
301626,苏州天脉,185.95,3.46,1.896,185.34,185.95,182.49,182.48,186.05,178.0,1195914.0,216664685.0,13:14:54
301628,强达电路,97.29,-1.21,-1.228,97.23,97.34,98.5,98.18,98.8,96.6,1363336.0,133206311.0,13:14:54
301629,矽电股份,311.99,-21.31,-6.394,311.79,311.99,333.3,322.0,327.21,309.0,1416618.0,449738626.0,13:14:54
301630,同宇新材,184.0,-3.47,-1.851,184.0,184.12,187.47,187.88,188.41,182.0,359000.0,66218230.0,13:14:51
301631,壹连科技,106.0,-3.13,-2.868,106.0,106.01,109.13,109.82,109.98,105.66,1344545.0,143995364.0,13:14:54
301632,广东建科,25.45,0.33,1.314,25.45,25.46,25.12,25.15,25.99,25.15,4016592.0,102662661.0,13:14:54
301633,港迪技术,72.08,-0.42,-0.579,72.09,72.2,72.5,73.19,74.38,72.03,741116.0,54412130.0,13:14:54
301636,泽润新能,71.95,11.99,19.997,71.95,0.0,59.96,65.0,71.95,60.0,8420020.0,571316915.0,13:14:51
301638,南网数字,22.05,0.01,0.045,22.04,22.05,22.04,21.91,22.43,21.67,19133319.0,421807083.0,13:14:54
301656,联合动力,27.16,-0.74,-2.652,27.15,27.16,27.9,27.93,27.99,27.15,7841609.0,214974891.0,13:14:57
301658,首航新能,32.4,-0.81,-2.439,32.4,32.41,33.21,33.33,33.76,32.39,5935854.0,195803597.0,13:14:54
301662,宏工科技,178.22,0.0,0.0,178.21,178.24,178.22,178.23,189.06,174.0,1964729.0,356383635.0,13:14:54
301665,泰禾股份,32.84,1.6,5.122,32.83,32.84,31.24,31.31,33.86,31.24,7951294.0,262051319.0,13:14:57
301667,纳百川,78.89,-2.31,-2.845,78.87,78.89,81.2,80.77,82.01,78.88,2935274.0,235145956.0,13:14:54
301668,昊创瑞通,55.11,-0.46,-0.828,55.12,55.15,55.57,55.44,56.25,55.1,1390757.0,77524674.0,13:14:54
301678,新恒汇,78.75,-4.87,-5.824,78.76,78.8,83.62,82.67,83.44,78.08,4698423.0,374978626.0,13:14:54
301687,新广益,63.77,0.36,0.568,63.75,63.77,63.41,63.61,64.77,62.57,3765257.0,239831554.0,13:14:54
302132,中航成飞,78.68,-1.92,-2.382,78.68,78.69,80.6,80.65,80.85,78.65,7650498.0,607921591.0,13:14:54
